
These predictions were generated by MoorDyn (v2.3.82025-02-27) on 10-Feb-2026 at 09:55:27.

 
 
 
      Time        FAIRTEN1        FAIRTEN2        FAIRTEN3        FAIRTEN4        FAIRTEN5        FAIRTEN6        ANCHTEN1        ANCHTEN2        ANCHTEN3        ANCHTEN4        ANCHTEN5        ANCHTEN6
       (s)             (N)             (N)             (N)             (N)             (N)             (N)             (N)             (N)             (N)             (N)             (N)             (N)
    0.0000   1.3689488E+07   1.3689488E+07   1.3689488E+07   1.3689488E+07   1.3689488E+07   1.3689488E+07   1.3728324E+07   1.3728324E+07   1.3728324E+07   1.3728324E+07   1.3728324E+07   1.3728324E+07
    0.0100   1.3705260E+07   1.3704652E+07   1.3680386E+07   1.3679633E+07   1.3690467E+07   1.3691829E+07   1.3728323E+07   1.3728323E+07   1.3728323E+07   1.3728323E+07   1.3728323E+07   1.3728323E+07
    0.0200   1.3705251E+07   1.3704612E+07   1.3679603E+07   1.3678839E+07   1.3690218E+07   1.3691622E+07   1.3728323E+07   1.3728323E+07   1.3728323E+07   1.3728323E+07   1.3728323E+07   1.3728323E+07
    0.0300   1.3713633E+07   1.3712648E+07   1.3675043E+07   1.3673919E+07   1.3691466E+07   1.3693577E+07   1.3728342E+07   1.3728341E+07   1.3728312E+07   1.3728311E+07   1.3728324E+07   1.3728326E+07
    0.0400   1.3718724E+07   1.3717474E+07   1.3671392E+07   1.3670056E+07   1.3692327E+07   1.3694912E+07   1.3728583E+07   1.3728573E+07   1.3728171E+07   1.3728159E+07   1.3728338E+07   1.3728360E+07
    0.0500   1.3722179E+07   1.3720705E+07   1.3668916E+07   1.3667484E+07   1.3693738E+07   1.3696644E+07   1.3729748E+07   1.3729692E+07   1.3727486E+07   1.3727417E+07   1.3728403E+07   1.3728526E+07
    0.0600   1.3723260E+07   1.3721623E+07   1.3667553E+07   1.3666157E+07   1.3695319E+07   1.3698353E+07   1.3732928E+07   1.3732748E+07   1.3725599E+07   1.3725378E+07   1.3728585E+07   1.3728986E+07
    0.0700   1.3721992E+07   1.3720260E+07   1.3667549E+07   1.3666323E+07   1.3697179E+07   1.3700137E+07   1.3738918E+07   1.3738499E+07   1.3722013E+07   1.3721507E+07   1.3728966E+07   1.3729891E+07
    0.0800   1.3718210E+07   1.3716465E+07   1.3668960E+07   1.3668039E+07   1.3699119E+07   1.3701785E+07   1.3747613E+07   1.3746839E+07   1.3716743E+07   1.3715829E+07   1.3729622E+07   1.3731311E+07
    0.0900   1.3712052E+07   1.3710383E+07   1.3671798E+07   1.3671302E+07   1.3701033E+07   1.3703199E+07   1.3758011E+07   1.3756793E+07   1.3710326E+07   1.3708936E+07   1.3730629E+07   1.3733237E+07
    0.1000   1.3703816E+07   1.3702313E+07   1.3675976E+07   1.3676000E+07   1.3702764E+07   1.3704243E+07   1.3768633E+07   1.3766930E+07   1.3703587E+07   1.3701735E+07   1.3732056E+07   1.3735610E+07
    0.1100   1.3694031E+07   1.3692782E+07   1.3681284E+07   1.3681887E+07   1.3704138E+07   1.3704783E+07   1.3777965E+07   1.3775787E+07   1.3697388E+07   1.3695167E+07   1.3733957E+07   1.3738357E+07
    0.1200   1.3683441E+07   1.3682520E+07   1.3687384E+07   1.3688577E+07   1.3704990E+07   1.3704718E+07   1.3784727E+07   1.3782127E+07   1.3692471E+07   1.3690040E+07   1.3736356E+07   1.3741387E+07
    0.1300   1.3672865E+07   1.3672330E+07   1.3693885E+07   1.3695629E+07   1.3705167E+07   1.3703958E+07   1.3787970E+07   1.3785037E+07   1.3689411E+07   1.3686978E+07   1.3739219E+07   1.3744585E+07
    0.1400   1.3663027E+07   1.3662921E+07   1.3700435E+07   1.3702646E+07   1.3704552E+07   1.3702447E+07   1.3787079E+07   1.3783933E+07   1.3688618E+07   1.3686415E+07   1.3742450E+07   1.3747799E+07
    0.1500   1.3654373E+07   1.3654729E+07   1.3706820E+07   1.3709386E+07   1.3703056E+07   1.3700134E+07   1.3781760E+07   1.3778545E+07   1.3690351E+07   1.3688617E+07   1.3745885E+07   1.3750834E+07
    0.1600   1.3646980E+07   1.3647832E+07   1.3713010E+07   1.3715815E+07   1.3700643E+07   1.3696986E+07   1.3772021E+07   1.3768900E+07   1.3694727E+07   1.3693686E+07   1.3749297E+07   1.3753459E+07
    0.1700   1.3640585E+07   1.3641976E+07   1.3719148E+07   1.3722087E+07   1.3697317E+07   1.3692987E+07   1.3758163E+07   1.3755310E+07   1.3701721E+07   1.3701567E+07   1.3752407E+07   1.3755415E+07
    0.1800   1.3634675E+07   1.3636661E+07   1.3725492E+07   1.3728491E+07   1.3693127E+07   1.3688143E+07   1.3740750E+07   1.3738345E+07   1.3711175E+07   1.3712055E+07   1.3754907E+07   1.3756432E+07
    0.1900   1.3628634E+07   1.3631284E+07   1.3732339E+07   1.3735360E+07   1.3688163E+07   1.3682492E+07   1.3720559E+07   1.3718784E+07   1.3722814E+07   1.3724815E+07   1.3756469E+07   1.3756244E+07
    0.2000   1.3621853E+07   1.3625247E+07   1.3739957E+07   1.3743000E+07   1.3682540E+07   1.3676103E+07   1.3698496E+07   1.3697523E+07   1.3736282E+07   1.3739429E+07   1.3756779E+07   1.3754605E+07
    0.2100   1.3613832E+07   1.3618056E+07   1.3748542E+07   1.3751640E+07   1.3676391E+07   1.3669069E+07   1.3675481E+07   1.3675477E+07   1.3751198E+07   1.3755450E+07   1.3755550E+07   1.3751302E+07
    0.2200   1.3604226E+07   1.3609365E+07   1.3758187E+07   1.3761399E+07   1.3669855E+07   1.3661504E+07   1.3652346E+07   1.3653466E+07   1.3767196E+07   1.3772458E+07   1.3752549E+07   1.3746167E+07
    0.2300   1.3592874E+07   1.3599005E+07   1.3768882E+07   1.3772284E+07   1.3663066E+07   1.3653533E+07   1.3629747E+07   1.3632135E+07   1.3783973E+07   1.3790106E+07   1.3747611E+07   1.3739092E+07
    0.2400   1.3579805E+07   1.3586992E+07   1.3780510E+07   1.3784183E+07   1.3656148E+07   1.3645288E+07   1.3608120E+07   1.3611910E+07   1.3801300E+07   1.3808138E+07   1.3740659E+07   1.3730032E+07
    0.2500   1.3565213E+07   1.3573503E+07   1.3792867E+07   1.3796887E+07   1.3649206E+07   1.3636895E+07   1.3587681E+07   1.3592997E+07   1.3819019E+07   1.3826385E+07   1.3731706E+07   1.3719023E+07
    0.2600   1.3549437E+07   1.3558855E+07   1.3805675E+07   1.3810109E+07   1.3642331E+07   1.3628479E+07   1.3568461E+07   1.3575417E+07   1.3837018E+07   1.3844742E+07   1.3720861E+07   1.3706181E+07
    0.2700   1.3532905E+07   1.3543454E+07   1.3818622E+07   1.3823515E+07   1.3635592E+07   1.3620150E+07   1.3550367E+07   1.3559058E+07   1.3855203E+07   1.3863130E+07   1.3708322E+07   1.3691704E+07
    0.2800   1.3516075E+07   1.3527735E+07   1.3831384E+07   1.3836764E+07   1.3629046E+07   1.3612005E+07   1.3533236E+07   1.3543740E+07   1.3873467E+07   1.3881467E+07   1.3694372E+07   1.3675869E+07
    0.2900   1.3499382E+07   1.3512115E+07   1.3843670E+07   1.3849544E+07   1.3622724E+07   1.3604118E+07   1.3516897E+07   1.3529263E+07   1.3891666E+07   1.3899637E+07   1.3679361E+07   1.3659024E+07
    0.3000   1.3483176E+07   1.3496926E+07   1.3855243E+07   1.3861601E+07   1.3616653E+07   1.3596544E+07   1.3501207E+07   1.3515454E+07   1.3909604E+07   1.3917476E+07   1.3663689E+07   1.3641570E+07
    0.3100   1.3467700E+07   1.3482403E+07   1.3865942E+07   1.3872763E+07   1.3610838E+07   1.3589315E+07   1.3486079E+07   1.3502189E+07   1.3927034E+07   1.3934767E+07   1.3647793E+07   1.3623951E+07
    0.3200   1.3453065E+07   1.3468651E+07   1.3875688E+07   1.3882944E+07   1.3605279E+07   1.3582437E+07   1.3471493E+07   1.3489407E+07   1.3943664E+07   1.3951243E+07   1.3632120E+07   1.3606627E+07
    0.3300   1.3439278E+07   1.3455679E+07   1.3884468E+07   1.3892130E+07   1.3599966E+07   1.3575903E+07   1.3457487E+07   1.3477106E+07   1.3959173E+07   1.3966608E+07   1.3617110E+07   1.3590057E+07
    0.3400   1.3426254E+07   1.3443403E+07   1.3892332E+07   1.3900376E+07   1.3594874E+07   1.3569680E+07   1.3444143E+07   1.3465325E+07   1.3973232E+07   1.3980553E+07   1.3603181E+07   1.3574677E+07
    0.3500   1.3413861E+07   1.3431700E+07   1.3899359E+07   1.3907764E+07   1.3589977E+07   1.3563732E+07   1.3431558E+07   1.3454128E+07   1.3985535E+07   1.3992789E+07   1.3590703E+07   1.3560880E+07
    0.3600   1.3401958E+07   1.3420435E+07   1.3905641E+07   1.3914393E+07   1.3585229E+07   1.3558000E+07   1.3419822E+07   1.3443570E+07   1.3995823E+07   1.4003068E+07   1.3579988E+07   1.3548995E+07
    0.3700   1.3390431E+07   1.3409503E+07   1.3911259E+07   1.3920345E+07   1.3580590E+07   1.3552432E+07   1.3408986E+07   1.3433681E+07   1.4003905E+07   1.4011212E+07   1.3571274E+07   1.3539273E+07
    0.3800   1.3379213E+07   1.3398841E+07   1.3916267E+07   1.3925675E+07   1.3576001E+07   1.3546964E+07   1.3399050E+07   1.3424445E+07   1.4009678E+07   1.4017127E+07   1.3564712E+07   1.3531868E+07
    0.3900   1.3368298E+07   1.3388451E+07   1.3920693E+07   1.3930410E+07   1.3571406E+07   1.3541537E+07   1.3389953E+07   1.3415799E+07   1.4013133E+07   1.4020811E+07   1.3560360E+07   1.3526838E+07
    0.4000   1.3357743E+07   1.3378388E+07   1.3924524E+07   1.3934527E+07   1.3566744E+07   1.3536095E+07   1.3381580E+07   1.3407635E+07   1.4014357E+07   1.4022352E+07   1.3558181E+07   1.3524132E+07
    0.4100   1.3347645E+07   1.3368754E+07   1.3927728E+07   1.3937989E+07   1.3561959E+07   1.3530590E+07   1.3373779E+07   1.3399817E+07   1.4013516E+07   1.4021919E+07   1.3558038E+07   1.3523597E+07
    0.4200   1.3338133E+07   1.3359674E+07   1.3930251E+07   1.3940730E+07   1.3557000E+07   1.3524980E+07   1.3366381E+07   1.3392204E+07   1.4010847E+07   1.4019742E+07   1.3559702E+07   1.3524983E+07
    0.4300   1.3329328E+07   1.3351269E+07   1.3932037E+07   1.3942688E+07   1.3551831E+07   1.3519239E+07   1.3359234E+07   1.3384675E+07   1.4006629E+07   1.4016091E+07   1.3562858E+07   1.3527954E+07
    0.4400   1.3321328E+07   1.3343636E+07   1.3933046E+07   1.3943815E+07   1.3546419E+07   1.3513342E+07   1.3352218E+07   1.3377149E+07   1.4001166E+07   1.4011255E+07   1.3567122E+07   1.3532102E+07
    0.4500   1.3314181E+07   1.3336822E+07   1.3933252E+07   1.3944083E+07   1.3540756E+07   1.3507285E+07   1.3345270E+07   1.3369602E+07   1.3994768E+07   1.4005519E+07   1.3572050E+07   1.3536966E+07
    0.4600   1.3307878E+07   1.3330817E+07   1.3932665E+07   1.3943500E+07   1.3534841E+07   1.3501066E+07   1.3338388E+07   1.3362076E+07   1.3987726E+07   1.3999149E+07   1.3577165E+07   1.3542054E+07
    0.4700   1.3302338E+07   1.3325545E+07   1.3931322E+07   1.3942111E+07   1.3528693E+07   1.3494698E+07   1.3331632E+07   1.3354670E+07   1.3980310E+07   1.3992381E+07   1.3581974E+07   1.3546864E+07
    0.4800   1.3297427E+07   1.3320872E+07   1.3929297E+07   1.3939996E+07   1.3522333E+07   1.3488189E+07   1.3325113E+07   1.3347535E+07   1.3972752E+07   1.3985416E+07   1.3585994E+07   1.3550908E+07
    0.4900   1.3292965E+07   1.3316623E+07   1.3926680E+07   1.3937257E+07   1.3515796E+07   1.3481560E+07   1.3318972E+07   1.3340846E+07   1.3965249E+07   1.3978416E+07   1.3588774E+07   1.3553734E+07
    0.5000   1.3288747E+07   1.3312598E+07   1.3923579E+07   1.3934016E+07   1.3509114E+07   1.3474827E+07   1.3313358E+07   1.3334779E+07   1.3957964E+07   1.3971514E+07   1.3589919E+07   1.3554948E+07
    0.5100   1.3284570E+07   1.3308600E+07   1.3920105E+07   1.3930393E+07   1.3502317E+07   1.3468000E+07   1.3308398E+07   1.3329489E+07   1.3951026E+07   1.3964813E+07   1.3589106E+07   1.3554227E+07
    0.5200   1.3280256E+07   1.3304454E+07   1.3916359E+07   1.3926501E+07   1.3495427E+07   1.3461087E+07   1.3304180E+07   1.3325080E+07   1.3944535E+07   1.3958397E+07   1.3586103E+07   1.3551341E+07
    0.5300   1.3275667E+07   1.3300027E+07   1.3912422E+07   1.3922429E+07   1.3488455E+07   1.3454088E+07   1.3300731E+07   1.3321590E+07   1.3938570E+07   1.3952335E+07   1.3580776E+07   1.3546153E+07
    0.5400   1.3270723E+07   1.3295244E+07   1.3908351E+07   1.3918237E+07   1.3481404E+07   1.3446996E+07   1.3298008E+07   1.3318980E+07   1.3933188E+07   1.3946683E+07   1.3573098E+07   1.3538631E+07
    0.5500   1.3265408E+07   1.3290090E+07   1.3904174E+07   1.3913955E+07   1.3474256E+07   1.3439794E+07   1.3295896E+07   1.3317136E+07   1.3928425E+07   1.3941489E+07   1.3563144E+07   1.3528840E+07
    0.5600   1.3259763E+07   1.3284607E+07   1.3899895E+07   1.3909580E+07   1.3466987E+07   1.3432457E+07   1.3294219E+07   1.3315871E+07   1.3924296E+07   1.3936787E+07   1.3551087E+07   1.3516944E+07
    0.5700   1.3253881E+07   1.3278890E+07   1.3895489E+07   1.3905083E+07   1.3459561E+07   1.3424957E+07   1.3292753E+07   1.3314950E+07   1.3920793E+07   1.3932595E+07   1.3537185E+07   1.3503186E+07
    0.5800   1.3247898E+07   1.3273072E+07   1.3890917E+07   1.3900416E+07   1.3451934E+07   1.3417261E+07   1.3291248E+07   1.3314103E+07   1.3917880E+07   1.3928909E+07   1.3521766E+07   1.3487883E+07
    0.5900   1.3241965E+07   1.3267306E+07   1.3886127E+07   1.3895514E+07   1.3444060E+07   1.3409332E+07   1.3289453E+07   1.3313057E+07   1.3915493E+07   1.3925697E+07   1.3505208E+07   1.3471399E+07
    0.6000   1.3236248E+07   1.3261756E+07   1.3881069E+07   1.3890317E+07   1.3435895E+07   1.3401139E+07   1.3287143E+07   1.3311560E+07   1.3913532E+07   1.3922898E+07   1.3487918E+07   1.3454136E+07
    0.6100   1.3230898E+07   1.3256570E+07   1.3875685E+07   1.3884757E+07   1.3427399E+07   1.3392655E+07   1.3284136E+07   1.3309401E+07   1.3911867E+07   1.3920413E+07   1.3470315E+07   1.3436504E+07
    0.6200   1.3226051E+07   1.3251885E+07   1.3869934E+07   1.3878785E+07   1.3418546E+07   1.3383861E+07   1.3280315E+07   1.3306433E+07   1.3910337E+07   1.3918110E+07   1.3452801E+07   1.3418910E+07
    0.6300   1.3221814E+07   1.3247806E+07   1.3863784E+07   1.3872361E+07   1.3409313E+07   1.3374744E+07   1.3275635E+07   1.3302582E+07   1.3908757E+07   1.3915829E+07   1.3435750E+07   1.3401731E+07
    0.6400   1.3218264E+07   1.3244408E+07   1.3857209E+07   1.3865456E+07   1.3399700E+07   1.3365309E+07   1.3270131E+07   1.3297854E+07   1.3906924E+07   1.3913383E+07   1.3419485E+07   1.3385303E+07
    0.6500   1.3215450E+07   1.3241738E+07   1.3850198E+07   1.3858056E+07   1.3389715E+07   1.3355568E+07   1.3263916E+07   1.3292334E+07   1.3904627E+07   1.3910572E+07   1.3404270E+07   1.3369907E+07
    0.6600   1.3213395E+07   1.3239819E+07   1.3842743E+07   1.3850155E+07   1.3379383E+07   1.3345546E+07   1.3257169E+07   1.3286182E+07   1.3901660E+07   1.3907189E+07   1.3390297E+07   1.3355755E+07
    0.6700   1.3212100E+07   1.3238651E+07   1.3834845E+07   1.3841754E+07   1.3368739E+07   1.3335280E+07   1.3250130E+07   1.3279617E+07   1.3897826E+07   1.3903034E+07   1.3377682E+07   1.3342987E+07
    0.6800   1.3211551E+07   1.3238215E+07   1.3826509E+07   1.3832861E+07   1.3357829E+07   1.3324813E+07   1.3243079E+07   1.3272909E+07   1.3892955E+07   1.3897923E+07   1.3366466E+07   1.3331667E+07
    0.6900   1.3211719E+07   1.3238481E+07   1.3817739E+07   1.3823486E+07   1.3346701E+07   1.3314192E+07   1.3236324E+07   1.3266357E+07   1.3886904E+07   1.3891697E+07   1.3356614E+07   1.3321788E+07
    0.7000   1.3212574E+07   1.3239416E+07   1.3808540E+07   1.3813638E+07   1.3335415E+07   1.3303475E+07   1.3230183E+07   1.3260279E+07   1.3879569E+07   1.3884229E+07   1.3348026E+07   1.3313270E+07
    0.7100   1.3214078E+07   1.3240980E+07   1.3798916E+07   1.3803326E+07   1.3324035E+07   1.3292722E+07   1.3224969E+07   1.3254992E+07   1.3870887E+07   1.3875430E+07   1.3340540E+07   1.3305975E+07
    0.7200   1.3216193E+07   1.3243131E+07   1.3788871E+07   1.3792561E+07   1.3312623E+07   1.3281994E+07   1.3220975E+07   1.3250796E+07   1.3860835E+07   1.3865251E+07   1.3333951E+07   1.3299714E+07
    0.7300   1.3218872E+07   1.3245820E+07   1.3778416E+07   1.3781359E+07   1.3301245E+07   1.3271354E+07   1.3218460E+07   1.3247965E+07   1.3849433E+07   1.3853685E+07   1.3328017E+07   1.3294261E+07
    0.7400   1.3222066E+07   1.3248995E+07   1.3767564E+07   1.3769739E+07   1.3289959E+07   1.3260855E+07   1.3217638E+07   1.3246729E+07   1.3836743E+07   1.3840765E+07   1.3322476E+07   1.3289362E+07
    0.7500   1.3225715E+07   1.3252595E+07   1.3756343E+07   1.3757736E+07   1.3278823E+07   1.3250551E+07   1.3218670E+07   1.3247267E+07   1.3822858E+07   1.3826564E+07   1.3317060E+07   1.3284756E+07
    0.7600   1.3229751E+07   1.3256551E+07   1.3744783E+07   1.3745385E+07   1.3267882E+07   1.3240480E+07   1.3221653E+07   1.3249699E+07   1.3807907E+07   1.3811189E+07   1.3311510E+07   1.3280182E+07
    0.7700   1.3234096E+07   1.3260788E+07   1.3732939E+07   1.3732747E+07   1.3257174E+07   1.3230675E+07   1.3226617E+07   1.3254074E+07   1.3792042E+07   1.3794778E+07   1.3305588E+07   1.3275396E+07
    0.7800   1.3238666E+07   1.3265222E+07   1.3720868E+07   1.3719886E+07   1.3246722E+07   1.3221148E+07   1.3233522E+07   1.3260373E+07   1.3775438E+07   1.3777495E+07   1.3299091E+07   1.3270183E+07
    0.7900   1.3243370E+07   1.3269768E+07   1.3708648E+07   1.3706883E+07   1.3236532E+07   1.3211899E+07   1.3242254E+07   1.3268502E+07   1.3758285E+07   1.3759526E+07   1.3291859E+07   1.3264370E+07
    0.8000   1.3248119E+07   1.3274342E+07   1.3696362E+07   1.3693827E+07   1.3226601E+07   1.3202914E+07   1.3252630E+07   1.3278295E+07   1.3740784E+07   1.3741075E+07   1.3283783E+07   1.3257826E+07
    0.8100   1.3252825E+07   1.3278861E+07   1.3684105E+07   1.3680814E+07   1.3216898E+07   1.3194153E+07   1.3264398E+07   1.3289516E+07   1.3723143E+07   1.3722362E+07   1.3274811E+07   1.3250473E+07
    0.8200   1.3257412E+07   1.3283259E+07   1.3671975E+07   1.3667946E+07   1.3207385E+07   1.3185567E+07   1.3277245E+07   1.3301865E+07   1.3705573E+07   1.3703613E+07   1.3264942E+07   1.3242283E+07
    0.8300   1.3261807E+07   1.3287473E+07   1.3660074E+07   1.3655323E+07   1.3197999E+07   1.3177085E+07   1.3290810E+07   1.3314989E+07   1.3688288E+07   1.3685061E+07   1.3254226E+07   1.3233274E+07
    0.8400   1.3265967E+07   1.3291467E+07   1.3648500E+07   1.3643041E+07   1.3188669E+07   1.3168628E+07   1.3304688E+07   1.3328494E+07   1.3671495E+07   1.3666942E+07   1.3242760E+07   1.3223507E+07
    0.8500   1.3269852E+07   1.3295212E+07   1.3637349E+07   1.3631194E+07   1.3179309E+07   1.3160105E+07   1.3318457E+07   1.3341961E+07   1.3655395E+07   1.3649485E+07   1.3230672E+07   1.3213079E+07
    0.8600   1.3273448E+07   1.3298704E+07   1.3626707E+07   1.3619863E+07   1.3169831E+07   1.3151420E+07   1.3331687E+07   1.3354965E+07   1.3640178E+07   1.3632910E+07   1.3218117E+07   1.3202106E+07
    0.8700   1.3276753E+07   1.3301949E+07   1.3616654E+07   1.3609123E+07   1.3160142E+07   1.3142477E+07   1.3343961E+07   1.3367090E+07   1.3626017E+07   1.3617423E+07   1.3205257E+07   1.3190722E+07
    0.8800   1.3279780E+07   1.3304970E+07   1.3607256E+07   1.3599034E+07   1.3150157E+07   1.3133189E+07   1.3354896E+07   1.3377957E+07   1.3613067E+07   1.3603205E+07   1.3192258E+07   1.3179059E+07
    0.8900   1.3282545E+07   1.3307790E+07   1.3598572E+07   1.3589651E+07   1.3139797E+07   1.3123474E+07   1.3364161E+07   1.3387233E+07   1.3601460E+07   1.3590416E+07   1.3179266E+07   1.3167239E+07
    0.9000   1.3285075E+07   1.3310441E+07   1.3590649E+07   1.3581014E+07   1.3129000E+07   1.3113270E+07   1.3371492E+07   1.3394654E+07   1.3591302E+07   1.3579180E+07   1.3166407E+07   1.3155366E+07
    0.9100   1.3287389E+07   1.3312947E+07   1.3583524E+07   1.3573156E+07   1.3117719E+07   1.3102529E+07   1.3376703E+07   1.3400036E+07   1.3582668E+07   1.3569590E+07   1.3153771E+07   1.3143516E+07
    0.9200   1.3289506E+07   1.3315329E+07   1.3577225E+07   1.3566104E+07   1.3105930E+07   1.3091227E+07   1.3379699E+07   1.3403282E+07   1.3575607E+07   1.3561699E+07   1.3141409E+07   1.3131733E+07
    0.9300   1.3291432E+07   1.3317596E+07   1.3571769E+07   1.3559875E+07   1.3093630E+07   1.3079361E+07   1.3380477E+07   1.3404392E+07   1.3570132E+07   1.3555525E+07   1.3129333E+07   1.3120026E+07
    0.9400   1.3293166E+07   1.3319745E+07   1.3567167E+07   1.3554479E+07   1.3080842E+07   1.3066951E+07   1.3379126E+07   1.3403453E+07   1.3566229E+07   1.3551044E+07   1.3117512E+07   1.3108371E+07
    0.9500   1.3294694E+07   1.3321759E+07   1.3563418E+07   1.3549921E+07   1.3067607E+07   1.3054039E+07   1.3375823E+07   1.3400643E+07   1.3563854E+07   1.3548200E+07   1.3105878E+07   1.3096712E+07
    0.9600   1.3295992E+07   1.3323612E+07   1.3560520E+07   1.3546201E+07   1.3053990E+07   1.3040688E+07   1.3370818E+07   1.3396213E+07   1.3562934E+07   1.3546902E+07   1.3094332E+07   1.3084969E+07
    0.9700   1.3297027E+07   1.3325266E+07   1.3558454E+07   1.3543308E+07   1.3040070E+07   1.3026977E+07   1.3364423E+07   1.3390475E+07   1.3563375E+07   1.3547033E+07   1.3082756E+07   1.3073046E+07
    0.9800   1.3297763E+07   1.3326678E+07   1.3557205E+07   1.3541234E+07   1.3025944E+07   1.3013000E+07   1.3356996E+07   1.3383786E+07   1.3565063E+07   1.3548453E+07   1.3071018E+07   1.3060838E+07
    0.9900   1.3298157E+07   1.3327799E+07   1.3556744E+07   1.3539957E+07   1.3011713E+07   1.2998857E+07   1.3348916E+07   1.3376525E+07   1.3567866E+07   1.3551003E+07   1.3058988E+07   1.3048243E+07
    1.0000   1.3298170E+07   1.3328582E+07   1.3557041E+07   1.3539458E+07   1.2997486E+07   1.2984657E+07   1.3340570E+07   1.3369074E+07   1.3571646E+07   1.3554517E+07   1.3046547E+07   1.3035172E+07
    1.0100   1.3297766E+07   1.3328984E+07   1.3558064E+07   1.3539709E+07   1.2983372E+07   1.2970508E+07   1.3332329E+07   1.3361801E+07   1.3576253E+07   1.3558824E+07   1.3033599E+07   1.3021557E+07
    1.0200   1.3296914E+07   1.3328967E+07   1.3559774E+07   1.3540683E+07   1.2969474E+07   1.2956513E+07   1.3324531E+07   1.3355038E+07   1.3581541E+07   1.3563753E+07   1.3020081E+07   1.3007362E+07
    1.0300   1.3295593E+07   1.3328501E+07   1.3562140E+07   1.3542351E+07   1.2955888E+07   1.2942768E+07   1.3317464E+07   1.3349066E+07   1.3587363E+07   1.3569142E+07   1.3005968E+07   1.2992587E+07
    1.0400   1.3293790E+07   1.3327570E+07   1.3565123E+07   1.3544684E+07   1.2942696E+07   1.2929356E+07   1.3311358E+07   1.3344104E+07   1.3593581E+07   1.3574843E+07   1.2991281E+07   1.2977272E+07
    1.0500   1.3291504E+07   1.3326165E+07   1.3568697E+07   1.3547657E+07   1.2929969E+07   1.2916349E+07   1.3306370E+07   1.3340299E+07   1.3600066E+07   1.3580724E+07   1.2976088E+07   1.2961501E+07
    1.0600   1.3288740E+07   1.3324287E+07   1.3572834E+07   1.3551244E+07   1.2917755E+07   1.2903797E+07   1.3302584E+07   1.3337721E+07   1.3606705E+07   1.3586672E+07   1.2960503E+07   1.2945399E+07
    1.0700   1.3285517E+07   1.3321953E+07   1.3577514E+07   1.3555429E+07   1.2906086E+07   1.2891735E+07   1.3300005E+07   1.3336362E+07   1.3613403E+07   1.3592602E+07   1.2944683E+07   1.2929127E+07
    1.0800   1.3281854E+07   1.3319181E+07   1.3582726E+07   1.3560198E+07   1.2894977E+07   1.2880178E+07   1.3298567E+07   1.3336143E+07   1.3620085E+07   1.3598454E+07   1.2928822E+07   1.2912878E+07
    1.0900   1.3277784E+07   1.3316004E+07   1.3588462E+07   1.3565542E+07   1.2884420E+07   1.2869120E+07   1.3298133E+07   1.3336911E+07   1.3626699E+07   1.3604194E+07   1.2913139E+07   1.2896867E+07
    1.1000   1.3273338E+07   1.3312453E+07   1.3594729E+07   1.3571464E+07   1.2874390E+07   1.2858539E+07   1.3298510E+07   1.3338460E+07   1.3633219E+07   1.3609820E+07   1.2897871E+07   1.2881319E+07
    1.1100   1.3268552E+07   1.3308567E+07   1.3601530E+07   1.3577965E+07   1.2864848E+07   1.2848397E+07   1.3299455E+07   1.3340536E+07   1.3639641E+07   1.3615357E+07   1.2883258E+07   1.2866462E+07
    1.1200   1.3263462E+07   1.3304387E+07   1.3608886E+07   1.3585060E+07   1.2855740E+07   1.2838641E+07   1.3300693E+07   1.3342853E+07   1.3645992E+07   1.3620855E+07   1.2869531E+07   1.2852508E+07
    1.1300   1.3258102E+07   1.3299949E+07   1.3616817E+07   1.3592763E+07   1.2847001E+07   1.2829208E+07   1.3301930E+07   1.3345109E+07   1.3652321E+07   1.3626394E+07   1.2856898E+07   1.2839646E+07
    1.1400   1.3252502E+07   1.3295291E+07   1.3625349E+07   1.3601094E+07   1.2838563E+07   1.2820029E+07   1.3302866E+07   1.3347001E+07   1.3658704E+07   1.3632072E+07   1.2845532E+07   1.2828028E+07
    1.1500   1.3246688E+07   1.3290442E+07   1.3634515E+07   1.3610081E+07   1.2830349E+07   1.2811029E+07   1.3303212E+07   1.3348240E+07   1.3665236E+07   1.3638009E+07   1.2835559E+07   1.2817758E+07
    1.1600   1.3240678E+07   1.3285426E+07   1.3644344E+07   1.3619749E+07   1.2822293E+07   1.2802140E+07   1.3302703E+07   1.3348563E+07   1.3672033E+07   1.3644337E+07   1.2827052E+07   1.2808887E+07
    1.1700   1.3234482E+07   1.3280260E+07   1.3654873E+07   1.3630129E+07   1.2814323E+07   1.2793289E+07   1.3301111E+07   1.3347751E+07   1.3679227E+07   1.3651201E+07   1.2820021E+07   1.2801407E+07
    1.1800   1.3228098E+07   1.3274946E+07   1.3666134E+07   1.3641251E+07   1.2806386E+07   1.2784422E+07   1.3298253E+07   1.3345631E+07   1.3686961E+07   1.3658750E+07   1.2814413E+07   1.2795246E+07
    1.1900   1.3221521E+07   1.3269483E+07   1.3678160E+07   1.3653144E+07   1.2798433E+07   1.2775487E+07   1.3293998E+07   1.3342088E+07   1.3695384E+07   1.3667132E+07   1.2810112E+07   1.2790273E+07
    1.2000   1.3214726E+07   1.3263849E+07   1.3690981E+07   1.3665839E+07   1.2790431E+07   1.2766449E+07   1.3288274E+07   1.3337068E+07   1.3704645E+07   1.3676492E+07   1.2806940E+07   1.2786300E+07
    1.2100   1.3207684E+07   1.3258019E+07   1.3704622E+07   1.3679361E+07   1.2782364E+07   1.2757289E+07   1.3281066E+07   1.3330575E+07   1.3714893E+07   1.3686964E+07   1.2804670E+07   1.2783090E+07
    1.2200   1.3200357E+07   1.3251956E+07   1.3719105E+07   1.3693735E+07   1.2774227E+07   1.2747999E+07   1.3272414E+07   1.3322673E+07   1.3726267E+07   1.3698670E+07   1.2803031E+07   1.2780369E+07
    1.2300   1.3192698E+07   1.3245612E+07   1.3734447E+07   1.3708979E+07   1.2766034E+07   1.2738589E+07   1.3262412E+07   1.3313475E+07   1.3738891E+07   1.3711713E+07   1.2801724E+07   1.2777838E+07
    1.2400   1.3184656E+07   1.3238936E+07   1.3750657E+07   1.3725106E+07   1.2757811E+07   1.2729081E+07   1.3251193E+07   1.3303141E+07   1.3752873E+07   1.3726176E+07   1.2800435E+07   1.2775184E+07
    1.2500   1.3176177E+07   1.3231874E+07   1.3767738E+07   1.3742126E+07   1.2749593E+07   1.2719509E+07   1.3238926E+07   1.3291857E+07   1.3768299E+07   1.3742118E+07   1.2798851E+07   1.2772102E+07
    1.2600   1.3167210E+07   1.3224370E+07   1.3785685E+07   1.3760038E+07   1.2741428E+07   1.2709915E+07   1.3225801E+07   1.3279834E+07   1.3785232E+07   1.3759573E+07   1.2796680E+07   1.2768305E+07
    1.2700   1.3157708E+07   1.3216376E+07   1.3804488E+07   1.3778837E+07   1.2733369E+07   1.2700352E+07   1.3212019E+07   1.3267287E+07   1.3803703E+07   1.3778550E+07   1.2793659E+07   1.2763543E+07
    1.2800   1.3147633E+07   1.3207848E+07   1.3824123E+07   1.3798506E+07   1.2725469E+07   1.2690872E+07   1.3197779E+07   1.3254426E+07   1.3823719E+07   1.3799033E+07   1.2789574E+07   1.2757613E+07
    1.2900   1.3136958E+07   1.3198757E+07   1.3844567E+07   1.3819024E+07   1.2717784E+07   1.2681529E+07   1.3183269E+07   1.3241446E+07   1.3845256E+07   1.3820977E+07   1.2784269E+07   1.2750371E+07
    1.3000   1.3125674E+07   1.3189086E+07   1.3865782E+07   1.3840359E+07   1.2710366E+07   1.2672377E+07   1.3168652E+07   1.3228510E+07   1.3868258E+07   1.3844315E+07   1.2777656E+07   1.2741741E+07
    1.3100   1.3113782E+07   1.3178835E+07   1.3887728E+07   1.3862472E+07   1.2703256E+07   1.2663460E+07   1.3154064E+07   1.3215751E+07   1.3892646E+07   1.3868958E+07   1.2769719E+07   1.2731720E+07
    1.3200   1.3101310E+07   1.3168024E+07   1.3910355E+07   1.3885313E+07   1.2696495E+07   1.2654823E+07   1.3139605E+07   1.3203259E+07   1.3918309E+07   1.3894797E+07   1.2760519E+07   1.2720378E+07
    1.3300   1.3088296E+07   1.3156688E+07   1.3933610E+07   1.3908832E+07   1.2690107E+07   1.2646493E+07   1.3125338E+07   1.3191082E+07   1.3945117E+07   1.3921703E+07   1.2750185E+07   1.2707856E+07
    1.3400   1.3074804E+07   1.3144887E+07   1.3957434E+07   1.3932963E+07   1.2684109E+07   1.2638496E+07   1.3111290E+07   1.3179228E+07   1.3972920E+07   1.3949536E+07   1.2738915E+07   1.2694360E+07
    1.3500   1.3060905E+07   1.3132688E+07   1.3981763E+07   1.3957643E+07   1.2678504E+07   1.2630841E+07   1.3097451E+07   1.3167665E+07   1.4001549E+07   1.3978145E+07   1.2726964E+07   1.2680153E+07
    1.3600   1.3046696E+07   1.3120185E+07   1.4006534E+07   1.3982800E+07   1.2673287E+07   1.2623532E+07   1.3083786E+07   1.3156333E+07   1.4030827E+07   1.4007369E+07   1.2714630E+07   1.2665540E+07
    1.3700   1.3032274E+07   1.3107469E+07   1.4031679E+07   1.4008364E+07   1.2668441E+07   1.2616561E+07   1.3070237E+07   1.3145145E+07   1.4060568E+07   1.4037047E+07   1.2702242E+07   1.2650855E+07
    1.3800   1.3017751E+07   1.3094652E+07   1.4057132E+07   1.4034258E+07   1.2663943E+07   1.2609915E+07   1.3056733E+07   1.3134002E+07   1.4090588E+07   1.4067016E+07   1.2690143E+07   1.2636446E+07
    1.3900   1.3003240E+07   1.3081844E+07   1.4082829E+07   1.4060413E+07   1.2659763E+07   1.2603574E+07   1.3043200E+07   1.3122802E+07   1.4120703E+07   1.4097117E+07   1.2678671E+07   1.2622656E+07
    1.4000   1.2988850E+07   1.3069151E+07   1.4108706E+07   1.4086758E+07   1.2655864E+07   1.2597511E+07   1.3029568E+07   1.3111449E+07   1.4150739E+07   1.4127196E+07   1.2668148E+07   1.2609809E+07
    1.4100   1.2974693E+07   1.3056685E+07   1.4134705E+07   1.4113225E+07   1.2652216E+07   1.2591705E+07   1.3015783E+07   1.3099864E+07   1.4180532E+07   1.4157112E+07   1.2658856E+07   1.2598195E+07
    1.4200   1.2960862E+07   1.3044536E+07   1.4160771E+07   1.4139754E+07   1.2648781E+07   1.2586125E+07   1.3001813E+07   1.3087996E+07   1.4209939E+07   1.4186733E+07   1.2651030E+07   1.2588052E+07
    1.4300   1.2947451E+07   1.3032797E+07   1.4186856E+07   1.4166290E+07   1.2645529E+07   1.2580750E+07   1.2987653E+07   1.3075823E+07   1.4238834E+07   1.4215946E+07   1.2644844E+07   1.2579562E+07
    1.4400   1.2934527E+07   1.3021533E+07   1.4212913E+07   1.4192780E+07   1.2642434E+07   1.2575561E+07   1.2973331E+07   1.3063362E+07   1.4267114E+07   1.4244652E+07   1.2640405E+07   1.2572836E+07
    1.4500   1.2922149E+07   1.3010804E+07   1.4238907E+07   1.4219187E+07   1.2639476E+07   1.2570542E+07   1.2958908E+07   1.3050667E+07   1.4294703E+07   1.4272774E+07   1.2637743E+07   1.2567914E+07
    1.4600   1.2910353E+07   1.3000642E+07   1.4264804E+07   1.4245473E+07   1.2636644E+07   1.2565686E+07   1.2944476E+07   1.3037830E+07   1.4321550E+07   1.4300254E+07   1.2636817E+07   1.2564760E+07
    1.4700   1.2899162E+07   1.2991071E+07   1.4290575E+07   1.4271609E+07   1.2633932E+07   1.2560991E+07   1.2930159E+07   1.3024977E+07   1.4347632E+07   1.4327055E+07   1.2637513E+07   1.2563271E+07
    1.4800   1.2888576E+07   1.2982087E+07   1.4316204E+07   1.4297578E+07   1.2631346E+07   1.2556461E+07   1.2916101E+07   1.3012265E+07   1.4372953E+07   1.4353165E+07   1.2639652E+07   1.2563276E+07
    1.4900   1.2878584E+07   1.2973679E+07   1.4341669E+07   1.4323359E+07   1.2628893E+07   1.2552108E+07   1.2902465E+07   1.2999868E+07   1.4397540E+07   1.4378588E+07   1.2643000E+07   1.2564549E+07
    1.5000   1.2869155E+07   1.2965816E+07   1.4366963E+07   1.4348947E+07   1.2626591E+07   1.2547945E+07   1.2889420E+07   1.2987974E+07   1.4421446E+07   1.4403352E+07   1.2647279E+07   1.2566819E+07
    1.5100   1.2860251E+07   1.2958457E+07   1.4392075E+07   1.4374337E+07   1.2624460E+07   1.2543992E+07   1.2877135E+07   1.2976769E+07   1.4444740E+07   1.4427503E+07   1.2652183E+07   1.2569786E+07
    1.5200   1.2851824E+07   1.2951553E+07   1.4417002E+07   1.4399528E+07   1.2622519E+07   1.2540264E+07   1.2865763E+07   1.2966430E+07   1.4467512E+07   1.4451100E+07   1.2657390E+07   1.2573135E+07
    1.5300   1.2843821E+07   1.2945050E+07   1.4441746E+07   1.4424526E+07   1.2620791E+07   1.2536783E+07   1.2855440E+07   1.2957113E+07   1.4489861E+07   1.4474220E+07   1.2662582E+07   1.2576550E+07
    1.5400   1.2836186E+07   1.2938892E+07   1.4466308E+07   1.4449335E+07   1.2619293E+07   1.2533561E+07   1.2846267E+07   1.2948942E+07   1.4511895E+07   1.4496946E+07   1.2667457E+07   1.2579730E+07
    1.5500   1.2828869E+07   1.2933027E+07   1.4490693E+07   1.4473965E+07   1.2618037E+07   1.2530607E+07   1.2838310E+07   1.2942004E+07   1.4533724E+07   1.4519372E+07   1.2671744E+07   1.2582404E+07
    1.5600   1.2821820E+07   1.2927408E+07   1.4514909E+07   1.4498426E+07   1.2617031E+07   1.2527926E+07   1.2831593E+07   1.2936338E+07   1.4555459E+07   1.4541592E+07   1.2675218E+07   1.2584340E+07
    1.5700   1.2815004E+07   1.2921998E+07   1.4538962E+07   1.4522725E+07   1.2616269E+07   1.2525511E+07   1.2826090E+07   1.2931938E+07   1.4577202E+07   1.4563701E+07   1.2677704E+07   1.2585358E+07
    1.5800   1.2808392E+07   1.2916771E+07   1.4562858E+07   1.4546872E+07   1.2615743E+07   1.2523350E+07   1.2821735E+07   1.2928744E+07   1.4599049E+07   1.4585791E+07   1.2679087E+07   1.2585336E+07
    1.5900   1.2801970E+07   1.2911714E+07   1.4586607E+07   1.4570872E+07   1.2615427E+07   1.2521418E+07   1.2818414E+07   1.2926654E+07   1.4621081E+07   1.4607946E+07   1.2679316E+07   1.2584211E+07
    1.6000   1.2795740E+07   1.2906830E+07   1.4610208E+07   1.4594725E+07   1.2615292E+07   1.2519684E+07   1.2815976E+07   1.2925519E+07   1.4643364E+07   1.4630241E+07   1.2678401E+07   1.2581982E+07
    1.6100   1.2789714E+07   1.2902135E+07   1.4633667E+07   1.4618434E+07   1.2615295E+07   1.2518107E+07   1.2814241E+07   1.2925158E+07   1.4665948E+07   1.4652738E+07   1.2676412E+07   1.2578706E+07
    1.6200   1.2783924E+07   1.2897661E+07   1.4656977E+07   1.4641987E+07   1.2615390E+07   1.2516643E+07   1.2813004E+07   1.2925362E+07   1.4688859E+07   1.4675482E+07   1.2673472E+07   1.2574490E+07
    1.6300   1.2778409E+07   1.2893452E+07   1.4680134E+07   1.4665374E+07   1.2615523E+07   1.2515240E+07   1.2812053E+07   1.2925913E+07   1.4712109E+07   1.4698505E+07   1.2669744E+07   1.2569489E+07
    1.6400   1.2773224E+07   1.2889563E+07   1.4703125E+07   1.4688577E+07   1.2615635E+07   1.2513843E+07   1.2811176E+07   1.2926587E+07   1.4735685E+07   1.4721815E+07   1.2665429E+07   1.2563888E+07
    1.6500   1.2768429E+07   1.2886057E+07   1.4725933E+07   1.4711574E+07   1.2615673E+07   1.2512405E+07   1.2810177E+07   1.2927174E+07   1.4759555E+07   1.4745406E+07   1.2660743E+07   1.2557895E+07
    1.6600   1.2764093E+07   1.2883003E+07   1.4748537E+07   1.4734336E+07   1.2615581E+07   1.2510872E+07   1.2808883E+07   1.2927489E+07   1.4783669E+07   1.4769246E+07   1.2655911E+07   1.2551728E+07
    1.6700   1.2760285E+07   1.2880473E+07   1.4770910E+07   1.4756828E+07   1.2615310E+07   1.2509204E+07   1.2807159E+07   1.2927382E+07   1.4807959E+07   1.4793289E+07   1.2651152E+07   1.2545599E+07
    1.6800   1.2757074E+07   1.2878535E+07   1.4793023E+07   1.4779018E+07   1.2614822E+07   1.2507366E+07   1.2804917E+07   1.2926748E+07   1.4832340E+07   1.4817466E+07   1.2646667E+07   1.2539710E+07
    1.6900   1.2754528E+07   1.2877256E+07   1.4814839E+07   1.4800863E+07   1.2614083E+07   1.2505331E+07   1.2802121E+07   1.2925538E+07   1.4856715E+07   1.4841690E+07   1.2642626E+07   1.2534233E+07
    1.7000   1.2752704E+07   1.2876693E+07   1.4836322E+07   1.4822323E+07   1.2613080E+07   1.2503091E+07   1.2798790E+07   1.2923758E+07   1.4880976E+07   1.4865862E+07   1.2639165E+07   1.2529310E+07
    1.7100   1.2751654E+07   1.2876895E+07   1.4857431E+07   1.4843353E+07   1.2611805E+07   1.2500642E+07   1.2795002E+07   1.2921474E+07   1.4905007E+07   1.4889866E+07   1.2636375E+07   1.2525043E+07
    1.7200   1.2751416E+07   1.2877897E+07   1.4878126E+07   1.4863913E+07   1.2610269E+07   1.2498001E+07   1.2790891E+07   1.2918810E+07   1.4928688E+07   1.4913578E+07   1.2634300E+07   1.2521490E+07
    1.7300   1.2752018E+07   1.2879723E+07   1.4898363E+07   1.4883959E+07   1.2608495E+07   1.2495194E+07   1.2786640E+07   1.2915943E+07   1.4951897E+07   1.4936868E+07   1.2632941E+07   1.2518667E+07
    1.7400   1.2753476E+07   1.2882386E+07   1.4918102E+07   1.4903451E+07   1.2606519E+07   1.2492259E+07   1.2782478E+07   1.2913096E+07   1.4974516E+07   1.4959601E+07   1.2632250E+07   1.2516547E+07
    1.7500   1.2755787E+07   1.2885878E+07   1.4937302E+07   1.4922353E+07   1.2604387E+07   1.2489245E+07   1.2778662E+07   1.2910523E+07   1.4996430E+07   1.4981646E+07   1.2632143E+07   1.2515065E+07
    1.7600   1.2758945E+07   1.2890187E+07   1.4955924E+07   1.4940628E+07   1.2602155E+07   1.2486210E+07   1.2775473E+07   1.2908506E+07   1.5017534E+07   1.5002876E+07   1.2632503E+07   1.2514128E+07
    1.7700   1.2762924E+07   1.2895282E+07   1.4973934E+07   1.4958247E+07   1.2599884E+07   1.2483214E+07   1.2773196E+07   1.2907329E+07   1.5037732E+07   1.5023174E+07   1.2633192E+07   1.2513618E+07
    1.7800   1.2767696E+07   1.2901131E+07   1.4991302E+07   1.4975185E+07   1.2597638E+07   1.2480321E+07   1.2772110E+07   1.2907275E+07   1.5056943E+07   1.5042434E+07   1.2634057E+07   1.2513402E+07
    1.7900   1.2773221E+07   1.2907687E+07   1.5008001E+07   1.4991421E+07   1.2595483E+07   1.2477597E+07   1.2772470E+07   1.2908603E+07   1.5075100E+07   1.5060567E+07   1.2634944E+07   1.2513344E+07
    1.8000   1.2779455E+07   1.2914905E+07   1.5024012E+07   1.5006942E+07   1.2593477E+07   1.2475097E+07   1.2774499E+07   1.2911540E+07   1.5092151E+07   1.5077502E+07   1.2635707E+07   1.2513314E+07
    1.8100   1.2786352E+07   1.2922734E+07   1.5039321E+07   1.5021740E+07   1.2591675E+07   1.2472875E+07   1.2778372E+07   1.2916265E+07   1.5108063E+07   1.5093190E+07   1.2636217E+07   1.2513196E+07
    1.8200   1.2793866E+07   1.2931125E+07   1.5053921E+07   1.5035811E+07   1.2590120E+07   1.2470972E+07   1.2784209E+07   1.2922902E+07   1.5122820E+07   1.5107603E+07   1.2636371E+07   1.2512895E+07
    1.8300   1.2801953E+07   1.2940032E+07   1.5067813E+07   1.5049162E+07   1.2588846E+07   1.2469417E+07   1.2792066E+07   1.2931511E+07   1.5136424E+07   1.5120735E+07   1.2636099E+07   1.2512342E+07
    1.8400   1.2810570E+07   1.2949413E+07   1.5081001E+07   1.5061801E+07   1.2587869E+07   1.2468227E+07   1.2801936E+07   1.2942088E+07   1.5148894E+07   1.5132605E+07   1.2635367E+07   1.2511503E+07
    1.8500   1.2819683E+07   1.2959235E+07   1.5093503E+07   1.5073746E+07   1.2587194E+07   1.2467401E+07   1.2813744E+07   1.2954560E+07   1.5160268E+07   1.5143253E+07   1.2634177E+07   1.2510375E+07
    1.8600   1.2829261E+07   1.2969465E+07   1.5105336E+07   1.5085014E+07   1.2586810E+07   1.2466927E+07   1.2827349E+07   1.2968788E+07   1.5170596E+07   1.5152741E+07   1.2632569E+07   1.2508986E+07
    1.8700   1.2839278E+07   1.2980085E+07   1.5116526E+07   1.5095634E+07   1.2586693E+07   1.2466777E+07   1.2842558E+07   1.2984578E+07   1.5179946E+07   1.5161149E+07   1.2630618E+07   1.2507396E+07
    1.8800   1.2849718E+07   1.2991080E+07   1.5127102E+07   1.5105632E+07   1.2586801E+07   1.2466909E+07   1.2859124E+07   1.3001683E+07   1.5188398E+07   1.5168575E+07   1.2628424E+07   1.2505687E+07
    1.8900   1.2860566E+07   1.3002440E+07   1.5137100E+07   1.5115042E+07   1.2587089E+07   1.2467273E+07   1.2876765E+07   1.3019822E+07   1.5196040E+07   1.5175131E+07   1.2626109E+07   1.2503961E+07
    1.9000   1.2871815E+07   1.3014163E+07   1.5146556E+07   1.5123897E+07   1.2587494E+07   1.2467805E+07   1.2895174E+07   1.3038685E+07   1.5202971E+07   1.5180938E+07   1.2623807E+07   1.2502328E+07
    1.9100   1.2883456E+07   1.3026246E+07   1.5155509E+07   1.5132233E+07   1.2587956E+07   1.2468443E+07   1.2914032E+07   1.3057955E+07   1.5209295E+07   1.5186124E+07   1.2621654E+07   1.2500901E+07
    1.9200   1.2895487E+07   1.3038692E+07   1.5163999E+07   1.5140086E+07   1.2588409E+07   1.2469117E+07   1.2933026E+07   1.3077317E+07   1.5215118E+07   1.5190820E+07   1.2619777E+07   1.2499784E+07
    1.9300   1.2907899E+07   1.3051498E+07   1.5172067E+07   1.5147494E+07   1.2588786E+07   1.2469760E+07   1.2951856E+07   1.3096474E+07   1.5220549E+07   1.5195154E+07   1.2618290E+07   1.2499067E+07
    1.9400   1.2920686E+07   1.3064664E+07   1.5179752E+07   1.5154493E+07   1.2589032E+07   1.2470313E+07   1.2970256E+07   1.3115161E+07   1.5225692E+07   1.5199251E+07   1.2617280E+07   1.2498816E+07
    1.9500   1.2933832E+07   1.3078178E+07   1.5187093E+07   1.5161119E+07   1.2589090E+07   1.2470718E+07   1.2988000E+07   1.3133154E+07   1.5230646E+07   1.5203224E+07   1.2616801E+07   1.2499070E+07
    1.9600   1.2947321E+07   1.3092029E+07   1.5194123E+07   1.5167404E+07   1.2588923E+07   1.2470933E+07   1.3004911E+07   1.3150282E+07   1.5235504E+07   1.5207177E+07   1.2616875E+07   1.2499831E+07
    1.9700   1.2961125E+07   1.3106192E+07   1.5200874E+07   1.5173381E+07   1.2588500E+07   1.2470926E+07   1.3020868E+07   1.3166430E+07   1.5240349E+07   1.5211197E+07   1.2617482E+07   1.2501073E+07
    1.9800   1.2975214E+07   1.3120639E+07   1.5207374E+07   1.5179077E+07   1.2587810E+07   1.2470682E+07   1.3035809E+07   1.3181544E+07   1.5245253E+07   1.5215355E+07   1.2618567E+07   1.2502730E+07
    1.9900   1.2989547E+07   1.3135331E+07   1.5213645E+07   1.5184517E+07   1.2586853E+07   1.2470197E+07   1.3049732E+07   1.3195628E+07   1.5250273E+07   1.5219705E+07   1.2620036E+07   1.2504708E+07
    2.0000   1.3004077E+07   1.3150220E+07   1.5219704E+07   1.5189721E+07   1.2585647E+07   1.2469486E+07   1.3062691E+07   1.3208746E+07   1.5255452E+07   1.5224280E+07   1.2621768E+07   1.2506886E+07
    2.0100   1.3018750E+07   1.3165253E+07   1.5225563E+07   1.5194706E+07   1.2584223E+07   1.2468577E+07   1.3074787E+07   1.3221009E+07   1.5260820E+07   1.5229095E+07   1.2623618E+07   1.2509122E+07
    2.0200   1.3033509E+07   1.3180369E+07   1.5231229E+07   1.5199485E+07   1.2582626E+07   1.2467510E+07   1.3086168E+07   1.3232571E+07   1.5266388E+07   1.5234145E+07   1.2625425E+07   1.2511266E+07
    2.0300   1.3048292E+07   1.3195505E+07   1.5236702E+07   1.5204063E+07   1.2580913E+07   1.2466339E+07   1.3097008E+07   1.3243617E+07   1.5272154E+07   1.5239408E+07   1.2627026E+07   1.2513162E+07
    2.0400   1.3063038E+07   1.3210595E+07   1.5241980E+07   1.5208446E+07   1.2579149E+07   1.2465125E+07   1.3107507E+07   1.3254351E+07   1.5278097E+07   1.5244847E+07   1.2628261E+07   1.2514666E+07
    2.0500   1.3077682E+07   1.3225572E+07   1.5247054E+07   1.5212632E+07   1.2577403E+07   1.2463935E+07   1.3117868E+07   1.3264984E+07   1.5284185E+07   1.5250409E+07   1.2628989E+07   1.2515649E+07
    2.0600   1.3092169E+07   1.3240375E+07   1.5251916E+07   1.5216619E+07   1.2575749E+07   1.2462838E+07   1.3128293E+07   1.3275718E+07   1.5290369E+07   1.5256029E+07   1.2629096E+07   1.2516011E+07
    2.0700   1.3106441E+07   1.3254944E+07   1.5256549E+07   1.5220400E+07   1.2574259E+07   1.2461906E+07   1.3138967E+07   1.3286739E+07   1.5296590E+07   1.5261633E+07   1.2628500E+07   1.2515684E+07
    2.0800   1.3120454E+07   1.3269227E+07   1.5260940E+07   1.5223966E+07   1.2573002E+07   1.2461204E+07   1.3150047E+07   1.3298203E+07   1.5302777E+07   1.5267140E+07   1.2627163E+07   1.2514644E+07
    2.0900   1.3134169E+07   1.3283183E+07   1.5265075E+07   1.5227309E+07   1.2572037E+07   1.2460790E+07   1.3161657E+07   1.3310229E+07   1.5308853E+07   1.5272468E+07   1.2625093E+07   1.2512908E+07
    2.1000   1.3147555E+07   1.3296778E+07   1.5268937E+07   1.5230416E+07   1.2571421E+07   1.2460720E+07   1.3173880E+07   1.3322889E+07   1.5314734E+07   1.5277531E+07   1.2622346E+07   1.2510540E+07
    2.1100   1.3160592E+07   1.3309988E+07   1.5272515E+07   1.5233279E+07   1.2571193E+07   1.2461032E+07   1.3186750E+07   1.3336210E+07   1.5320336E+07   1.5282248E+07   1.2619023E+07   1.2507650E+07
    2.1200   1.3173271E+07   1.3322803E+07   1.5275793E+07   1.5235888E+07   1.2571381E+07   1.2461755E+07   1.3200258E+07   1.3350169E+07   1.5325572E+07   1.5286543E+07   1.2615272E+07   1.2504388E+07
    2.1300   1.3185591E+07   1.3335218E+07   1.5278765E+07   1.5238233E+07   1.2572006E+07   1.2462911E+07   1.3214347E+07   1.3364696E+07   1.5330361E+07   1.5290349E+07   1.2611276E+07   1.2500939E+07
    2.1400   1.3197558E+07   1.3347242E+07   1.5281423E+07   1.5240309E+07   1.2573069E+07   1.2464499E+07   1.3228918E+07   1.3379676E+07   1.5334629E+07   1.5293608E+07   1.2607249E+07   1.2497513E+07
    2.1500   1.3209187E+07   1.3358889E+07   1.5283764E+07   1.5242111E+07   1.2574564E+07   1.2466515E+07   1.3243838E+07   1.3394960E+07   1.5338312E+07   1.5296276E+07   1.2603425E+07   1.2494339E+07
    2.1600   1.3220496E+07   1.3370176E+07   1.5285789E+07   1.5243637E+07   1.2576470E+07   1.2468942E+07   1.3258945E+07   1.3410371E+07   1.5341356E+07   1.5298322E+07   1.2600043E+07   1.2491652E+07
    2.1700   1.3231507E+07   1.3381129E+07   1.5287501E+07   1.5244890E+07   1.2578764E+07   1.2471753E+07   1.3274057E+07   1.3425713E+07   1.5343722E+07   1.5299730E+07   1.2597341E+07   1.2489678E+07
    2.1800   1.3242239E+07   1.3391767E+07   1.5288908E+07   1.5245873E+07   1.2581408E+07   1.2474916E+07   1.3288983E+07   1.3440784E+07   1.5345388E+07   1.5300499E+07   1.2595539E+07   1.2488628E+07
    2.1900   1.3252711E+07   1.3402113E+07   1.5290025E+07   1.5246597E+07   1.2584368E+07   1.2478393E+07   1.3303535E+07   1.3455383E+07   1.5346347E+07   1.5300646E+07   1.2594829E+07   1.2488683E+07
    2.2000   1.3262936E+07   1.3412183E+07   1.5290864E+07   1.5247073E+07   1.2587602E+07   1.2482146E+07   1.3317531E+07   1.3469324E+07   1.5346611E+07   1.5300198E+07   1.2595366E+07   1.2489987E+07
    2.2100   1.3272919E+07   1.3421985E+07   1.5291448E+07   1.5247321E+07   1.2591075E+07   1.2486136E+07   1.3330813E+07   1.3482443E+07   1.5346210E+07   1.5299200E+07   1.2597257E+07   1.2492637E+07
    2.2200   1.3282658E+07   1.3431519E+07   1.5291797E+07   1.5247358E+07   1.2594752E+07   1.2490328E+07   1.3343245E+07   1.3494605E+07   1.5345188E+07   1.5297708E+07   1.2600559E+07   1.2496678E+07
    2.2300   1.3292139E+07   1.3440776E+07   1.5291937E+07   1.5247212E+07   1.2598603E+07   1.2494691E+07   1.3354724E+07   1.3505712E+07   1.5343607E+07   1.5295787E+07   1.2605271E+07   1.2502102E+07
    2.2400   1.3301339E+07   1.3449734E+07   1.5291896E+07   1.5246908E+07   1.2602608E+07   1.2499201E+07   1.3365183E+07   1.3515703E+07   1.5341542E+07   1.5293514E+07   1.2611337E+07   1.2508845E+07
    2.2500   1.3310221E+07   1.3458359E+07   1.5291703E+07   1.5246477E+07   1.2606753E+07   1.2503841E+07   1.3374588E+07   1.3524555E+07   1.5339081E+07   1.5290971E+07   1.2618648E+07   1.2516791E+07
    2.2600   1.3318740E+07   1.3466609E+07   1.5291387E+07   1.5245950E+07   1.2611032E+07   1.2508601E+07   1.3382943E+07   1.3532286E+07   1.5336319E+07   1.5288244E+07   1.2627045E+07   1.2525777E+07
    2.2700   1.3326841E+07   1.3474428E+07   1.5290979E+07   1.5245361E+07   1.2615452E+07   1.2513482E+07   1.3390281E+07   1.3538945E+07   1.5333360E+07   1.5285425E+07   1.2636329E+07   1.2535601E+07
    2.2800   1.3334462E+07   1.3481758E+07   1.5290507E+07   1.5244743E+07   1.2620021E+07   1.2518489E+07   1.3396663E+07   1.3544609E+07   1.5330309E+07   1.5282601E+07   1.2646272E+07   1.2546033E+07
    2.2900   1.3341534E+07   1.3488529E+07   1.5290000E+07   1.5244128E+07   1.2624759E+07   1.2523636E+07   1.3402166E+07   1.3549379E+07   1.5327272E+07   1.5279861E+07   1.2656624E+07   1.2556824E+07
    2.3000   1.3347986E+07   1.3494672E+07   1.5289484E+07   1.5243547E+07   1.2629692E+07   1.2528942E+07   1.3406885E+07   1.3553363E+07   1.5324353E+07   1.5277288E+07   1.2667131E+07   1.2567718E+07
    2.3100   1.3353747E+07   1.3500115E+07   1.5288983E+07   1.5243031E+07   1.2634844E+07   1.2534428E+07   1.3410914E+07   1.3556677E+07   1.5321647E+07   1.5274959E+07   1.2677545E+07   1.2578470E+07
    2.3200   1.3358750E+07   1.3504791E+07   1.5288516E+07   1.5242603E+07   1.2640247E+07   1.2540120E+07   1.3414345E+07   1.3559429E+07   1.5319243E+07   1.5272944E+07   1.2687634E+07   1.2588849E+07
    2.3300   1.3362934E+07   1.3508638E+07   1.5288105E+07   1.5242289E+07   1.2645926E+07   1.2546038E+07   1.3417260E+07   1.3561715E+07   1.5317213E+07   1.5271302E+07   1.2697199E+07   1.2598656E+07
    2.3400   1.3366243E+07   1.3511602E+07   1.5287761E+07   1.5242105E+07   1.2651909E+07   1.2552206E+07   1.3419720E+07   1.3563608E+07   1.5315621E+07   1.5270080E+07   1.2706081E+07   1.2607734E+07
    2.3500   1.3368638E+07   1.3513640E+07   1.5287497E+07   1.5242068E+07   1.2658215E+07   1.2558642E+07   1.3421764E+07   1.3565155E+07   1.5314509E+07   1.5269316E+07   1.2714167E+07   1.2615969E+07
    2.3600   1.3370087E+07   1.3514723E+07   1.5287318E+07   1.5242184E+07   1.2664858E+07   1.2565356E+07   1.3423406E+07   1.3566375E+07   1.5313906E+07   1.5269032E+07   1.2721398E+07   1.2623302E+07
    2.3700   1.3370577E+07   1.3514836E+07   1.5287227E+07   1.5242459E+07   1.2671846E+07   1.2572355E+07   1.3424629E+07   1.3567253E+07   1.5313820E+07   1.5269238E+07   1.2727769E+07   1.2629728E+07
    2.3800   1.3370106E+07   1.3513979E+07   1.5287225E+07   1.5242891E+07   1.2679177E+07   1.2579639E+07   1.3425392E+07   1.3567743E+07   1.5314244E+07   1.5269931E+07   1.2733332E+07   1.2635294E+07
    2.3900   1.3368690E+07   1.3512165E+07   1.5287302E+07   1.5243472E+07   1.2686843E+07   1.2587198E+07   1.3425628E+07   1.3567771E+07   1.5315152E+07   1.5271095E+07   1.2738187E+07   1.2640101E+07
    2.4000   1.3366358E+07   1.3509425E+07   1.5287454E+07   1.5244193E+07   1.2694826E+07   1.2595019E+07   1.3425249E+07   1.3567242E+07   1.5316502E+07   1.5272701E+07   1.2742483E+07   1.2644291E+07
    2.4100   1.3363150E+07   1.3505801E+07   1.5287661E+07   1.5245032E+07   1.2703101E+07   1.2603080E+07   1.3424155E+07   1.3566040E+07   1.5318238E+07   1.5274709E+07   1.2746401E+07   1.2648044E+07
    2.4200   1.3359123E+07   1.3501347E+07   1.5287911E+07   1.5245972E+07   1.2711640E+07   1.2611355E+07   1.3422237E+07   1.3564044E+07   1.5320290E+07   1.5277067E+07   1.2750152E+07   1.2651569E+07
    2.4300   1.3354334E+07   1.3496123E+07   1.5288182E+07   1.5246986E+07   1.2720406E+07   1.2619814E+07   1.3419388E+07   1.3561131E+07   1.5322581E+07   1.5279714E+07   1.2753962E+07   1.2655086E+07
    2.4400   1.3348856E+07   1.3490202E+07   1.5288451E+07   1.5248045E+07   1.2729365E+07   1.2628425E+07   1.3415512E+07   1.3557185E+07   1.5325022E+07   1.5282583E+07   1.2758058E+07   1.2658824E+07
    2.4500   1.3342756E+07   1.3483652E+07   1.5288695E+07   1.5249121E+07   1.2738478E+07   1.2637157E+07   1.3410526E+07   1.3552111E+07   1.5327524E+07   1.5285598E+07   1.2762658E+07   1.2662999E+07
    2.4600   1.3336110E+07   1.3476547E+07   1.5288886E+07   1.5250180E+07   1.2747709E+07   1.2645979E+07   1.3404376E+07   1.3545836E+07   1.5329992E+07   1.5288681E+07   1.2767962E+07   1.2667812E+07
    2.4700   1.3328985E+07   1.3468957E+07   1.5289001E+07   1.5251192E+07   1.2757027E+07   1.2654865E+07   1.3397034E+07   1.3538320E+07   1.5332333E+07   1.5291749E+07   1.2774135E+07   1.2673433E+07
    2.4800   1.3321448E+07   1.3460945E+07   1.5289009E+07   1.5252124E+07   1.2766404E+07   1.2663792E+07   1.3388508E+07   1.3529559E+07   1.5334458E+07   1.5294720E+07   1.2781307E+07   1.2679995E+07
    2.4900   1.3313553E+07   1.3452569E+07   1.5288887E+07   1.5252946E+07   1.2775817E+07   1.2672743E+07   1.3378844E+07   1.3519589E+07   1.5336283E+07   1.5297513E+07   1.2789560E+07   1.2687586E+07
    2.5000   1.3305352E+07   1.3443877E+07   1.5288610E+07   1.5253632E+07   1.2785255E+07   1.2681709E+07   1.3368121E+07   1.3508483E+07   1.5337732E+07   1.5300049E+07   1.2798927E+07   1.2696248E+07
    2.5100   1.3296880E+07   1.3434904E+07   1.5288153E+07   1.5254153E+07   1.2794710E+07   1.2690686E+07   1.3356456E+07   1.3496355E+07   1.5338740E+07   1.5302257E+07   1.2809390E+07   1.2705974E+07
    2.5200   1.3288167E+07   1.3425678E+07   1.5287494E+07   1.5254487E+07   1.2804181E+07   1.2699676E+07   1.3343994E+07   1.3483350E+07   1.5339254E+07   1.5304072E+07   1.2820884E+07   1.2716711E+07
    2.5300   1.3279228E+07   1.3416214E+07   1.5286616E+07   1.5254617E+07   1.2813678E+07   1.2708692E+07   1.3330907E+07   1.3469643E+07   1.5339232E+07   1.5305438E+07   1.2833300E+07   1.2728358E+07
    2.5400   1.3270070E+07   1.3406515E+07   1.5285499E+07   1.5254521E+07   1.2823212E+07   1.2717744E+07   1.3317380E+07   1.3455426E+07   1.5338648E+07   1.5306308E+07   1.2846487E+07   1.2740782E+07
    2.5500   1.3260690E+07   1.3396579E+07   1.5284131E+07   1.5254190E+07   1.2832802E+07   1.2726854E+07   1.3303612E+07   1.3440903E+07   1.5337487E+07   1.5306651E+07   1.2860270E+07   1.2753814E+07
    2.5600   1.3251077E+07   1.3386391E+07   1.5282498E+07   1.5253611E+07   1.2842464E+07   1.2736037E+07   1.3289795E+07   1.3426280E+07   1.5335750E+07   1.5306443E+07   1.2874448E+07   1.2767270E+07
    2.5700   1.3241217E+07   1.3375937E+07   1.5280594E+07   1.5252781E+07   1.2852223E+07   1.2745316E+07   1.3276115E+07   1.3411751E+07   1.5333449E+07   1.5305677E+07   1.2888813E+07   1.2780950E+07
    2.5800   1.3231090E+07   1.3365196E+07   1.5278411E+07   1.5251692E+07   1.2862091E+07   1.2754704E+07   1.3262736E+07   1.3397493E+07   1.5330608E+07   1.5304355E+07   1.2903159E+07   1.2794655E+07
    2.5900   1.3220678E+07   1.3354148E+07   1.5275948E+07   1.5250346E+07   1.2872086E+07   1.2764218E+07   1.3249793E+07   1.3383653E+07   1.5327262E+07   1.5302494E+07   1.2917289E+07   1.2808197E+07
    2.6000   1.3209964E+07   1.3342776E+07   1.5273201E+07   1.5248742E+07   1.2882213E+07   1.2773861E+07   1.3237389E+07   1.3370345E+07   1.5323453E+07   1.5300121E+07   1.2931026E+07   1.2821402E+07
    2.6100   1.3198934E+07   1.3331066E+07   1.5270177E+07   1.5246884E+07   1.2892474E+07   1.2783635E+07   1.3225584E+07   1.3357640E+07   1.5319230E+07   1.5297274E+07   1.2944224E+07   1.2834124E+07
    2.6200   1.3187581E+07   1.3319012E+07   1.5266879E+07   1.5244778E+07   1.2902858E+07   1.2793528E+07   1.3214397E+07   1.3345566E+07   1.5314647E+07   1.5293998E+07   1.2956769E+07   1.2846249E+07
    2.6300   1.3175905E+07   1.3306616E+07   1.5263312E+07   1.5242426E+07   1.2913348E+07   1.2803523E+07   1.3203804E+07   1.3334105E+07   1.5309759E+07   1.5290346E+07   1.2968587E+07   1.2857698E+07
    2.6400   1.3163916E+07   1.3293889E+07   1.5259484E+07   1.5239835E+07   1.2923915E+07   1.2813591E+07   1.3193737E+07   1.3323195E+07   1.5304622E+07   1.5286376E+07   1.2979642E+07   1.2868430E+07
    2.6500   1.3151632E+07   1.3280852E+07   1.5255404E+07   1.5237011E+07   1.2934521E+07   1.2823695E+07   1.3184094E+07   1.3312737E+07   1.5299290E+07   1.5282146E+07   1.2989938E+07   1.2878438E+07
    2.6600   1.3139082E+07   1.3267536E+07   1.5251078E+07   1.5233955E+07   1.2945117E+07   1.2833786E+07   1.3174739E+07   1.3302597E+07   1.5293815E+07   1.5277718E+07   1.2999515E+07   1.2887755E+07
    2.6700   1.3126305E+07   1.3253984E+07   1.5246517E+07   1.5230672E+07   1.2955651E+07   1.2843817E+07   1.3165514E+07   1.3292614E+07   1.5288242E+07   1.5273150E+07   1.3008446E+07   1.2896438E+07
    2.6800   1.3113345E+07   1.3240243E+07   1.5241723E+07   1.5227161E+07   1.2966059E+07   1.2853723E+07   1.3156247E+07   1.3282616E+07   1.5282610E+07   1.5268494E+07   1.3016825E+07   1.2904573E+07
    2.6900   1.3100256E+07   1.3226371E+07   1.5236702E+07   1.5223419E+07   1.2976280E+07   1.2863448E+07   1.3146762E+07   1.3272422E+07   1.5276951E+07   1.5263798E+07   1.3024765E+07   1.2912258E+07
    2.7000   1.3087096E+07   1.3212429E+07   1.5231457E+07   1.5219444E+07   1.2986246E+07   1.2872926E+07   1.3136891E+07   1.3261860E+07   1.5271289E+07   1.5259101E+07   1.3032385E+07   1.2919603E+07
    2.7100   1.3073927E+07   1.3198482E+07   1.5225986E+07   1.5215226E+07   1.2995895E+07   1.2882100E+07   1.3126483E+07   1.3250774E+07   1.5265636E+07   1.5254431E+07   1.3039804E+07   1.2926718E+07
    2.7200   1.3060812E+07   1.3184596E+07   1.5220286E+07   1.5210756E+07   1.3005165E+07   1.2890911E+07   1.3115412E+07   1.3239032E+07   1.5259996E+07   1.5249804E+07   1.3047132E+07   1.2933704E+07
    2.7300   1.3047813E+07   1.3170836E+07   1.5214351E+07   1.5206022E+07   1.3014004E+07   1.2899311E+07   1.3103590E+07   1.3226542E+07   1.5254364E+07   1.5245225E+07   1.3054460E+07   1.2940648E+07
    2.7400   1.3034991E+07   1.3157263E+07   1.5208171E+07   1.5201006E+07   1.3022366E+07   1.2907259E+07   1.3090969E+07   1.3213251E+07   1.5248724E+07   1.5240683E+07   1.3061857E+07   1.2947616E+07
    2.7500   1.3022400E+07   1.3143934E+07   1.5201732E+07   1.5195692E+07   1.3030216E+07   1.2914722E+07   1.3077545E+07   1.3199153E+07   1.5243050E+07   1.5236156E+07   1.3069362E+07   1.2954648E+07
    2.7600   1.3010092E+07   1.3130899E+07   1.5195019E+07   1.5190059E+07   1.3037530E+07   1.2921682E+07   1.3063364E+07   1.3184290E+07   1.5237309E+07   1.5231609E+07   1.3076983E+07   1.2961758E+07
    2.7700   1.2998106E+07   1.3118199E+07   1.5188012E+07   1.5184086E+07   1.3044296E+07   1.2928129E+07   1.3048519E+07   1.3168753E+07   1.5231458E+07   1.5226993E+07   1.3084697E+07   1.2968929E+07
    2.7800   1.2986481E+07   1.3105869E+07   1.5180688E+07   1.5177748E+07   1.3050515E+07   1.2934068E+07   1.3033145E+07   1.3152678E+07   1.5225448E+07   1.5222248E+07   1.3092450E+07   1.2976117E+07
    2.7900   1.2975242E+07   1.3093934E+07   1.5173026E+07   1.5171021E+07   1.3056199E+07   1.2939512E+07   1.3017417E+07   1.3136240E+07   1.5219225E+07   1.5217308E+07   1.3100159E+07   1.2983254E+07
    2.8000   1.2964410E+07   1.3082412E+07   1.5164997E+07   1.5163878E+07   1.3061370E+07   1.2944488E+07   1.3001541E+07   1.3119647E+07   1.5212730E+07   1.5212095E+07   1.3107722E+07   1.2990251E+07
    2.8100   1.2954000E+07   1.3071313E+07   1.5156574E+07   1.5156294E+07   1.3066059E+07   1.2949026E+07   1.2985744E+07   1.3103129E+07   1.5205900E+07   1.5206530E+07   1.3115019E+07   1.2997005E+07
    2.8200   1.2944018E+07   1.3060641E+07   1.5147733E+07   1.5148245E+07   1.3070304E+07   1.2953169E+07   1.2970267E+07   1.3086928E+07   1.5198672E+07   1.5200530E+07   1.3121923E+07   1.3003405E+07
    2.8300   1.2934467E+07   1.3050395E+07   1.5138442E+07   1.5139702E+07   1.3074146E+07   1.2956958E+07   1.2955350E+07   1.3071288E+07   1.5190982E+07   1.5194009E+07   1.3128305E+07   1.3009342E+07
    2.8400   1.2925350E+07   1.3040574E+07   1.5128678E+07   1.5130644E+07   1.3077632E+07   1.2960441E+07   1.2941227E+07   1.3056442E+07   1.5182766E+07   1.5186886E+07   1.3134047E+07   1.3014712E+07
    2.8500   1.2916665E+07   1.3031173E+07   1.5118414E+07   1.5121048E+07   1.3080802E+07   1.2963660E+07   1.2928107E+07   1.3042604E+07   1.5173965E+07   1.5179085E+07   1.3139045E+07   1.3019428E+07
    2.8600   1.2908411E+07   1.3022187E+07   1.5107630E+07   1.5110896E+07   1.3083700E+07   1.2966659E+07   1.2916174E+07   1.3029958E+07   1.5164521E+07   1.5170534E+07   1.3143218E+07   1.3023421E+07
    2.8700   1.2900592E+07   1.3013617E+07   1.5096305E+07   1.5100166E+07   1.3086356E+07   1.2969470E+07   1.2905574E+07   1.3018648E+07   1.5154384E+07   1.5161173E+07   1.3146511E+07   1.3026649E+07
    2.8800   1.2893210E+07   1.3005463E+07   1.5084424E+07   1.5088849E+07   1.3088801E+07   1.2972124E+07   1.2896409E+07   1.3008775E+07   1.5143508E+07   1.5150948E+07   1.3148903E+07   1.3029098E+07
    2.8900   1.2886275E+07   1.2997732E+07   1.5071975E+07   1.5076930E+07   1.3091050E+07   1.2974638E+07   1.2888737E+07   1.3000394E+07   1.5131856E+07   1.5139822E+07   1.3150405E+07   1.3030783E+07
    2.9000   1.2879799E+07   1.2990438E+07   1.5058950E+07   1.5064401E+07   1.3093114E+07   1.2977024E+07   1.2882565E+07   1.2993508E+07   1.5119400E+07   1.5127766E+07   1.3151061E+07   1.3031752E+07
    2.9100   1.2873802E+07   1.2983597E+07   1.5045345E+07   1.5051260E+07   1.3094988E+07   1.2979278E+07   1.2877856E+07   1.2988077E+07   1.5106120E+07   1.5114768E+07   1.3150946E+07   1.3032077E+07
    2.9200   1.2868302E+07   1.2977232E+07   1.5031161E+07   1.5037502E+07   1.3096661E+07   1.2981391E+07   1.2874530E+07   1.2984013E+07   1.5092007E+07   1.5100829E+07   1.3150160E+07   1.3031856E+07
    2.9300   1.2863329E+07   1.2971371E+07   1.5016402E+07   1.5023132E+07   1.3098112E+07   1.2983341E+07   1.2872469E+07   1.2981192E+07   1.5077060E+07   1.5085961E+07   1.3148825E+07   1.3031202E+07
    2.9400   1.2858909E+07   1.2966043E+07   1.5001076E+07   1.5008152E+07   1.3099307E+07   1.2985098E+07   1.2871525E+07   1.2979460E+07   1.5061292E+07   1.5070192E+07   1.3147077E+07   1.3030241E+07
    2.9500   1.2855072E+07   1.2961281E+07   1.4985196E+07   1.4992572E+07   1.3100215E+07   1.2986630E+07   1.2871527E+07   1.2978643E+07   1.5044724E+07   1.5053560E+07   1.3145055E+07   1.3029104E+07
    2.9600   1.2851849E+07   1.2957118E+07   1.4968774E+07   1.4976402E+07   1.3100791E+07   1.2987894E+07   1.2872296E+07   1.2978553E+07   1.5027387E+07   1.5036113E+07   1.3142898E+07   1.3027915E+07
    2.9700   1.2849266E+07   1.2953584E+07   1.4951831E+07   1.4959657E+07   1.3100993E+07   1.2988848E+07   1.2873646E+07   1.2979003E+07   1.5009320E+07   1.5017908E+07   1.3140731E+07   1.3026787E+07
    2.9800   1.2847349E+07   1.2950707E+07   1.4934384E+07   1.4942352E+07   1.3100780E+07   1.2989454E+07   1.2875403E+07   1.2979815E+07   1.4990573E+07   1.4999007E+07   1.3138661E+07   1.3025815E+07
    2.9900   1.2846114E+07   1.2948509E+07   1.4916457E+07   1.4924507E+07   1.3100111E+07   1.2989668E+07   1.2877406E+07   1.2980828E+07   1.4971201E+07   1.4979480E+07   1.3136769E+07   1.3025066E+07
    3.0000   1.2845577E+07   1.2947006E+07   1.4898072E+07   1.4906140E+07   1.3098954E+07   1.2989458E+07   1.2879520E+07   1.2981908E+07   1.4951262E+07   1.4959396E+07   1.3135103E+07   1.3024581E+07
    3.0100   1.2845739E+07   1.2946203E+07   1.4879254E+07   1.4887275E+07   1.3097281E+07   1.2988796E+07   1.2881639E+07   1.2982953E+07   1.4930823E+07   1.4938826E+07   1.3133680E+07   1.3024364E+07
    3.0200   1.2846598E+07   1.2946100E+07   1.4860025E+07   1.4867934E+07   1.3095074E+07   1.2987663E+07   1.2883694E+07   1.2983898E+07   1.4909948E+07   1.4917837E+07   1.3132479E+07   1.3024387E+07
    3.0300   1.2848138E+07   1.2946683E+07   1.4840410E+07   1.4848143E+07   1.3092328E+07   1.2986050E+07   1.2885650E+07   1.2984714E+07   1.4888705E+07   1.4896496E+07   1.3131442E+07   1.3024589E+07
    3.0400   1.2850341E+07   1.2947936E+07   1.4820431E+07   1.4827922E+07   1.3089042E+07   1.2983956E+07   1.2887509E+07   1.2985412E+07   1.4867158E+07   1.4874861E+07   1.3130482E+07   1.3024877E+07
    3.0500   1.2853173E+07   1.2949824E+07   1.4800108E+07   1.4807297E+07   1.3085234E+07   1.2981395E+07   1.2889309E+07   1.2986040E+07   1.4845370E+07   1.4852986E+07   1.3129482E+07   1.3025135E+07
    3.0600   1.2856597E+07   1.2952311E+07   1.4779464E+07   1.4786292E+07   1.3080927E+07   1.2978386E+07   1.2891116E+07   1.2986675E+07   1.4823397E+07   1.4830917E+07   1.3128305E+07   1.3025227E+07
    3.0700   1.2860571E+07   1.2955352E+07   1.4758511E+07   1.4764925E+07   1.3076156E+07   1.2974961E+07   1.2893024E+07   1.2987420E+07   1.4801291E+07   1.4808691E+07   1.3126800E+07   1.3025004E+07
    3.0800   1.2865043E+07   1.2958898E+07   1.4737270E+07   1.4743220E+07   1.3070964E+07   1.2971160E+07   1.2895142E+07   1.2988395E+07   1.4779095E+07   1.4786338E+07   1.3124812E+07   1.3024317E+07
    3.0900   1.2869965E+07   1.2962896E+07   1.4715750E+07   1.4721192E+07   1.3065398E+07   1.2967027E+07   1.2897592E+07   1.2989731E+07   1.4756844E+07   1.4763877E+07   1.3122191E+07   1.3023020E+07
    3.1000   1.2875285E+07   1.2967292E+07   1.4693964E+07   1.4698860E+07   1.3059515E+07   1.2962613E+07   1.2900494E+07   1.2991557E+07   1.4734563E+07   1.4741319E+07   1.3118802E+07   1.3020984E+07
    3.1100   1.2880952E+07   1.2972034E+07   1.4671918E+07   1.4676236E+07   1.3053367E+07   1.2957969E+07   1.2903966E+07   1.2993997E+07   1.4712268E+07   1.4718667E+07   1.3114531E+07   1.3018101E+07
    3.1200   1.2886921E+07   1.2977073E+07   1.4649622E+07   1.4653334E+07   1.3047013E+07   1.2953148E+07   1.2908109E+07   1.2997157E+07   1.4689963E+07   1.4695916E+07   1.3109296E+07   1.3014295E+07
    3.1300   1.2893148E+07   1.2982365E+07   1.4627078E+07   1.4630164E+07   1.3040506E+07   1.2948203E+07   1.2913005E+07   1.3001120E+07   1.4667643E+07   1.4673054E+07   1.3103049E+07   1.3009523E+07
    3.1400   1.2899601E+07   1.2987874E+07   1.4604294E+07   1.4606736E+07   1.3033895E+07   1.2943181E+07   1.2918712E+07   1.3005944E+07   1.4645294E+07   1.4650063E+07   1.3095785E+07   1.3003784E+07
    3.1500   1.2906251E+07   1.2993569E+07   1.4581269E+07   1.4583055E+07   1.3027227E+07   1.2938124E+07   1.2925255E+07   1.3011650E+07   1.4622891E+07   1.4626919E+07   1.3087539E+07   1.2997116E+07
    3.1600   1.2913078E+07   1.2999428E+07   1.4558010E+07   1.4559129E+07   1.3020538E+07   1.2933069E+07   1.2932631E+07   1.3018231E+07   1.4600405E+07   1.4603598E+07   1.3078389E+07   1.2989597E+07
    3.1700   1.2920073E+07   1.3005441E+07   1.4534516E+07   1.4534961E+07   1.3013860E+07   1.2928047E+07   1.2940805E+07   1.3025642E+07   1.4577797E+07   1.4580069E+07   1.3068454E+07   1.2981346E+07
    3.1800   1.2927231E+07   1.3011602E+07   1.4510792E+07   1.4510557E+07   1.3007216E+07   1.2923080E+07   1.2949715E+07   1.3033810E+07   1.4555028E+07   1.4556305E+07   1.3057884E+07   1.2972512E+07
    3.1900   1.2934557E+07   1.3017915E+07   1.4486841E+07   1.4485921E+07   1.3000621E+07   1.2918184E+07   1.2959270E+07   1.3042635E+07   1.4532054E+07   1.4532277E+07   1.3046861E+07   1.2963273E+07
    3.2000   1.2942059E+07   1.3024388E+07   1.4462667E+07   1.4461056E+07   1.2994085E+07   1.2913367E+07   1.2969361E+07   1.3051993E+07   1.4508831E+07   1.4507958E+07   1.3035586E+07   1.2953827E+07
    3.2100   1.2949752E+07   1.3031036E+07   1.4438276E+07   1.4435968E+07   1.2987609E+07   1.2908633E+07   1.2979864E+07   1.3061749E+07   1.4485318E+07   1.4483326E+07   1.3024271E+07   1.2944379E+07
    3.2200   1.2957648E+07   1.3037871E+07   1.4413676E+07   1.4410664E+07   1.2981194E+07   1.2903983E+07   1.2990648E+07   1.3071756E+07   1.4461477E+07   1.4458361E+07   1.3013130E+07   1.2935137E+07
    3.2300   1.2965766E+07   1.3044914E+07   1.4388874E+07   1.4385150E+07   1.2974835E+07   1.2899410E+07   1.3001581E+07   1.3081872E+07   1.4437275E+07   1.4433051E+07   1.3002368E+07   1.2926301E+07
    3.2400   1.2974116E+07   1.3052175E+07   1.4363882E+07   1.4359437E+07   1.2968526E+07   1.2894912E+07   1.3012537E+07   1.3091959E+07   1.4412688E+07   1.4407387E+07   1.2992173E+07   1.2918052E+07
    3.2500   1.2982711E+07   1.3059667E+07   1.4338713E+07   1.4333539E+07   1.2962263E+07   1.2890482E+07   1.3023404E+07   1.3101897E+07   1.4387699E+07   1.4381367E+07   1.2982706E+07   1.2910545E+07
    3.2600   1.2991550E+07   1.3067392E+07   1.4313383E+07   1.4307467E+07   1.2956045E+07   1.2886118E+07   1.3034088E+07   1.3111584E+07   1.4362301E+07   1.4354997E+07   1.2974093E+07   1.2903901E+07
    3.2700   1.3000631E+07   1.3075347E+07   1.4287909E+07   1.4281243E+07   1.2949871E+07   1.2881821E+07   1.3044517E+07   1.3120944E+07   1.4336499E+07   1.4328291E+07   1.2966425E+07   1.2898206E+07
    3.2800   1.3009939E+07   1.3083520E+07   1.4262311E+07   1.4254886E+07   1.2943750E+07   1.2877595E+07   1.3054644E+07   1.3129929E+07   1.4310308E+07   1.4301268E+07   1.2959746E+07   1.2893501E+07
    3.2900   1.3019453E+07   1.3091887E+07   1.4236612E+07   1.4228421E+07   1.2937693E+07   1.2873450E+07   1.3064449E+07   1.3138520E+07   1.4283754E+07   1.4273956E+07   1.2954062E+07   1.2889789E+07
    3.3000   1.3029138E+07   1.3100417E+07   1.4210836E+07   1.4201874E+07   1.2931718E+07   1.2869400E+07   1.3073937E+07   1.3146726E+07   1.4256873E+07   1.4246388E+07   1.2949333E+07   1.2887030E+07
    3.3100   1.3038952E+07   1.3109067E+07   1.4185009E+07   1.4175276E+07   1.2925852E+07   1.2865468E+07   1.3083135E+07   1.3154580E+07   1.4229713E+07   1.4218607E+07   1.2945483E+07   1.2885145E+07
    3.3200   1.3048845E+07   1.3117788E+07   1.4159157E+07   1.4148658E+07   1.2920122E+07   1.2861679E+07   1.3092089E+07   1.3162139E+07   1.4202331E+07   1.4190660E+07   1.2942402E+07   1.2884025E+07
    3.3300   1.3058755E+07   1.3126517E+07   1.4133312E+07   1.4122054E+07   1.2914567E+07   1.2858065E+07   1.3100862E+07   1.3169474E+07   1.4174790E+07   1.4162599E+07   1.2939954E+07   1.2883534E+07
    3.3400   1.3068622E+07   1.3135192E+07   1.4107502E+07   1.4095499E+07   1.2909225E+07   1.2854658E+07   1.3109521E+07   1.3176665E+07   1.4147160E+07   1.4134483E+07   1.2937986E+07   1.2883520E+07
    3.3500   1.3078372E+07   1.3143742E+07   1.4081758E+07   1.4069032E+07   1.2904136E+07   1.2851494E+07   1.3118137E+07   1.3183795E+07   1.4119517E+07   1.4106373E+07   1.2936336E+07   1.2883822E+07
    3.3600   1.3087936E+07   1.3152096E+07   1.4056113E+07   1.4042688E+07   1.2899346E+07   1.2848611E+07   1.3126774E+07   1.3190942E+07   1.4091937E+07   1.4078334E+07   1.2934843E+07   1.2884278E+07
    3.3700   1.3097244E+07   1.3160184E+07   1.4030596E+07   1.4016505E+07   1.2894891E+07   1.2846043E+07   1.3135485E+07   1.3198171E+07   1.4064498E+07   1.4050432E+07   1.2933357E+07   1.2884737E+07
    3.3800   1.3106227E+07   1.3167937E+07   1.4005243E+07   1.3990523E+07   1.2890814E+07   1.2843823E+07   1.3144306E+07   1.3205527E+07   1.4037277E+07   1.4022735E+07   1.2931745E+07   1.2885066E+07
    3.3900   1.3114821E+07   1.3175292E+07   1.3980080E+07   1.3964776E+07   1.2887148E+07   1.2841982E+07   1.3153251E+07   1.3213036E+07   1.4010346E+07   1.3995308E+07   1.2929902E+07   1.2885156E+07
    3.4000   1.3122971E+07   1.3182194E+07   1.3955143E+07   1.3939300E+07   1.2883920E+07   1.2840541E+07   1.3162306E+07   1.3220691E+07   1.3983774E+07   1.3968215E+07   1.2927756E+07   1.2884930E+07
    3.4100   1.3130629E+07   1.3188593E+07   1.3930458E+07   1.3914129E+07   1.2881154E+07   1.2839519E+07   1.3171435E+07   1.3228460E+07   1.3957623E+07   1.3941519E+07   1.2925267E+07   1.2884346E+07
    3.4200   1.3137755E+07   1.3194454E+07   1.3906056E+07   1.3889293E+07   1.2878863E+07   1.2838927E+07   1.3180569E+07   1.3236280E+07   1.3931946E+07   1.3915276E+07   1.2922438E+07   1.2883396E+07
    3.4300   1.3144320E+07   1.3199747E+07   1.3881962E+07   1.3864822E+07   1.2877055E+07   1.2838768E+07   1.3189618E+07   1.3244061E+07   1.3906789E+07   1.3889540E+07   1.2919305E+07   1.2882111E+07
    3.4400   1.3150308E+07   1.3204458E+07   1.3858202E+07   1.3840742E+07   1.2875730E+07   1.2839041E+07   1.3198468E+07   1.3251686E+07   1.3882189E+07   1.3864357E+07   1.2915942E+07   1.2880557E+07
    3.4500   1.3155710E+07   1.3208579E+07   1.3834797E+07   1.3817073E+07   1.2874878E+07   1.2839734E+07   1.3206988E+07   1.3259021E+07   1.3858173E+07   1.3839765E+07   1.2912454E+07   1.2878829E+07
    3.4600   1.3160529E+07   1.3212115E+07   1.3811770E+07   1.3793837E+07   1.2874489E+07   1.2840835E+07   1.3215037E+07   1.3265921E+07   1.3834758E+07   1.3815799E+07   1.2908972E+07   1.2877048E+07
    3.4700   1.3164772E+07   1.3215076E+07   1.3789136E+07   1.3771049E+07   1.2874541E+07   1.2842324E+07   1.3222469E+07   1.3272230E+07   1.3811953E+07   1.3792483E+07   1.2905644E+07   1.2875353E+07
    3.4800   1.3168459E+07   1.3217483E+07   1.3766911E+07   1.3748722E+07   1.2875015E+07   1.2844181E+07   1.3229141E+07   1.3277800E+07   1.3789758E+07   1.3769832E+07   1.2902627E+07   1.2873895E+07
    3.4900   1.3171611E+07   1.3219360E+07   1.3745108E+07   1.3726865E+07   1.2875887E+07   1.2846382E+07   1.3234921E+07   1.3282489E+07   1.3768166E+07   1.3747855E+07   1.2900083E+07   1.2872826E+07
    3.5000   1.3174253E+07   1.3220732E+07   1.3723734E+07   1.3705485E+07   1.2877134E+07   1.2848906E+07   1.3239695E+07   1.3286175E+07   1.3747161E+07   1.3726553E+07   1.2898164E+07   1.2872293E+07
    3.5100   1.3176412E+07   1.3221628E+07   1.3702801E+07   1.3684589E+07   1.2878735E+07   1.2851732E+07   1.3243374E+07   1.3288760E+07   1.3726724E+07   1.3705917E+07   1.2897009E+07   1.2872430E+07
    3.5200   1.3178114E+07   1.3222076E+07   1.3682309E+07   1.3664176E+07   1.2880671E+07   1.2854843E+07   1.3245895E+07   1.3290175E+07   1.3706829E+07   1.3685933E+07   1.2896734E+07   1.2873351E+07
    3.5300   1.3179383E+07   1.3222100E+07   1.3662266E+07   1.3644252E+07   1.2882933E+07   1.2858231E+07   1.3247232E+07   1.3290387E+07   1.3687449E+07   1.3666578E+07   1.2897428E+07   1.2875144E+07
    3.5400   1.3180238E+07   1.3221719E+07   1.3642669E+07   1.3624812E+07   1.2885509E+07   1.2861885E+07   1.3247390E+07   1.3289396E+07   1.3668552E+07   1.3647825E+07   1.2899149E+07   1.2877870E+07
    3.5500   1.3180696E+07   1.3220951E+07   1.3623522E+07   1.3605859E+07   1.2888401E+07   1.2865809E+07   1.3246411E+07   1.3287241E+07   1.3650109E+07   1.3629644E+07   1.2901919E+07   1.2881555E+07
    3.5600   1.3180763E+07   1.3219801E+07   1.3604821E+07   1.3587389E+07   1.2891615E+07   1.2870008E+07   1.3244369E+07   1.3283995E+07   1.3632089E+07   1.3611998E+07   1.2905729E+07   1.2886195E+07
    3.5700   1.3180446E+07   1.3218276E+07   1.3586564E+07   1.3569402E+07   1.2895162E+07   1.2874494E+07   1.3241370E+07   1.3279764E+07   1.3614464E+07   1.3594853E+07   1.2910536E+07   1.2891753E+07
    3.5800   1.3179738E+07   1.3216366E+07   1.3568750E+07   1.3551897E+07   1.2899062E+07   1.2879288E+07   1.3237541E+07   1.3274677E+07   1.3597208E+07   1.3578171E+07   1.2916266E+07   1.2898166E+07
    3.5900   1.3178634E+07   1.3214067E+07   1.3551375E+07   1.3534870E+07   1.2903336E+07   1.2884408E+07   1.3233029E+07   1.3268885E+07   1.3580298E+07   1.3561918E+07   1.2922823E+07   1.2905348E+07
    3.6000   1.3177120E+07   1.3211362E+07   1.3534437E+07   1.3518325E+07   1.2908010E+07   1.2889881E+07   1.3227991E+07   1.3262550E+07   1.3563719E+07   1.3546061E+07   1.2930093E+07   1.2913193E+07
    3.6100   1.3175177E+07   1.3208231E+07   1.3517933E+07   1.3502258E+07   1.2913114E+07   1.2895736E+07   1.3222588E+07   1.3255836E+07   1.3547456E+07   1.3530572E+07   1.2937949E+07   1.2921585E+07
    3.6200   1.3172791E+07   1.3204658E+07   1.3501863E+07   1.3486673E+07   1.2918671E+07   1.2901995E+07   1.3216972E+07   1.3248905E+07   1.3531503E+07   1.3515428E+07   1.2946261E+07   1.2930404E+07
    3.6300   1.3169940E+07   1.3200621E+07   1.3486225E+07   1.3471570E+07   1.2924711E+07   1.2908685E+07   1.3211287E+07   1.3241903E+07   1.3515857E+07   1.3500613E+07   1.2954903E+07   1.2939531E+07
    3.6400   1.3166608E+07   1.3196102E+07   1.3471020E+07   1.3456952E+07   1.2931250E+07   1.2915825E+07   1.3205651E+07   1.3234956E+07   1.3500520E+07   1.3486115E+07   1.2963758E+07   1.2948858E+07
    3.6500   1.3162778E+07   1.3191083E+07   1.3456253E+07   1.3442826E+07   1.2938306E+07   1.2923429E+07   1.3200158E+07   1.3228165E+07   1.3485501E+07   1.3471933E+07   1.2972728E+07   1.2958290E+07
    3.6600   1.3158443E+07   1.3185557E+07   1.3441922E+07   1.3429191E+07   1.2945887E+07   1.2931504E+07   1.3194873E+07   1.3221596E+07   1.3470813E+07   1.3458072E+07   1.2981735E+07   1.2967753E+07
    3.6700   1.3153595E+07   1.3179518E+07   1.3428039E+07   1.3416059E+07   1.2953992E+07   1.2940049E+07   1.3189822E+07   1.3215282E+07   1.3456471E+07   1.3444543E+07   1.2990725E+07   1.2977194E+07
    3.6800   1.3148237E+07   1.3172968E+07   1.3414604E+07   1.3403430E+07   1.2962610E+07   1.2949054E+07   1.3185002E+07   1.3209221E+07   1.3442496E+07   1.3431365E+07   1.2999673E+07   1.2986586E+07
    3.6900   1.3142377E+07   1.3165917E+07   1.3401628E+07   1.3391312E+07   1.2971723E+07   1.2958499E+07   1.3180373E+07   1.3203373E+07   1.3428911E+07   1.3418563E+07   1.3008579E+07   1.2995927E+07
    3.7000   1.3136033E+07   1.3158384E+07   1.3389119E+07   1.3379712E+07   1.2981302E+07   1.2968359E+07   1.3175863E+07   1.3197669E+07   1.3415742E+07   1.3406170E+07   1.3017470E+07   1.3005237E+07
    3.7100   1.3129226E+07   1.3150394E+07   1.3377084E+07   1.3368633E+07   1.2991310E+07   1.2978593E+07   1.3171377E+07   1.3192011E+07   1.3403017E+07   1.3394219E+07   1.3026393E+07   1.3014557E+07
    3.7200   1.3121987E+07   1.3141980E+07   1.3365535E+07   1.3358082E+07   1.3001702E+07   1.2989162E+07   1.3166796E+07   1.3186281E+07   1.3390764E+07   1.3382749E+07   1.3035414E+07   1.3023945E+07
    3.7300   1.3114353E+07   1.3133182E+07   1.3354478E+07   1.3348062E+07   1.3012425E+07   1.3000012E+07   1.3161991E+07   1.3180345E+07   1.3379011E+07   1.3371799E+07   1.3044611E+07   1.3033468E+07
    3.7400   1.3106364E+07   1.3124043E+07   1.3343922E+07   1.3338576E+07   1.3023425E+07   1.3011093E+07   1.3156825E+07   1.3174065E+07   1.3367786E+07   1.3361410E+07   1.3054066E+07   1.3043201E+07
    3.7500   1.3098063E+07   1.3114610E+07   1.3333876E+07   1.3329627E+07   1.3034644E+07   1.3022346E+07   1.3151165E+07   1.3167307E+07   1.3357117E+07   1.3351620E+07   1.3063861E+07   1.3053215E+07
    3.7600   1.3089497E+07   1.3104934E+07   1.3324344E+07   1.3321212E+07   1.3046022E+07   1.3033716E+07   1.3144889E+07   1.3159945E+07   1.3347027E+07   1.3342463E+07   1.3074069E+07   1.3063577E+07
    3.7700   1.3080713E+07   1.3095064E+07   1.3315331E+07   1.3313333E+07   1.3057501E+07   1.3045147E+07   1.3137895E+07   1.3151874E+07   1.3337539E+07   1.3333971E+07   1.3084750E+07   1.3074338E+07
    3.7800   1.3071756E+07   1.3085048E+07   1.3306840E+07   1.3305986E+07   1.3069028E+07   1.3056590E+07   1.3130102E+07   1.3143016E+07   1.3328670E+07   1.3326167E+07   1.3095944E+07   1.3085533E+07
    3.7900   1.3062670E+07   1.3074933E+07   1.3298871E+07   1.3299167E+07   1.3080554E+07   1.3067996E+07   1.3121464E+07   1.3133322E+07   1.3320436E+07   1.3319070E+07   1.3107668E+07   1.3097176E+07
    3.8000   1.3053493E+07   1.3064759E+07   1.3291421E+07   1.3292867E+07   1.3092038E+07   1.3079327E+07   1.3111965E+07   1.3122778E+07   1.3312845E+07   1.3312690E+07   1.3119913E+07   1.3109255E+07
    3.8100   1.3044262E+07   1.3054563E+07   1.3284490E+07   1.3287083E+07   1.3103444E+07   1.3090551E+07   1.3101626E+07   1.3111407E+07   1.3305902E+07   1.3307027E+07   1.3132642E+07   1.3121737E+07
    3.8200   1.3035008E+07   1.3044379E+07   1.3278064E+07   1.3281798E+07   1.3114749E+07   1.3101645E+07   1.3090505E+07   1.3099271E+07   1.3299607E+07   1.3302074E+07   1.3145793E+07   1.3134560E+07
    3.8300   1.3025756E+07   1.3034230E+07   1.3272138E+07   1.3277005E+07   1.3125932E+07   1.3112592E+07   1.3078693E+07   1.3086463E+07   1.3293953E+07   1.3297817E+07   1.3159278E+07   1.3147644E+07
    3.8400   1.3016527E+07   1.3024139E+07   1.3266698E+07   1.3272688E+07   1.3136987E+07   1.3123386E+07   1.3066309E+07   1.3073109E+07   1.3288928E+07   1.3294229E+07   1.3172990E+07   1.3160889E+07
    3.8500   1.3007338E+07   1.3014121E+07   1.3261728E+07   1.3268830E+07   1.3147913E+07   1.3134028E+07   1.3053501E+07   1.3059360E+07   1.3284515E+07   1.3291280E+07   1.3186806E+07   1.3174182E+07
    3.8600   1.2998203E+07   1.3004188E+07   1.3257212E+07   1.3265415E+07   1.3158712E+07   1.3144524E+07   1.3040431E+07   1.3045385E+07   1.3280691E+07   1.3288930E+07   1.3200593E+07   1.3187400E+07
    3.8700   1.2989131E+07   1.2994349E+07   1.3253130E+07   1.3262423E+07   1.3169397E+07   1.3154887E+07   1.3027277E+07   1.3031366E+07   1.3277427E+07   1.3287134E+07   1.3214217E+07   1.3200420E+07
    3.8800   1.2980134E+07   1.2984612E+07   1.3249460E+07   1.3259832E+07   1.3179981E+07   1.3165130E+07   1.3014216E+07   1.3017486E+07   1.3274690E+07   1.3285842E+07   1.3227546E+07   1.3213124E+07
    3.8900   1.2971220E+07   1.2974986E+07   1.3246182E+07   1.3257622E+07   1.3190478E+07   1.3175271E+07   1.3001426E+07   1.3003923E+07   1.3272443E+07   1.3285001E+07   1.3240460E+07   1.3225404E+07
    3.9000   1.2962401E+07   1.2965478E+07   1.3243269E+07   1.3255768E+07   1.3200904E+07   1.3185327E+07   1.2989067E+07   1.2990845E+07   1.3270644E+07   1.3284555E+07   1.3252855E+07   1.3237167E+07
    3.9100   1.2953691E+07   1.2956102E+07   1.3240701E+07   1.3254249E+07   1.3211269E+07   1.3195311E+07   1.2977287E+07   1.2978396E+07   1.3269249E+07   1.3284448E+07   1.3264652E+07   1.3248344E+07
    3.9200   1.2945107E+07   1.2946871E+07   1.3238452E+07   1.3253038E+07   1.3221585E+07   1.3205236E+07   1.2966205E+07   1.2966699E+07   1.3268211E+07   1.3284622E+07   1.3275796E+07   1.3258890E+07
    3.9300   1.2936674E+07   1.2937810E+07   1.3236501E+07   1.3252114E+07   1.3231853E+07   1.3215105E+07   1.2955915E+07   1.2955845E+07   1.3267481E+07   1.3285025E+07   1.3286260E+07   1.3268786E+07
    3.9400   1.2928415E+07   1.2928941E+07   1.3234823E+07   1.3251449E+07   1.3242070E+07   1.3224919E+07   1.2946479E+07   1.2945893E+07   1.3267012E+07   1.3285604E+07   1.3296049E+07   1.3278043E+07
    3.9500   1.2920368E+07   1.2920300E+07   1.3233400E+07   1.3251024E+07   1.3252227E+07   1.3234671E+07   1.2937929E+07   1.2936869E+07   1.3266756E+07   1.3286313E+07   1.3305195E+07   1.3286698E+07
    3.9600   1.2912566E+07   1.2911921E+07   1.3232207E+07   1.3250812E+07   1.3262305E+07   1.3244346E+07   1.2930263E+07   1.2928768E+07   1.3266668E+07   1.3287110E+07   1.3313758E+07   1.3294811E+07
    3.9700   1.2905057E+07   1.2903851E+07   1.3231232E+07   1.3250795E+07   1.3272282E+07   1.3253925E+07   1.2923455E+07   1.2921555E+07   1.3266704E+07   1.3287957E+07   1.3321818E+07   1.3302465E+07
    3.9800   1.2897882E+07   1.2896133E+07   1.3230454E+07   1.3250949E+07   1.3282123E+07   1.3263377E+07   1.2917451E+07   1.2915171E+07   1.3266827E+07   1.3288825E+07   1.3329475E+07   1.3309757E+07
    3.9900   1.2891095E+07   1.2888821E+07   1.3229859E+07   1.3251256E+07   1.3291794E+07   1.3272671E+07   1.2912181E+07   1.2909536E+07   1.3267001E+07   1.3289690E+07   1.3336837E+07   1.3316793E+07
    4.0000   1.2884743E+07   1.2881963E+07   1.3229436E+07   1.3251699E+07   1.3301253E+07   1.3281769E+07   1.2907559E+07   1.2904559E+07   1.3267201E+07   1.3290535E+07   1.3344016E+07   1.3323682E+07
    4.0100   1.2878880E+07   1.2875616E+07   1.3229170E+07   1.3252259E+07   1.3310454E+07   1.3290629E+07   1.2903494E+07   1.2900141E+07   1.3267403E+07   1.3291349E+07   1.3351123E+07   1.3330529E+07
    4.0200   1.2873553E+07   1.2869826E+07   1.3229054E+07   1.3252923E+07   1.3319354E+07   1.3299212E+07   1.2899895E+07   1.2896186E+07   1.3267592E+07   1.3292127E+07   1.3358254E+07   1.3337429E+07
    4.0300   1.2868807E+07   1.2864643E+07   1.3229080E+07   1.3253679E+07   1.3327907E+07   1.3307473E+07   1.2896679E+07   1.2892605E+07   1.3267759E+07   1.3292869E+07   1.3365493E+07   1.3344457E+07
    4.0400   1.2864684E+07   1.2860109E+07   1.3229240E+07   1.3254513E+07   1.3336073E+07   1.3315375E+07   1.2893772E+07   1.2889323E+07   1.3267904E+07   1.3293581E+07   1.3372896E+07   1.3351668E+07
    4.0500   1.2861217E+07   1.2856259E+07   1.3229531E+07   1.3255420E+07   1.3343810E+07   1.3322880E+07   1.2891120E+07   1.2886283E+07   1.3268031E+07   1.3294273E+07   1.3380496E+07   1.3359090E+07
    4.0600   1.2858433E+07   1.2853121E+07   1.3229947E+07   1.3256389E+07   1.3351090E+07   1.3329960E+07   1.2888688E+07   1.2883453E+07   1.3268149E+07   1.3294956E+07   1.3388294E+07   1.3366723E+07
    4.0700   1.2856354E+07   1.2850718E+07   1.3230487E+07   1.3257417E+07   1.3357882E+07   1.3336588E+07   1.2886468E+07   1.2880824E+07   1.3268277E+07   1.3295646E+07   1.3396260E+07   1.3374535E+07
    4.0800   1.2854987E+07   1.2849059E+07   1.3231146E+07   1.3258498E+07   1.3364170E+07   1.3342746E+07   1.2884471E+07   1.2878414E+07   1.3268433E+07   1.3296359E+07   1.3404336E+07   1.3382467E+07
    4.0900   1.2854339E+07   1.2848150E+07   1.3231923E+07   1.3259630E+07   1.3369942E+07   1.3348423E+07   1.2882735E+07   1.2876266E+07   1.3268642E+07   1.3297112E+07   1.3412434E+07   1.3390432E+07
    4.1000   1.2854400E+07   1.2847983E+07   1.3232815E+07   1.3260810E+07   1.3375195E+07   1.3353617E+07   1.2881318E+07   1.2874445E+07   1.3268929E+07   1.3297922E+07   1.3420442E+07   1.3398323E+07
    4.1100   1.2855161E+07   1.2848547E+07   1.3233820E+07   1.3262036E+07   1.3379931E+07   1.3358329E+07   1.2880295E+07   1.2873035E+07   1.3269323E+07   1.3298804E+07   1.3428232E+07   1.3406012E+07
    4.1200   1.2856602E+07   1.2849822E+07   1.3234935E+07   1.3263309E+07   1.3384163E+07   1.3362569E+07   1.2879755E+07   1.2872132E+07   1.3269850E+07   1.3299774E+07   1.3435662E+07   1.3413362E+07
    4.1300   1.2858698E+07   1.2851783E+07   1.3236157E+07   1.3264625E+07   1.3387905E+07   1.3366353E+07   1.2879794E+07   1.2871842E+07   1.3270536E+07   1.3300843E+07   1.3442586E+07   1.3420231E+07
    4.1400   1.2861427E+07   1.2854404E+07   1.3237482E+07   1.3265984E+07   1.3391177E+07   1.3369698E+07   1.2880509E+07   1.2872272E+07   1.3271404E+07   1.3302021E+07   1.3448860E+07   1.3426480E+07
    4.1500   1.2864757E+07   1.2857654E+07   1.3238905E+07   1.3267385E+07   1.3394004E+07   1.3372627E+07   1.2881995E+07   1.2873522E+07   1.3272473E+07   1.3303315E+07   1.3454352E+07   1.3431982E+07
    4.1600   1.2868661E+07   1.2861504E+07   1.3240420E+07   1.3268823E+07   1.3396407E+07   1.3375161E+07   1.2884336E+07   1.2875685E+07   1.3273757E+07   1.3304729E+07   1.3458946E+07   1.3436626E+07
    4.1700   1.2873114E+07   1.2865927E+07   1.3242024E+07   1.3270298E+07   1.3398412E+07   1.3377325E+07   1.2887601E+07   1.2878833E+07   1.3275267E+07   1.3306262E+07   1.3462550E+07   1.3440322E+07
    4.1800   1.2878092E+07   1.2870898E+07   1.3243706E+07   1.3271803E+07   1.3400040E+07   1.3379138E+07   1.2891839E+07   1.2883021E+07   1.3277003E+07   1.3307912E+07   1.3465100E+07   1.3443010E+07
    4.1900   1.2883578E+07   1.2876399E+07   1.3245461E+07   1.3273333E+07   1.3401312E+07   1.3380619E+07   1.2897079E+07   1.2888278E+07   1.3278964E+07   1.3309671E+07   1.3466566E+07   1.3444661E+07
    4.2000   1.2889557E+07   1.2882412E+07   1.3247281E+07   1.3274883E+07   1.3402243E+07   1.3381785E+07   1.2903326E+07   1.2894607E+07   1.3281138E+07   1.3311529E+07   1.3466949E+07   1.3445276E+07
    4.2100   1.2896022E+07   1.2888931E+07   1.3249156E+07   1.3276444E+07   1.3402843E+07   1.3382646E+07   1.2910559E+07   1.2901986E+07   1.3283509E+07   1.3313473E+07   1.3466284E+07   1.3444893E+07
    4.2200   1.2902971E+07   1.2895952E+07   1.3251079E+07   1.3278009E+07   1.3403121E+07   1.3383210E+07   1.2918735E+07   1.2910367E+07   1.3286055E+07   1.3315487E+07   1.3464640E+07   1.3443576E+07
    4.2300   1.2910410E+07   1.2903481E+07   1.3253040E+07   1.3279568E+07   1.3403077E+07   1.3383478E+07   1.2927790E+07   1.2919680E+07   1.3288748E+07   1.3317551E+07   1.3462113E+07   1.3441420E+07
    4.2400   1.2918344E+07   1.2911521E+07   1.3255028E+07   1.3281109E+07   1.3402710E+07   1.3383451E+07   1.2937645E+07   1.2929837E+07   1.3291557E+07   1.3319646E+07   1.3458822E+07   1.3438541E+07
    4.2500   1.2926790E+07   1.2920092E+07   1.3257036E+07   1.3282625E+07   1.3402013E+07   1.3383122E+07   1.2948205E+07   1.2940735E+07   1.3294446E+07   1.3321748E+07   1.3454905E+07   1.3435073E+07
    4.2600   1.2935761E+07   1.2929203E+07   1.3259052E+07   1.3284103E+07   1.3400980E+07   1.3382488E+07   1.2959371E+07   1.2952264E+07   1.3297378E+07   1.3323835E+07   1.3450511E+07   1.3431161E+07
    4.2700   1.2945275E+07   1.2938875E+07   1.3261070E+07   1.3285534E+07   1.3399598E+07   1.3381534E+07   1.2971041E+07   1.2964314E+07   1.3300315E+07   1.3325881E+07   1.3445791E+07   1.3426953E+07
    4.2800   1.2955347E+07   1.2949121E+07   1.3263077E+07   1.3286904E+07   1.3397861E+07   1.3380260E+07   1.2983118E+07   1.2976776E+07   1.3303218E+07   1.3327862E+07   1.3440893E+07   1.3422591E+07
    4.2900   1.2965994E+07   1.2959959E+07   1.3265070E+07   1.3288210E+07   1.3395757E+07   1.3378652E+07   1.2995512E+07   1.2989553E+07   1.3306052E+07   1.3329755E+07   1.3435953E+07   1.3418209E+07
    4.3000   1.2977223E+07   1.2971396E+07   1.3267036E+07   1.3289437E+07   1.3393283E+07   1.3376709E+07   1.3008149E+07   1.3002563E+07   1.3308782E+07   1.3331536E+07   1.3431092E+07   1.3413924E+07
    4.3100   1.2989044E+07   1.2983441E+07   1.3268974E+07   1.3290584E+07   1.3390436E+07   1.3374429E+07   1.3020974E+07   1.3015743E+07   1.3311378E+07   1.3333183E+07   1.3426404E+07   1.3409830E+07
    4.3200   1.3001450E+07   1.2996087E+07   1.3270875E+07   1.3291642E+07   1.3387219E+07   1.3371815E+07   1.3033949E+07   1.3029051E+07   1.3313816E+07   1.3334678E+07   1.3421959E+07   1.3405995E+07
    4.3300   1.3014440E+07   1.3009331E+07   1.3272736E+07   1.3292611E+07   1.3383640E+07   1.3368875E+07   1.3047059E+07   1.3042469E+07   1.3316074E+07   1.3336003E+07   1.3417797E+07   1.3402459E+07
    4.3400   1.3027990E+07   1.3023151E+07   1.3274556E+07   1.3293488E+07   1.3379714E+07   1.3365622E+07   1.3060312E+07   1.3056003E+07   1.3318140E+07   1.3337144E+07   1.3413927E+07   1.3399233E+07
    4.3500   1.3042082E+07   1.3037525E+07   1.3276332E+07   1.3294275E+07   1.3375462E+07   1.3362076E+07   1.3073734E+07   1.3069679E+07   1.3320005E+07   1.3338092E+07   1.3410331E+07   1.3396299E+07
    4.3600   1.3056677E+07   1.3052415E+07   1.3278066E+07   1.3294976E+07   1.3370908E+07   1.3358261E+07   1.3087368E+07   1.3083544E+07   1.3321669E+07   1.3338841E+07   1.3406961E+07   1.3393614E+07
    4.3700   1.3071739E+07   1.3067781E+07   1.3279759E+07   1.3295597E+07   1.3366087E+07   1.3354206E+07   1.3101271E+07   1.3097658E+07   1.3323138E+07   1.3339390E+07   1.3403749E+07   1.3391111E+07
    4.3800   1.3087218E+07   1.3083575E+07   1.3281414E+07   1.3296145E+07   1.3361032E+07   1.3349945E+07   1.3115509E+07   1.3112091E+07   1.3324424E+07   1.3339742E+07   1.3400608E+07   1.3388708E+07
    4.3900   1.3103061E+07   1.3099739E+07   1.3283037E+07   1.3296630E+07   1.3355782E+07   1.3345511E+07   1.3130149E+07   1.3126918E+07   1.3325544E+07   1.3339906E+07   1.3397439E+07   1.3386308E+07
    4.4000   1.3119212E+07   1.3116217E+07   1.3284634E+07   1.3297066E+07   1.3350380E+07   1.3340944E+07   1.3145256E+07   1.3142210E+07   1.3326521E+07   1.3339896E+07   1.3394140E+07   1.3383811E+07
    4.4100   1.3135609E+07   1.3132946E+07   1.3286214E+07   1.3297465E+07   1.3344866E+07   1.3336279E+07   1.3160887E+07   1.3158029E+07   1.3327384E+07   1.3339731E+07   1.3390608E+07   1.3381119E+07
    4.4200   1.3152192E+07   1.3149863E+07   1.3287787E+07   1.3297842E+07   1.3339279E+07   1.3331553E+07   1.3177084E+07   1.3174425E+07   1.3328162E+07   1.3339434E+07   1.3386750E+07   1.3378137E+07
    4.4300   1.3168900E+07   1.3166907E+07   1.3289363E+07   1.3298215E+07   1.3333658E+07   1.3326800E+07   1.3193869E+07   1.3191427E+07   1.3328890E+07   1.3339033E+07   1.3382487E+07   1.3374787E+07
    4.4400   1.3185673E+07   1.3184017E+07   1.3290955E+07   1.3298600E+07   1.3328036E+07   1.3322048E+07   1.3211245E+07   1.3209041E+07   1.3329602E+07   1.3338559E+07   1.3377760E+07   1.3371008E+07
    4.4500   1.3202458E+07   1.3201138E+07   1.3292578E+07   1.3299016E+07   1.3322443E+07   1.3317324E+07   1.3229186E+07   1.3227247E+07   1.3330335E+07   1.3338047E+07   1.3372531E+07   1.3366759E+07
    4.4600   1.3219203E+07   1.3218221E+07   1.3294246E+07   1.3299483E+07   1.3316901E+07   1.3312647E+07   1.3247645E+07   1.3245998E+07   1.3331124E+07   1.3337535E+07   1.3366791E+07   1.3362027E+07
    4.4700   1.3235865E+07   1.3235219E+07   1.3295973E+07   1.3300016E+07   1.3311427E+07   1.3308030E+07   1.3266544E+07   1.3265220E+07   1.3332004E+07   1.3337063E+07   1.3360555E+07   1.3356819E+07
    4.4800   1.3252402E+07   1.3252093E+07   1.3297777E+07   1.3300638E+07   1.3306032E+07   1.3303480E+07   1.3285785E+07   1.3284815E+07   1.3333006E+07   1.3336669E+07   1.3353865E+07   1.3351172E+07
    4.4900   1.3268784E+07   1.3268814E+07   1.3299674E+07   1.3301364E+07   1.3300721E+07   1.3299001E+07   1.3305249E+07   1.3304659E+07   1.3334161E+07   1.3336395E+07   1.3346787E+07   1.3345144E+07
    4.5000   1.3284983E+07   1.3285353E+07   1.3301678E+07   1.3302212E+07   1.3295492E+07   1.3294587E+07   1.3324799E+07   1.3324616E+07   1.3335497E+07   1.3336279E+07   1.3339409E+07   1.3338810E+07
    4.5100   1.3300978E+07   1.3301693E+07   1.3303809E+07   1.3303202E+07   1.3290340E+07   1.3290232E+07   1.3344288E+07   1.3344535E+07   1.3337038E+07   1.3336360E+07   1.3331834E+07   1.3332266E+07
    4.5200   1.3316752E+07   1.3317816E+07   1.3306076E+07   1.3304343E+07   1.3285256E+07   1.3285925E+07   1.3363564E+07   1.3364258E+07   1.3338804E+07   1.3336671E+07   1.3324175E+07   1.3325614E+07
    4.5300   1.3332292E+07   1.3333711E+07   1.3308501E+07   1.3305657E+07   1.3280227E+07   1.3281652E+07   1.3382478E+07   1.3383631E+07   1.3340811E+07   1.3337245E+07   1.3316550E+07   1.3318963E+07
    4.5400   1.3347588E+07   1.3349371E+07   1.3311092E+07   1.3307151E+07   1.3275242E+07   1.3277400E+07   1.3400885E+07   1.3402506E+07   1.3343075E+07   1.3338109E+07   1.3309077E+07   1.3312422E+07
    4.5500   1.3362631E+07   1.3364786E+07   1.3313863E+07   1.3308841E+07   1.3270288E+07   1.3273156E+07   1.3418658E+07   1.3420749E+07   1.3345603E+07   1.3339286E+07   1.3301865E+07   1.3306092E+07
    4.5600   1.3377410E+07   1.3379948E+07   1.3316826E+07   1.3310737E+07   1.3265357E+07   1.3268909E+07   1.3435685E+07   1.3438245E+07   1.3348404E+07   1.3340794E+07   1.3295011E+07   1.3300062E+07
    4.5700   1.3391917E+07   1.3394848E+07   1.3319990E+07   1.3312849E+07   1.3260442E+07   1.3264652E+07   1.3451881E+07   1.3454904E+07   1.3351480E+07   1.3342644E+07   1.3288595E+07   1.3294408E+07
    4.5800   1.3406136E+07   1.3409473E+07   1.3323365E+07   1.3315187E+07   1.3255540E+07   1.3260381E+07   1.3467184E+07   1.3470663E+07   1.3354831E+07   1.3344844E+07   1.3282674E+07   1.3289182E+07
    4.5900   1.3420053E+07   1.3423808E+07   1.3326957E+07   1.3317758E+07   1.3250655E+07   1.3256099E+07   1.3481563E+07   1.3485487E+07   1.3358457E+07   1.3347396E+07   1.3277282E+07   1.3284419E+07
    4.6000   1.3433645E+07   1.3437832E+07   1.3330774E+07   1.3320572E+07   1.3245796E+07   1.3251813E+07   1.3495013E+07   1.3499372E+07   1.3362352E+07   1.3350297E+07   1.3272430E+07   1.3280127E+07
    4.6100   1.3446892E+07   1.3451520E+07   1.3334820E+07   1.3323635E+07   1.3240977E+07   1.3247534E+07   1.3507558E+07   1.3512342E+07   1.3366513E+07   1.3353539E+07   1.3268105E+07   1.3276296E+07
    4.6200   1.3459761E+07   1.3464842E+07   1.3339098E+07   1.3326953E+07   1.3236219E+07   1.3243283E+07   1.3519246E+07   1.3524444E+07   1.3370932E+07   1.3357112E+07   1.3264270E+07   1.3272892E+07
    4.6300   1.3472223E+07   1.3477767E+07   1.3343614E+07   1.3330535E+07   1.3231547E+07   1.3239083E+07   1.3530143E+07   1.3535751E+07   1.3375603E+07   1.3361001E+07   1.3260872E+07   1.3269866E+07
    4.6400   1.3484239E+07   1.3490254E+07   1.3348369E+07   1.3334384E+07   1.3226989E+07   1.3234958E+07   1.3540335E+07   1.3546348E+07   1.3380517E+07   1.3365192E+07   1.3257840E+07   1.3267153E+07
    4.6500   1.3495773E+07   1.3502267E+07   1.3353365E+07   1.3338508E+07   1.3222577E+07   1.3230940E+07   1.3549914E+07   1.3556332E+07   1.3385668E+07   1.3369667E+07   1.3255096E+07   1.3264680E+07
    4.6600   1.3506784E+07   1.3513762E+07   1.3358604E+07   1.3342912E+07   1.3218346E+07   1.3227060E+07   1.3558978E+07   1.3565804E+07   1.3391049E+07   1.3374410E+07   1.3252556E+07   1.3262369E+07
    4.6700   1.3517232E+07   1.3524699E+07   1.3364090E+07   1.3347604E+07   1.3214329E+07   1.3223348E+07   1.3567619E+07   1.3574861E+07   1.3396654E+07   1.3379405E+07   1.3250138E+07   1.3260145E+07
    4.6800   1.3527077E+07   1.3535036E+07   1.3369822E+07   1.3352587E+07   1.3210557E+07   1.3219834E+07   1.3575923E+07   1.3583592E+07   1.3402477E+07   1.3384639E+07   1.3247767E+07   1.3257936E+07
    4.6900   1.3536285E+07   1.3544736E+07   1.3375806E+07   1.3357869E+07   1.3207059E+07   1.3216545E+07   1.3583961E+07   1.3592070E+07   1.3408516E+07   1.3390100E+07   1.3245378E+07   1.3255684E+07
    4.7000   1.3544818E+07   1.3553762E+07   1.3382042E+07   1.3363456E+07   1.3203860E+07   1.3213502E+07   1.3591783E+07   1.3600349E+07   1.3414767E+07   1.3395782E+07   1.3242922E+07   1.3253342E+07
    4.7100   1.3552651E+07   1.3562087E+07   1.3388536E+07   1.3369355E+07   1.3200977E+07   1.3210722E+07   1.3599419E+07   1.3608459E+07   1.3421231E+07   1.3401679E+07   1.3240371E+07   1.3250883E+07
    4.7200   1.3559757E+07   1.3569686E+07   1.3395293E+07   1.3375573E+07   1.3198422E+07   1.3208214E+07   1.3606873E+07   1.3616405E+07   1.3427908E+07   1.3407793E+07   1.3237714E+07   1.3248297E+07
    4.7300   1.3566119E+07   1.3576540E+07   1.3402317E+07   1.3382115E+07   1.3196201E+07   1.3205983E+07   1.3614123E+07   1.3624164E+07   1.3434801E+07   1.3414129E+07   1.3234963E+07   1.3245594E+07
    4.7400   1.3571726E+07   1.3582638E+07   1.3409618E+07   1.3388992E+07   1.3194309E+07   1.3204023E+07   1.3621121E+07   1.3631689E+07   1.3441917E+07   1.3420695E+07   1.3232151E+07   1.3242805E+07
    4.7500   1.3576572E+07   1.3587977E+07   1.3417196E+07   1.3396203E+07   1.3192737E+07   1.3202325E+07   1.3627800E+07   1.3638908E+07   1.3449262E+07   1.3427507E+07   1.3229327E+07   1.3239974E+07
    4.7600   1.3580655E+07   1.3592556E+07   1.3425070E+07   1.3403766E+07   1.3191464E+07   1.3200867E+07   1.3634070E+07   1.3645730E+07   1.3456846E+07   1.3434582E+07   1.3226558E+07   1.3237162E+07
    4.7700   1.3583983E+07   1.3596384E+07   1.3433237E+07   1.3411677E+07   1.3190469E+07   1.3199629E+07   1.3639827E+07   1.3652048E+07   1.3464680E+07   1.3441940E+07   1.3223919E+07   1.3234437E+07
    4.7800   1.3586564E+07   1.3599472E+07   1.3441713E+07   1.3419949E+07   1.3189719E+07   1.3198576E+07   1.3644958E+07   1.3657746E+07   1.3472778E+07   1.3449607E+07   1.3221491E+07   1.3231874E+07
    4.7900   1.3588414E+07   1.3601836E+07   1.3450504E+07   1.3428586E+07   1.3189184E+07   1.3197680E+07   1.3649347E+07   1.3662704E+07   1.3481155E+07   1.3457607E+07   1.3219356E+07   1.3229548E+07
    4.8000   1.3589546E+07   1.3603493E+07   1.3459618E+07   1.3437593E+07   1.3188825E+07   1.3196903E+07   1.3652879E+07   1.3666804E+07   1.3489828E+07   1.3465968E+07   1.3217592E+07   1.3227526E+07
    4.8100   1.3589980E+07   1.3604467E+07   1.3469065E+07   1.3446976E+07   1.3188604E+07   1.3196206E+07   1.3655447E+07   1.3669938E+07   1.3498814E+07   1.3474718E+07   1.3216264E+07   1.3225870E+07
    4.8200   1.3589730E+07   1.3604771E+07   1.3478850E+07   1.3456739E+07   1.3188488E+07   1.3195558E+07   1.3656961E+07   1.3672013E+07   1.3508133E+07   1.3483882E+07   1.3215424E+07   1.3224624E+07
    4.8300   1.3588817E+07   1.3604431E+07   1.3488981E+07   1.3466885E+07   1.3188439E+07   1.3194921E+07   1.3657346E+07   1.3672955E+07   1.3517803E+07   1.3493484E+07   1.3215105E+07   1.3223814E+07
    4.8400   1.3587253E+07   1.3603458E+07   1.3499463E+07   1.3477419E+07   1.3188424E+07   1.3194264E+07   1.3656551E+07   1.3672713E+07   1.3527842E+07   1.3503548E+07   1.3215316E+07   1.3223448E+07
    4.8500   1.3585051E+07   1.3601869E+07   1.3510300E+07   1.3488340E+07   1.3188421E+07   1.3193562E+07   1.3654551E+07   1.3671264E+07   1.3538269E+07   1.3514091E+07   1.3216044E+07   1.3223510E+07
    4.8600   1.3582219E+07   1.3599674E+07   1.3521494E+07   1.3499649E+07   1.3188402E+07   1.3192792E+07   1.3651346E+07   1.3668610E+07   1.3549100E+07   1.3525127E+07   1.3217254E+07   1.3223963E+07
    4.8700   1.3578766E+07   1.3596880E+07   1.3533046E+07   1.3511347E+07   1.3188354E+07   1.3191939E+07   1.3646961E+07   1.3664782E+07   1.3560350E+07   1.3536666E+07   1.3218885E+07   1.3224748E+07
    4.8800   1.3574693E+07   1.3593490E+07   1.3544955E+07   1.3523432E+07   1.3188264E+07   1.3190990E+07   1.3641448E+07   1.3659834E+07   1.3572030E+07   1.3548714E+07   1.3220858E+07   1.3225788E+07
    4.8900   1.3570000E+07   1.3589505E+07   1.3557217E+07   1.3535898E+07   1.3188126E+07   1.3189941E+07   1.3634880E+07   1.3653847E+07   1.3584151E+07   1.3561271E+07   1.3223076E+07   1.3226990E+07
    4.9000   1.3564685E+07   1.3584921E+07   1.3569828E+07   1.3548743E+07   1.3187943E+07   1.3188793E+07   1.3627349E+07   1.3646916E+07   1.3596716E+07   1.3574330E+07   1.3225432E+07   1.3228252E+07
    4.9100   1.3558747E+07   1.3579738E+07   1.3582780E+07   1.3561957E+07   1.3187713E+07   1.3187544E+07   1.3618957E+07   1.3639152E+07   1.3609729E+07   1.3587881E+07   1.3227809E+07   1.3229463E+07
    4.9200   1.3552178E+07   1.3573946E+07   1.3596063E+07   1.3575534E+07   1.3187446E+07   1.3186208E+07   1.3609820E+07   1.3630674E+07   1.3623186E+07   1.3601909E+07   1.3230091E+07   1.3230514E+07
    4.9300   1.3544980E+07   1.3567546E+07   1.3609669E+07   1.3589464E+07   1.3187149E+07   1.3184788E+07   1.3600051E+07   1.3621602E+07   1.3637080E+07   1.3616396E+07   1.3232166E+07   1.3231299E+07
    4.9400   1.3537148E+07   1.3560533E+07   1.3623582E+07   1.3603733E+07   1.3186829E+07   1.3183294E+07   1.3589764E+07   1.3612054E+07   1.3651400E+07   1.3631315E+07   1.3233930E+07   1.3231724E+07
    4.9500   1.3528686E+07   1.3552910E+07   1.3637790E+07   1.3618328E+07   1.3186497E+07   1.3181736E+07   1.3579063E+07   1.3602137E+07   1.3666127E+07   1.3646642E+07   1.3235297E+07   1.3231708E+07
    4.9600   1.3519600E+07   1.3544680E+07   1.3652278E+07   1.3633235E+07   1.3186154E+07   1.3180118E+07   1.3568041E+07   1.3591946E+07   1.3681242E+07   1.3662346E+07   1.3236198E+07   1.3231189E+07
    4.9700   1.3509901E+07   1.3535854E+07   1.3667028E+07   1.3648435E+07   1.3185806E+07   1.3178447E+07   1.3556774E+07   1.3581558E+07   1.3696717E+07   1.3678394E+07   1.3236587E+07   1.3230127E+07
    4.9800   1.3499606E+07   1.3526448E+07   1.3682026E+07   1.3663913E+07   1.3185449E+07   1.3176720E+07   1.3545321E+07   1.3571031E+07   1.3712525E+07   1.3694752E+07   1.3236442E+07   1.3228504E+07
    4.9900   1.3488739E+07   1.3516484E+07   1.3697249E+07   1.3679646E+07   1.3185075E+07   1.3174933E+07   1.3533717E+07   1.3560399E+07   1.3728631E+07   1.3711387E+07   1.3235764E+07   1.3226326E+07
    5.0000   1.3477326E+07   1.3505991E+07   1.3712684E+07   1.3695617E+07   1.3184673E+07   1.3173076E+07   1.3521982E+07   1.3549678E+07   1.3745000E+07   1.3728263E+07   1.3234581E+07   1.3223622E+07
    5.0100   1.3465404E+07   1.3495002E+07   1.3728310E+07   1.3711802E+07   1.3184224E+07   1.3171134E+07   1.3510112E+07   1.3538859E+07   1.3761595E+07   1.3745345E+07   1.3232938E+07   1.3220441E+07
    5.0200   1.3453013E+07   1.3483560E+07   1.3744108E+07   1.3728180E+07   1.3183705E+07   1.3169086E+07   1.3498090E+07   1.3527920E+07   1.3778376E+07   1.3762599E+07   1.3230902E+07   1.3216849E+07
    5.0300   1.3440198E+07   1.3471708E+07   1.3760060E+07   1.3744729E+07   1.3183090E+07   1.3166910E+07   1.3485882E+07   1.3516821E+07   1.3795305E+07   1.3779993E+07   1.3228551E+07   1.3212925E+07
    5.0400   1.3427006E+07   1.3459496E+07   1.3776148E+07   1.3761426E+07   1.3182343E+07   1.3164576E+07   1.3473447E+07   1.3505513E+07   1.3812344E+07   1.3797495E+07   1.3225972E+07   1.3208755E+07
    5.0500   1.3413491E+07   1.3446977E+07   1.3792354E+07   1.3778248E+07   1.3181433E+07   1.3162053E+07   1.3460737E+07   1.3493942E+07   1.3829455E+07   1.3815076E+07   1.3223255E+07   1.3204429E+07
    5.0600   1.3399703E+07   1.3434201E+07   1.3808659E+07   1.3795173E+07   1.3180322E+07   1.3159310E+07   1.3447703E+07   1.3482054E+07   1.3846604E+07   1.3832710E+07   1.3220487E+07   1.3200031E+07
    5.0700   1.3385696E+07   1.3421225E+07   1.3825046E+07   1.3812177E+07   1.3178973E+07   1.3156313E+07   1.3434303E+07   1.3469798E+07   1.3863760E+07   1.3850371E+07   1.3217746E+07   1.3195639E+07
    5.0800   1.3371519E+07   1.3408096E+07   1.3841500E+07   1.3829243E+07   1.3177349E+07   1.3153030E+07   1.3420500E+07   1.3457136E+07   1.3880894E+07   1.3868036E+07   1.3215095E+07   1.3191316E+07
    5.0900   1.3357221E+07   1.3394866E+07   1.3858002E+07   1.3846344E+07   1.3175418E+07   1.3149430E+07   1.3406272E+07   1.3444040E+07   1.3897981E+07   1.3885686E+07   1.3212580E+07   1.3187107E+07
    5.1000   1.3342843E+07   1.3381578E+07   1.3874538E+07   1.3863465E+07   1.3173146E+07   1.3145484E+07   1.3391612E+07   1.3430501E+07   1.3915002E+07   1.3903300E+07   1.3210225E+07   1.3183038E+07
    5.1100   1.3328428E+07   1.3368272E+07   1.3891091E+07   1.3880585E+07   1.3170508E+07   1.3141170E+07   1.3376531E+07   1.3416529E+07   1.3931940E+07   1.3920864E+07   1.3208031E+07   1.3179109E+07
    5.1200   1.3314008E+07   1.3354981E+07   1.3907647E+07   1.3897686E+07   1.3167481E+07   1.3136469E+07   1.3361057E+07   1.3402153E+07   1.3948785E+07   1.3938363E+07   1.3205972E+07   1.3175298E+07
    5.1300   1.3299609E+07   1.3341733E+07   1.3924190E+07   1.3914751E+07   1.3164048E+07   1.3131364E+07   1.3345238E+07   1.3387423E+07   1.3965528E+07   1.3955783E+07   1.3204000E+07   1.3171560E+07
    5.1400   1.3285254E+07   1.3328550E+07   1.3940708E+07   1.3931764E+07   1.3160200E+07   1.3125848E+07   1.3329139E+07   1.3372407E+07   1.3982165E+07   1.3973114E+07   1.3202044E+07   1.3167828E+07
    5.1500   1.3270961E+07   1.3315448E+07   1.3957185E+07   1.3948710E+07   1.3155927E+07   1.3119915E+07   1.3312839E+07   1.3357188E+07   1.3998696E+07   1.3990345E+07   1.3200015E+07   1.3164017E+07
    5.1600   1.3256738E+07   1.3302435E+07   1.3973606E+07   1.3965573E+07   1.3151230E+07   1.3113567E+07   1.3296428E+07   1.3341862E+07   1.4015122E+07   1.4007468E+07   1.3197808E+07   1.3160028E+07
    5.1700   1.3242595E+07   1.3289520E+07   1.3989960E+07   1.3982341E+07   1.3146111E+07   1.3106806E+07   1.3280004E+07   1.3326533E+07   1.4031448E+07   1.4024475E+07   1.3195308E+07   1.3155752E+07
    5.1800   1.3228532E+07   1.3276702E+07   1.4006230E+07   1.3998997E+07   1.3140578E+07   1.3099640E+07   1.3263669E+07   1.3311309E+07   1.4047677E+07   1.4041359E+07   1.3192398E+07   1.3151076E+07
    5.1900   1.3214553E+07   1.3263985E+07   1.4022403E+07   1.4015531E+07   1.3134639E+07   1.3092079E+07   1.3247522E+07   1.3296295E+07   1.4063815E+07   1.4058112E+07   1.3188960E+07   1.3145890E+07
    5.2000   1.3200657E+07   1.3251365E+07   1.4038466E+07   1.4031927E+07   1.3128303E+07   1.3084133E+07   1.3231655E+07   1.3281590E+07   1.4079867E+07   1.4074728E+07   1.3184885E+07   1.3140089E+07
    5.2100   1.3186846E+07   1.3238844E+07   1.4054403E+07   1.4048172E+07   1.3121581E+07   1.3075815E+07   1.3216152E+07   1.3267282E+07   1.4095835E+07   1.4091200E+07   1.3180077E+07   1.3133582E+07
    5.2200   1.3173122E+07   1.3226420E+07   1.4070201E+07   1.4064253E+07   1.3114481E+07   1.3067131E+07   1.3201080E+07   1.3253442E+07   1.4111719E+07   1.4107521E+07   1.3174457E+07   1.3126293E+07
    5.2300   1.3159490E+07   1.3214100E+07   1.4085845E+07   1.4080155E+07   1.3107014E+07   1.3058094E+07   1.3186492E+07   1.3240126E+07   1.4127519E+07   1.4123684E+07   1.3167966E+07   1.3118169E+07
    5.2400   1.3145958E+07   1.3201890E+07   1.4101322E+07   1.4095864E+07   1.3099179E+07   1.3048706E+07   1.3172420E+07   1.3227366E+07   1.4143229E+07   1.4139678E+07   1.3160571E+07   1.3109176E+07
    5.2500   1.3132539E+07   1.3189801E+07   1.4116616E+07   1.4111364E+07   1.3090983E+07   1.3038973E+07   1.3158877E+07   1.3215177E+07   1.4158841E+07   1.4155496E+07   1.3152262E+07   1.3099307E+07
    5.2600   1.3119251E+07   1.3177851E+07   1.4131712E+07   1.4126640E+07   1.3082421E+07   1.3028893E+07   1.3145857E+07   1.3203551E+07   1.4174341E+07   1.4171125E+07   1.3143057E+07   1.3088579E+07
    5.2700   1.3106113E+07   1.3166059E+07   1.4146596E+07   1.4141676E+07   1.3073488E+07   1.3018463E+07   1.3133335E+07   1.3192460E+07   1.4189714E+07   1.4186553E+07   1.3132994E+07   1.3077031E+07
    5.2800   1.3093154E+07   1.3154451E+07   1.4161253E+07   1.4156455E+07   1.3064176E+07   1.3007677E+07   1.3121272E+07   1.3181860E+07   1.4204941E+07   1.4201765E+07   1.3122134E+07   1.3064721E+07
    5.2900   1.3080401E+07   1.3143057E+07   1.4175666E+07   1.4170957E+07   1.3054473E+07   1.2996526E+07   1.3109617E+07   1.3171696E+07   1.4219998E+07   1.4216747E+07   1.3110556E+07   1.3051728E+07
    5.3000   1.3067887E+07   1.3131908E+07   1.4189821E+07   1.4185167E+07   1.3044366E+07   1.2984998E+07   1.3098311E+07   1.3161902E+07   1.4234858E+07   1.4231479E+07   1.3098351E+07   1.3038139E+07
    5.3100   1.3055647E+07   1.3121039E+07   1.4203701E+07   1.4199066E+07   1.3033839E+07   1.2973082E+07   1.3087291E+07   1.3152408E+07   1.4249494E+07   1.4245943E+07   1.3085618E+07   1.3024052E+07
    5.3200   1.3043718E+07   1.3110486E+07   1.4217291E+07   1.4212634E+07   1.3022879E+07   1.2960767E+07   1.3076495E+07   1.3143146E+07   1.4263875E+07   1.4260117E+07   1.3072460E+07   1.3009567E+07
    5.3300   1.3032131E+07   1.3100282E+07   1.4230574E+07   1.4225854E+07   1.3011471E+07   1.2948041E+07   1.3065868E+07   1.3134053E+07   1.4277970E+07   1.4273979E+07   1.3058976E+07   1.2994782E+07
    5.3400   1.3020924E+07   1.3090462E+07   1.4243535E+07   1.4238706E+07   1.2999604E+07   1.2934895E+07   1.3055362E+07   1.3125077E+07   1.4291746E+07   1.4287503E+07   1.3045257E+07   1.2979785E+07
    5.3500   1.3010123E+07   1.3081054E+07   1.4256158E+07   1.4251174E+07   1.2987270E+07   1.2921325E+07   1.3044945E+07   1.3116178E+07   1.4305171E+07   1.4300664E+07   1.3031380E+07   1.2964656E+07
    5.3600   1.2999759E+07   1.3072085E+07   1.4268428E+07   1.4263239E+07   1.2974464E+07   1.2907326E+07   1.3034601E+07   1.3107334E+07   1.4318215E+07   1.4313435E+07   1.3017410E+07   1.2949457E+07
    5.3700   1.2989851E+07   1.3063575E+07   1.4280328E+07   1.4274886E+07   1.2961187E+07   1.2892905E+07   1.3024330E+07   1.3098544E+07   1.4330847E+07   1.4325789E+07   1.3003388E+07   1.2934233E+07
    5.3800   1.2980415E+07   1.3055541E+07   1.4291845E+07   1.4286100E+07   1.2947446E+07   1.2878066E+07   1.3014153E+07   1.3089823E+07   1.4343039E+07   1.4337699E+07   1.2989339E+07   1.2919009E+07
    5.3900   1.2971461E+07   1.3047987E+07   1.4302964E+07   1.4296866E+07   1.2933253E+07   1.2862824E+07   1.3004105E+07   1.3081207E+07   1.4354767E+07   1.4349137E+07   1.2975263E+07   1.2903792E+07
    5.4000   1.2962994E+07   1.3040920E+07   1.4313673E+07   1.4307174E+07   1.2918624E+07   1.2847198E+07   1.2994242E+07   1.3072750E+07   1.4366009E+07   1.4360077E+07   1.2961145E+07   1.2888569E+07
    5.4100   1.2955011E+07   1.3034332E+07   1.4323958E+07   1.4317009E+07   1.2903582E+07   1.2831209E+07   1.2984630E+07   1.3064520E+07   1.4376745E+07   1.4370496E+07   1.2946949E+07   1.2873308E+07
    5.4200   1.2947499E+07   1.3028211E+07   1.4333808E+07   1.4326366E+07   1.2888156E+07   1.2814887E+07   1.2975347E+07   1.3056595E+07   1.4386959E+07   1.4380371E+07   1.2932625E+07   1.2857965E+07
    5.4300   1.2940450E+07   1.3022545E+07   1.4343215E+07   1.4335235E+07   1.2872376E+07   1.2798261E+07   1.2966477E+07   1.3049062E+07   1.4396641E+07   1.4389682E+07   1.2918112E+07   1.2842486E+07
    5.4400   1.2933841E+07   1.3017309E+07   1.4352166E+07   1.4343609E+07   1.2856278E+07   1.2781366E+07   1.2958104E+07   1.3042008E+07   1.4405782E+07   1.4398413E+07   1.2903344E+07   1.2826810E+07
    5.4500   1.2927650E+07   1.3012481E+07   1.4360658E+07   1.4351488E+07   1.2839897E+07   1.2764237E+07   1.2950310E+07   1.3035517E+07   1.4414376E+07   1.4406551E+07   1.2888254E+07   1.2810873E+07
    5.4600   1.2921855E+07   1.3008032E+07   1.4368682E+07   1.4358865E+07   1.2823271E+07   1.2746911E+07   1.2943167E+07   1.3029665E+07   1.4422423E+07   1.4414086E+07   1.2872778E+07   1.2794616E+07
    5.4700   1.2916428E+07   1.3003935E+07   1.4376236E+07   1.4365743E+07   1.2806435E+07   1.2729422E+07   1.2936734E+07   1.3024515E+07   1.4429924E+07   1.4421015E+07   1.2856859E+07   1.2777987E+07
    5.4800   1.2911342E+07   1.3000162E+07   1.4383316E+07   1.4372120E+07   1.2789425E+07   1.2711802E+07   1.2931057E+07   1.3020112E+07   1.4436883E+07   1.4427337E+07   1.2840454E+07   1.2760945E+07
    5.4900   1.2906573E+07   1.2996686E+07   1.4389922E+07   1.4377999E+07   1.2772273E+07   1.2694084E+07   1.2926157E+07   1.3016483E+07   1.4443308E+07   1.4433056E+07   1.2823536E+07   1.2743462E+07
    5.5000   1.2902098E+07   1.2993481E+07   1.4396056E+07   1.4383386E+07   1.2755006E+07   1.2676292E+07   1.2922037E+07   1.3013629E+07   1.4449206E+07   1.4438179E+07   1.2806095E+07   1.2725530E+07
    5.5100   1.2897894E+07   1.2990526E+07   1.4401718E+07   1.4388283E+07   1.2737650E+07   1.2658453E+07   1.2918678E+07   1.3011532E+07   1.4454589E+07   1.4442720E+07   1.2788141E+07   1.2707156E+07
    5.5200   1.2893944E+07   1.2987801E+07   1.4406916E+07   1.4392700E+07   1.2720221E+07   1.2640579E+07   1.2916037E+07   1.3010148E+07   1.4459469E+07   1.4446694E+07   1.2769705E+07   1.2688368E+07
    5.5300   1.2890231E+07   1.2985291E+07   1.4411653E+07   1.4396642E+07   1.2702739E+07   1.2622690E+07   1.2914051E+07   1.3009413E+07   1.4463858E+07   1.4450120E+07   1.2750835E+07   1.2669211E+07
    5.5400   1.2886747E+07   1.2982985E+07   1.4415937E+07   1.4400117E+07   1.2685209E+07   1.2604791E+07   1.2912639E+07   1.3009244E+07   1.4467771E+07   1.4453020E+07   1.2731598E+07   1.2649744E+07
    5.5500   1.2883479E+07   1.2980873E+07   1.4419777E+07   1.4403136E+07   1.2667641E+07   1.2586889E+07   1.2911707E+07   1.3009542E+07   1.4471222E+07   1.4455418E+07   1.2712073E+07   1.2630042E+07
    5.5600   1.2880425E+07   1.2978950E+07   1.4423181E+07   1.4405707E+07   1.2650037E+07   1.2568985E+07   1.2911148E+07   1.3010197E+07   1.4474226E+07   1.4457341E+07   1.2692349E+07   1.2610186E+07
    5.5700   1.2877576E+07   1.2977211E+07   1.4426160E+07   1.4407842E+07   1.2632397E+07   1.2551081E+07   1.2910851E+07   1.3011095E+07   1.4476800E+07   1.4458813E+07   1.2672524E+07   1.2590267E+07
    5.5800   1.2874933E+07   1.2975656E+07   1.4428725E+07   1.4409551E+07   1.2614721E+07   1.2533173E+07   1.2910704E+07   1.3012120E+07   1.4478957E+07   1.4459863E+07   1.2652694E+07   1.2570373E+07
    5.5900   1.2872490E+07   1.2974279E+07   1.4430885E+07   1.4410843E+07   1.2597008E+07   1.2515261E+07   1.2910600E+07   1.3013160E+07   1.4480714E+07   1.4460516E+07   1.2632953E+07   1.2550592E+07
    5.6000   1.2870245E+07   1.2973079E+07   1.4432655E+07   1.4411733E+07   1.2579256E+07   1.2497343E+07   1.2910440E+07   1.3014113E+07   1.4482085E+07   1.4460798E+07   1.2613388E+07   1.2531003E+07
    5.6100   1.2868192E+07   1.2972053E+07   1.4434043E+07   1.4412231E+07   1.2561472E+07   1.2479423E+07   1.2910140E+07   1.3014892E+07   1.4483085E+07   1.4460730E+07   1.2594074E+07   1.2511677E+07
    5.6200   1.2866323E+07   1.2971189E+07   1.4435063E+07   1.4412351E+07   1.2543654E+07   1.2461500E+07   1.2909630E+07   1.3015426E+07   1.4483728E+07   1.4460336E+07   1.2575072E+07   1.2492668E+07
    5.6300   1.2864628E+07   1.2970482E+07   1.4435724E+07   1.4412103E+07   1.2525819E+07   1.2443588E+07   1.2908861E+07   1.3015664E+07   1.4484028E+07   1.4459632E+07   1.2556424E+07   1.2474016E+07
    5.6400   1.2863091E+07   1.2969911E+07   1.4436040E+07   1.4411500E+07   1.2507974E+07   1.2425693E+07   1.2907805E+07   1.3015577E+07   1.4483998E+07   1.4458636E+07   1.2538156E+07   1.2455745E+07
    5.6500   1.2861695E+07   1.2969463E+07   1.4436020E+07   1.4410557E+07   1.2490143E+07   1.2407837E+07   1.2906452E+07   1.3015156E+07   1.4483649E+07   1.4457361E+07   1.2520275E+07   1.2437861E+07
    5.6600   1.2860415E+07   1.2969111E+07   1.4435674E+07   1.4409285E+07   1.2472343E+07   1.2390037E+07   1.2904815E+07   1.3014414E+07   1.4482995E+07   1.4455816E+07   1.2502771E+07   1.2420352E+07
    5.6700   1.2859228E+07   1.2968829E+07   1.4435015E+07   1.4407699E+07   1.2454608E+07   1.2372323E+07   1.2902923E+07   1.3013383E+07   1.4482045E+07   1.4454009E+07   1.2485618E+07   1.2403194E+07
    5.6800   1.2858101E+07   1.2968586E+07   1.4434050E+07   1.4405810E+07   1.2436966E+07   1.2354722E+07   1.2900820E+07   1.3012110E+07   1.4480810E+07   1.4451947E+07   1.2468778E+07   1.2386352E+07
    5.6900   1.2857002E+07   1.2968347E+07   1.4432793E+07   1.4403635E+07   1.2419455E+07   1.2337268E+07   1.2898562E+07   1.3010651E+07   1.4479299E+07   1.4449634E+07   1.2452203E+07   1.2369779E+07
    5.7000   1.2855896E+07   1.2968077E+07   1.4431250E+07   1.4401185E+07   1.2402113E+07   1.2319997E+07   1.2896210E+07   1.3009073E+07   1.4477521E+07   1.4447070E+07   1.2435841E+07   1.2353428E+07
    5.7100   1.2854747E+07   1.2967737E+07   1.4429431E+07   1.4398474E+07   1.2384979E+07   1.2302946E+07   1.2893829E+07   1.3007443E+07   1.4475484E+07   1.4444259E+07   1.2419639E+07   1.2337249E+07
    5.7200   1.2853517E+07   1.2967289E+07   1.4427350E+07   1.4395520E+07   1.2368093E+07   1.2286151E+07   1.2891480E+07   1.3005825E+07   1.4473195E+07   1.4441201E+07   1.2403548E+07   1.2321196E+07
    5.7300   1.2852171E+07   1.2966695E+07   1.4425013E+07   1.4392333E+07   1.2351495E+07   1.2269652E+07   1.2889218E+07   1.3004277E+07   1.4470660E+07   1.4437898E+07   1.2387527E+07   1.2305231E+07
    5.7400   1.2850675E+07   1.2965921E+07   1.4422435E+07   1.4388931E+07   1.2335221E+07   1.2253479E+07   1.2887088E+07   1.3002844E+07   1.4467886E+07   1.4434351E+07   1.2371547E+07   1.2289326E+07
    5.7500   1.2848997E+07   1.2964933E+07   1.4419624E+07   1.4385327E+07   1.2319304E+07   1.2237665E+07   1.2885118E+07   1.3001557E+07   1.4464880E+07   1.4430566E+07   1.2355593E+07   1.2273469E+07
    5.7600   1.2847107E+07   1.2963702E+07   1.4416595E+07   1.4381539E+07   1.2303777E+07   1.2222238E+07   1.2883320E+07   1.3000427E+07   1.4461646E+07   1.4426546E+07   1.2339665E+07   1.2257659E+07
    5.7700   1.2844984E+07   1.2962205E+07   1.4413358E+07   1.4377578E+07   1.2288660E+07   1.2207220E+07   1.2881690E+07   1.2999449E+07   1.4458192E+07   1.4422300E+07   1.2323784E+07   1.2241917E+07
    5.7800   1.2842606E+07   1.2960420E+07   1.4409930E+07   1.4373466E+07   1.2273976E+07   1.2192627E+07   1.2880201E+07   1.2998596E+07   1.4454524E+07   1.4417838E+07   1.2307984E+07   1.2226275E+07
    5.7900   1.2839957E+07   1.2958331E+07   1.4406324E+07   1.4369214E+07   1.2259737E+07   1.2178473E+07   1.2878810E+07   1.2997823E+07   1.4450650E+07   1.4413173E+07   1.2292319E+07   1.2210784E+07
    5.8000   1.2837028E+07   1.2955930E+07   1.4402556E+07   1.4364840E+07   1.2245951E+07   1.2164765E+07   1.2877458E+07   1.2997066E+07   1.4446579E+07   1.4408321E+07   1.2276854E+07   1.2195506E+07
    5.8100   1.2833811E+07   1.2953209E+07   1.4398642E+07   1.4360363E+07   1.2232620E+07   1.2151501E+07   1.2876071E+07   1.2996249E+07   1.4442321E+07   1.4403299E+07   1.2261669E+07   1.2180513E+07
    5.8200   1.2830301E+07   1.2950166E+07   1.4394599E+07   1.4355797E+07   1.2219744E+07   1.2138682E+07   1.2874565E+07   1.2995284E+07   1.4437889E+07   1.4398131E+07   1.2246847E+07   1.2165886E+07
    5.8300   1.2826501E+07   1.2946803E+07   1.4390444E+07   1.4351161E+07   1.2207315E+07   1.2126297E+07   1.2872848E+07   1.2994077E+07   1.4433295E+07   1.4392838E+07   1.2232477E+07   1.2151706E+07
    5.8400   1.2822410E+07   1.2943121E+07   1.4386198E+07   1.4346473E+07   1.2195326E+07   1.2114340E+07   1.2870828E+07   1.2992529E+07   1.4428558E+07   1.4387448E+07   1.2218646E+07   1.2138054E+07
    5.8500   1.2818033E+07   1.2939128E+07   1.4381875E+07   1.4341748E+07   1.2183762E+07   1.2102795E+07   1.2868413E+07   1.2990549E+07   1.4423694E+07   1.4381987E+07   1.2205435E+07   1.2125006E+07
    5.8600   1.2813372E+07   1.2934826E+07   1.4377499E+07   1.4337008E+07   1.2172614E+07   1.2091651E+07   1.2865518E+07   1.2988048E+07   1.4418724E+07   1.4376485E+07   1.2192916E+07   1.2112626E+07
    5.8700   1.2808430E+07   1.2930222E+07   1.4373085E+07   1.4332268E+07   1.2161870E+07   1.2080896E+07   1.2862071E+07   1.2984952E+07   1.4413671E+07   1.4370971E+07   1.2181147E+07   1.2100966E+07
    5.8800   1.2803209E+07   1.2925316E+07   1.4368655E+07   1.4327549E+07   1.2151516E+07   1.2070516E+07   1.2858009E+07   1.2981198E+07   1.4408559E+07   1.4365475E+07   1.2170167E+07   1.2090063E+07
    5.8900   1.2797707E+07   1.2920111E+07   1.4364226E+07   1.4322866E+07   1.2141545E+07   1.2060502E+07   1.2853290E+07   1.2976743E+07   1.4403415E+07   1.4360028E+07   1.2159999E+07   1.2079934E+07
    5.9000   1.2791923E+07   1.2914605E+07   1.4359819E+07   1.4318242E+07   1.2131950E+07   1.2050846E+07   1.2847887E+07   1.2971564E+07   1.4398267E+07   1.4354657E+07   1.2150645E+07   1.2070578E+07
    5.9100   1.2785848E+07   1.2908792E+07   1.4355449E+07   1.4313690E+07   1.2122728E+07   1.2041543E+07   1.2841792E+07   1.2965654E+07   1.4393142E+07   1.4349392E+07   1.2142086E+07   1.2061976E+07
    5.9200   1.2779476E+07   1.2902667E+07   1.4351137E+07   1.4309233E+07   1.2113879E+07   1.2032592E+07   1.2835017E+07   1.2959028E+07   1.4388071E+07   1.4344258E+07   1.2134286E+07   1.2054089E+07
    5.9300   1.2772792E+07   1.2896215E+07   1.4346896E+07   1.4304884E+07   1.2105406E+07   1.2023996E+07   1.2827589E+07   1.2951718E+07   1.4383082E+07   1.4339280E+07   1.2127190E+07   1.2046864E+07
    5.9400   1.2765787E+07   1.2889427E+07   1.4342745E+07   1.4300664E+07   1.2097316E+07   1.2015759E+07   1.2819550E+07   1.2943773E+07   1.4378205E+07   1.4334482E+07   1.2120731E+07   1.2040233E+07
    5.9500   1.2758441E+07   1.2882283E+07   1.4338696E+07   1.4296586E+07   1.2089620E+07   1.2007889E+07   1.2810955E+07   1.2935251E+07   1.4373468E+07   1.4329883E+07   1.2114830E+07   1.2034120E+07
    5.9600   1.2750739E+07   1.2874771E+07   1.4334766E+07   1.4292667E+07   1.2082329E+07   1.2000397E+07   1.2801867E+07   1.2926221E+07   1.4368896E+07   1.4325502E+07   1.2109403E+07   1.2028443E+07
    5.9700   1.2742665E+07   1.2866872E+07   1.4330966E+07   1.4288921E+07   1.2075454E+07   1.1993293E+07   1.2792353E+07   1.2916757E+07   1.4364514E+07   1.4321355E+07   1.2104363E+07   1.2023119E+07
    5.9800   1.2734202E+07   1.2858571E+07   1.4327307E+07   1.4285360E+07   1.2069011E+07   1.1986590E+07   1.2782480E+07   1.2906931E+07   1.4360344E+07   1.4317455E+07   1.2099629E+07   1.2018068E+07
    5.9900   1.2725338E+07   1.2849854E+07   1.4323800E+07   1.4281997E+07   1.2063011E+07   1.1980299E+07   1.2772313E+07   1.2896813E+07   1.4356404E+07   1.4313813E+07   1.2095125E+07   1.2013218E+07
    6.0000   1.2716059E+07   1.2840710E+07   1.4320457E+07   1.4278845E+07   1.2057466E+07   1.1974429E+07   1.2761910E+07   1.2886463E+07   1.4352710E+07   1.4310437E+07   1.2090787E+07   1.2008507E+07
    6.0100   1.2706361E+07   1.2831132E+07   1.4317281E+07   1.4275907E+07   1.2052384E+07   1.1968989E+07   1.2751317E+07   1.2875934E+07   1.4349273E+07   1.4307335E+07   1.2086567E+07   1.2003889E+07
    6.0200   1.2696238E+07   1.2821116E+07   1.4314285E+07   1.4273198E+07   1.2047771E+07   1.1963982E+07   1.2740571E+07   1.2865261E+07   1.4346102E+07   1.4304510E+07   1.2082430E+07   1.1999333E+07
    6.0300   1.2685697E+07   1.2810668E+07   1.4311471E+07   1.4270718E+07   1.2043628E+07   1.1959411E+07   1.2729693E+07   1.2854469E+07   1.4343201E+07   1.4301966E+07   1.2078365E+07   1.1994825E+07
    6.0400   1.2674740E+07   1.2799792E+07   1.4308848E+07   1.4268477E+07   1.2039951E+07   1.1955271E+07   1.2718690E+07   1.2843563E+07   1.4340571E+07   1.4299704E+07   1.2074376E+07   1.1990372E+07
    6.0500   1.2663386E+07   1.2788506E+07   1.4306417E+07   1.4266474E+07   1.2036733E+07   1.1951557E+07   1.2707556E+07   1.2832535E+07   1.4338210E+07   1.4297721E+07   1.2070485E+07   1.1985996E+07
    6.0600   1.2651648E+07   1.2776826E+07   1.4304187E+07   1.4264717E+07   1.2033963E+07   1.1948257E+07   1.2696271E+07   1.2821366E+07   1.4336113E+07   1.4296017E+07   1.2066732E+07   1.1981734E+07
    6.0700   1.2639556E+07   1.2764779E+07   1.4302156E+07   1.4263201E+07   1.2031622E+07   1.1945356E+07   1.2684807E+07   1.2810021E+07   1.4334271E+07   1.4294589E+07   1.2063169E+07   1.1977639E+07
    6.0800   1.2627131E+07   1.2752391E+07   1.4300329E+07   1.4261929E+07   1.2029693E+07   1.1942834E+07   1.2673125E+07   1.2798460E+07   1.4332676E+07   1.4293432E+07   1.2059859E+07   1.1973770E+07
    6.0900   1.2614411E+07   1.2739700E+07   1.4298707E+07   1.4260899E+07   1.2028149E+07   1.1940670E+07   1.2661184E+07   1.2786637E+07   1.4331316E+07   1.4292541E+07   1.2056871E+07   1.1970195E+07
    6.1000   1.2601426E+07   1.2726738E+07   1.4297292E+07   1.4260109E+07   1.2026968E+07   1.1938842E+07   1.2648941E+07   1.2774504E+07   1.4330179E+07   1.4291910E+07   1.2054274E+07   1.1966983E+07
    6.1100   1.2588216E+07   1.2713544E+07   1.4296083E+07   1.4259555E+07   1.2026120E+07   1.1937322E+07   1.2636356E+07   1.2762018E+07   1.4329253E+07   1.4291532E+07   1.2052137E+07   1.1964197E+07
    6.1200   1.2574816E+07   1.2700156E+07   1.4295081E+07   1.4259235E+07   1.2025578E+07   1.1936086E+07   1.2623396E+07   1.2749141E+07   1.4328525E+07   1.4291401E+07   1.2050519E+07   1.1961898E+07
    6.1300   1.2561262E+07   1.2686612E+07   1.4294284E+07   1.4259142E+07   1.2025316E+07   1.1935110E+07   1.2610036E+07   1.2735846E+07   1.4327983E+07   1.4291510E+07   1.2049469E+07   1.1960133E+07
    6.1400   1.2547592E+07   1.2672950E+07   1.4293693E+07   1.4259276E+07   1.2025306E+07   1.1934367E+07   1.2596264E+07   1.2722119E+07   1.4327618E+07   1.4291849E+07   1.2049022E+07   1.1958937E+07
    6.1500   1.2533837E+07   1.2659203E+07   1.4293303E+07   1.4259628E+07   1.2025526E+07   1.1933837E+07   1.2582085E+07   1.2707961E+07   1.4327420E+07   1.4292412E+07   1.2049195E+07   1.1958328E+07
    6.1600   1.2520029E+07   1.2645403E+07   1.4293117E+07   1.4260197E+07   1.2025954E+07   1.1933503E+07   1.2567514E+07   1.2693390E+07   1.4327382E+07   1.4293190E+07   1.2049989E+07   1.1958307E+07
    6.1700   1.2506193E+07   1.2631576E+07   1.4293129E+07   1.4260975E+07   1.2026573E+07   1.1933346E+07   1.2552586E+07   1.2678440E+07   1.4327499E+07   1.4294174E+07   1.2051382E+07   1.1958855E+07
    6.1800   1.2492355E+07   1.2617749E+07   1.4293337E+07   1.4261960E+07   1.2027369E+07   1.1933356E+07   1.2537350E+07   1.2663161E+07   1.4327769E+07   1.4295358E+07   1.2053336E+07   1.1959938E+07
    6.1900   1.2478532E+07   1.2603939E+07   1.4293739E+07   1.4263146E+07   1.2028331E+07   1.1933520E+07   1.2521869E+07   1.2647619E+07   1.4328189E+07   1.4296734E+07   1.2055795E+07   1.1961502E+07
    6.2000   1.2464743E+07   1.2590164E+07   1.4294331E+07   1.4264528E+07   1.2029451E+07   1.1933836E+07   1.2506217E+07   1.2631892E+07   1.4328760E+07   1.4298294E+07   1.2058689E+07   1.1963483E+07
    6.2100   1.2450998E+07   1.2576436E+07   1.4295110E+07   1.4266103E+07   1.2030726E+07   1.1934297E+07   1.2490476E+07   1.2616067E+07   1.4329486E+07   1.4300032E+07   1.2061936E+07   1.1965802E+07
    6.2200   1.2437308E+07   1.2562765E+07   1.4296069E+07   1.4267864E+07   1.2032154E+07   1.1934905E+07   1.2474734E+07   1.2600235E+07   1.4330370E+07   1.4301943E+07   1.2065446E+07   1.1968375E+07
    6.2300   1.2423684E+07   1.2549161E+07   1.4297208E+07   1.4269809E+07   1.2033733E+07   1.1935658E+07   1.2459081E+07   1.2584492E+07   1.4331416E+07   1.4304020E+07   1.2069126E+07   1.1971114E+07
    6.2400   1.2410130E+07   1.2535629E+07   1.4298519E+07   1.4271930E+07   1.2035466E+07   1.1936559E+07   1.2443602E+07   1.2568928E+07   1.4332630E+07   1.4306259E+07   1.2072884E+07   1.1973931E+07
    6.2500   1.2396655E+07   1.2522177E+07   1.4299999E+07   1.4274224E+07   1.2037351E+07   1.1937607E+07   1.2428380E+07   1.2553630E+07   1.4334017E+07   1.4308657E+07   1.2076631E+07   1.1976743E+07
    6.2600   1.2383267E+07   1.2508813E+07   1.4301641E+07   1.4276683E+07   1.2039389E+07   1.1938804E+07   1.2413484E+07   1.2538673E+07   1.4335582E+07   1.4311211E+07   1.2080291E+07   1.1979476E+07
    6.2700   1.2369975E+07   1.2495545E+07   1.4303441E+07   1.4279304E+07   1.2041578E+07   1.1940148E+07   1.2398976E+07   1.2524120E+07   1.4337330E+07   1.4313918E+07   1.2083796E+07   1.1982068E+07
    6.2800   1.2356793E+07   1.2482388E+07   1.4305392E+07   1.4282078E+07   1.2043913E+07   1.1941636E+07   1.2384899E+07   1.2510018E+07   1.4339264E+07   1.4316775E+07   1.2087098E+07   1.1984470E+07
    6.2900   1.2343733E+07   1.2469353E+07   1.4307489E+07   1.4284998E+07   1.2046388E+07   1.1943262E+07   1.2371283E+07   1.2496399E+07   1.4341384E+07   1.4319781E+07   1.2090160E+07   1.1986651E+07
    6.3000   1.2330816E+07   1.2456462E+07   1.4309724E+07   1.4288055E+07   1.2048990E+07   1.1945017E+07   1.2358143E+07   1.2483279E+07   1.4343691E+07   1.4322933E+07   1.2092968E+07   1.1988594E+07
    6.3100   1.2318064E+07   1.2443736E+07   1.4312093E+07   1.4291243E+07   1.2051707E+07   1.1946888E+07   1.2345477E+07   1.2470654E+07   1.4346181E+07   1.4326229E+07   1.2095524E+07   1.1990302E+07
    6.3200   1.2305501E+07   1.2431201E+07   1.4314584E+07   1.4294549E+07   1.2054524E+07   1.1948862E+07   1.2333269E+07   1.2458509E+07   1.4348850E+07   1.4329666E+07   1.2097844E+07   1.1991792E+07
    6.3300   1.2293157E+07   1.2418887E+07   1.4317194E+07   1.4297967E+07   1.2057416E+07   1.1950918E+07   1.2321493E+07   1.2446814E+07   1.4351691E+07   1.4333240E+07   1.2099962E+07   1.1993096E+07
    6.3400   1.2281065E+07   1.2406826E+07   1.4319911E+07   1.4301480E+07   1.2060365E+07   1.1953038E+07   1.2310111E+07   1.2435531E+07   1.4354694E+07   1.4336946E+07   1.2101923E+07   1.1994255E+07
    6.3500   1.2269258E+07   1.2395054E+07   1.4322728E+07   1.4305079E+07   1.2063343E+07   1.1955199E+07   1.2299084E+07   1.2424614E+07   1.4357848E+07   1.4340777E+07   1.2103778E+07   1.1995322E+07
    6.3600   1.2257773E+07   1.2383607E+07   1.4325635E+07   1.4308752E+07   1.2066327E+07   1.1957379E+07   1.2288367E+07   1.2414017E+07   1.4361139E+07   1.4344726E+07   1.2105586E+07   1.1996352E+07
    6.3700   1.2246646E+07   1.2372524E+07   1.4328619E+07   1.4312483E+07   1.2069291E+07   1.1959554E+07   1.2277918E+07   1.2403694E+07   1.4364551E+07   1.4348783E+07   1.2107405E+07   1.1997401E+07
    6.3800   1.2235915E+07   1.2361841E+07   1.4331675E+07   1.4316260E+07   1.2072210E+07   1.1961704E+07   1.2267701E+07   1.2393605E+07   1.4368068E+07   1.4352936E+07   1.2109290E+07   1.1998523E+07
    6.3900   1.2225615E+07   1.2351594E+07   1.4334784E+07   1.4320065E+07   1.2075061E+07   1.1963806E+07   1.2257690E+07   1.2383719E+07   1.4371671E+07   1.4357170E+07   1.2111289E+07   1.1999767E+07
    6.4000   1.2215779E+07   1.2341817E+07   1.4337940E+07   1.4323886E+07   1.2077825E+07   1.1965845E+07   1.2247868E+07   1.2374017E+07   1.4375341E+07   1.4361469E+07   1.2113441E+07   1.2001169E+07
    6.4100   1.2206438E+07   1.2332542E+07   1.4341126E+07   1.4327705E+07   1.2080484E+07   1.1967806E+07   1.2238233E+07   1.2364495E+07   1.4379058E+07   1.4365815E+07   1.2115771E+07   1.2002757E+07
    6.4200   1.2197620E+07   1.2323794E+07   1.4344331E+07   1.4331509E+07   1.2083026E+07   1.1969678E+07   1.2228797E+07   1.2355163E+07   1.4382802E+07   1.4370187E+07   1.2118292E+07   1.2004545E+07
    6.4300   1.2189348E+07   1.2315598E+07   1.4347537E+07   1.4335279E+07   1.2085441E+07   1.1971454E+07   1.2219589E+07   1.2346048E+07   1.4386551E+07   1.4374564E+07   1.2120999E+07   1.2006531E+07
    6.4400   1.2181639E+07   1.2307970E+07   1.4350736E+07   1.4339003E+07   1.2087727E+07   1.1973134E+07   1.2210651E+07   1.2337193E+07   1.4390286E+07   1.4378921E+07   1.2123875E+07   1.2008702E+07
    6.4500   1.2174509E+07   1.2300924E+07   1.4353907E+07   1.4342663E+07   1.2089886E+07   1.1974720E+07   1.2202040E+07   1.2328655E+07   1.4393986E+07   1.4383234E+07   1.2126889E+07   1.2011030E+07
    6.4600   1.2167969E+07   1.2294470E+07   1.4357038E+07   1.4346244E+07   1.2091920E+07   1.1976217E+07   1.2193822E+07   1.2320501E+07   1.4397632E+07   1.4387478E+07   1.2129995E+07   1.2013475E+07
    6.4700   1.2162021E+07   1.2288610E+07   1.4360114E+07   1.4349733E+07   1.2093840E+07   1.1977637E+07   1.2186075E+07   1.2312810E+07   1.4401205E+07   1.4391626E+07   1.2133142E+07   1.2015990E+07
    6.4800   1.2156670E+07   1.2283346E+07   1.4363118E+07   1.4353113E+07   1.2095660E+07   1.1978993E+07   1.2178878E+07   1.2305663E+07   1.4404687E+07   1.4395653E+07   1.2136268E+07   1.2018522E+07
    6.4900   1.2151913E+07   1.2278674E+07   1.4366036E+07   1.4356371E+07   1.2097393E+07   1.1980302E+07   1.2172314E+07   1.2299146E+07   1.4408061E+07   1.4399535E+07   1.2139313E+07   1.2021012E+07
    6.5000   1.2147746E+07   1.2274589E+07   1.4368856E+07   1.4359495E+07   1.2099057E+07   1.1981579E+07   1.2166461E+07   1.2293338E+07   1.4411311E+07   1.4403247E+07   1.2142215E+07   1.2023407E+07
    6.5100   1.2144165E+07   1.2271085E+07   1.4371559E+07   1.4362470E+07   1.2100669E+07   1.1982844E+07   1.2161392E+07   1.2288315E+07   1.4414422E+07   1.4406767E+07   1.2144916E+07   1.2025652E+07
    6.5200   1.2141162E+07   1.2268151E+07   1.4374137E+07   1.4365287E+07   1.2102248E+07   1.1984114E+07   1.2157171E+07   1.2284141E+07   1.4417379E+07   1.4410076E+07   1.2147368E+07   1.2027705E+07
    6.5300   1.2138732E+07   1.2265781E+07   1.4376571E+07   1.4367930E+07   1.2103807E+07   1.1985405E+07   1.2153846E+07   1.2280867E+07   1.4420169E+07   1.4413155E+07   1.2149534E+07   1.2029532E+07
    6.5400   1.2136867E+07   1.2263966E+07   1.4378855E+07   1.4370392E+07   1.2105364E+07   1.1986732E+07   1.2151451E+07   1.2278528E+07   1.4422781E+07   1.4415989E+07   1.2151388E+07   1.2031109E+07
    6.5500   1.2135563E+07   1.2262702E+07   1.4380975E+07   1.4372662E+07   1.2106928E+07   1.1988108E+07   1.2150005E+07   1.2277140E+07   1.4425202E+07   1.4418565E+07   1.2152920E+07   1.2032429E+07
    6.5600   1.2134817E+07   1.2261982E+07   1.4382921E+07   1.4374730E+07   1.2108509E+07   1.1989541E+07   1.2149507E+07   1.2276702E+07   1.4427422E+07   1.4420872E+07   1.2154138E+07   1.2033498E+07
    6.5700   1.2134626E+07   1.2261806E+07   1.4384686E+07   1.4376589E+07   1.2110114E+07   1.1991037E+07   1.2149938E+07   1.2277195E+07   1.4429432E+07   1.4422904E+07   1.2155061E+07   1.2034337E+07
    6.5800   1.2134991E+07   1.2262171E+07   1.4386260E+07   1.4378229E+07   1.2111742E+07   1.1992599E+07   1.2151264E+07   1.2278582E+07   1.4431223E+07   1.4424657E+07   1.2155725E+07   1.2034979E+07
    6.5900   1.2135916E+07   1.2263081E+07   1.4387636E+07   1.4379645E+07   1.2113396E+07   1.1994227E+07   1.2153437E+07   1.2280811E+07   1.4432788E+07   1.4426127E+07   1.2156178E+07   1.2035470E+07
    6.6000   1.2137400E+07   1.2264537E+07   1.4388808E+07   1.4380828E+07   1.2115069E+07   1.1995917E+07   1.2156395E+07   1.2283818E+07   1.4434120E+07   1.4427315E+07   1.2156478E+07   1.2035865E+07
    6.6100   1.2139451E+07   1.2266546E+07   1.4389771E+07   1.4381773E+07   1.2116757E+07   1.1997665E+07   1.2160068E+07   1.2287529E+07   1.4435214E+07   1.4428223E+07   1.2156689E+07   1.2036225E+07
    6.6200   1.2142073E+07   1.2269112E+07   1.4390521E+07   1.4382477E+07   1.2118451E+07   1.1999462E+07   1.2164381E+07   1.2291867E+07   1.4436066E+07   1.4428854E+07   1.2156881E+07   1.2036613E+07
    6.6300   1.2145269E+07   1.2272238E+07   1.4391051E+07   1.4382931E+07   1.2120145E+07   1.2001303E+07   1.2169259E+07   1.2296750E+07   1.4436673E+07   1.4429214E+07   1.2157122E+07   1.2037095E+07
    6.6400   1.2149045E+07   1.2275931E+07   1.4391362E+07   1.4383134E+07   1.2121830E+07   1.2003179E+07   1.2174626E+07   1.2302102E+07   1.4437032E+07   1.4429308E+07   1.2157475E+07   1.2037729E+07
    6.6500   1.2153402E+07   1.2280190E+07   1.4391447E+07   1.4383082E+07   1.2123500E+07   1.2005084E+07   1.2180415E+07   1.2307852E+07   1.4437143E+07   1.4429141E+07   1.2157999E+07   1.2038570E+07
    6.6600   1.2158340E+07   1.2285017E+07   1.4391306E+07   1.4382772E+07   1.2125149E+07   1.2007012E+07   1.2186566E+07   1.2313937E+07   1.4437005E+07   1.4428719E+07   1.2158741E+07   1.2039662E+07
    6.6700   1.2163855E+07   1.2290408E+07   1.4390936E+07   1.4382201E+07   1.2126774E+07   1.2008962E+07   1.2193031E+07   1.2320307E+07   1.4436619E+07   1.4428047E+07   1.2159737E+07   1.2041039E+07
    6.6800   1.2169939E+07   1.2296355E+07   1.4390334E+07   1.4381368E+07   1.2128380E+07   1.2010936E+07   1.2199775E+07   1.2326928E+07   1.4435987E+07   1.4427131E+07   1.2161009E+07   1.2042719E+07
    6.6900   1.2176583E+07   1.2302848E+07   1.4389500E+07   1.4380274E+07   1.2129967E+07   1.2012935E+07   1.2206777E+07   1.2333777E+07   1.4435110E+07   1.4425972E+07   1.2162565E+07   1.2044709E+07
    6.7000   1.2183771E+07   1.2309869E+07   1.4388430E+07   1.4378914E+07   1.2131547E+07   1.2014971E+07   1.2214031E+07   1.2340849E+07   1.4433991E+07   1.4424575E+07   1.2164398E+07   1.2047003E+07
    6.7100   1.2191483E+07   1.2317401E+07   1.4387125E+07   1.4377293E+07   1.2133133E+07   1.2017053E+07   1.2221544E+07   1.2348152E+07   1.4432633E+07   1.4422939E+07   1.2166490E+07   1.2049582E+07
    6.7200   1.2199697E+07   1.2325418E+07   1.4385581E+07   1.4375408E+07   1.2134740E+07   1.2019198E+07   1.2229335E+07   1.2355707E+07   1.4431037E+07   1.4421065E+07   1.2168808E+07   1.2052415E+07
    6.7300   1.2208386E+07   1.2333893E+07   1.4383798E+07   1.4373263E+07   1.2136390E+07   1.2021425E+07   1.2237432E+07   1.2363544E+07   1.4429207E+07   1.4418952E+07   1.2171315E+07   1.2055465E+07
    6.7400   1.2217520E+07   1.2342796E+07   1.4381774E+07   1.4370857E+07   1.2138107E+07   1.2023756E+07   1.2245872E+07   1.2371703E+07   1.4427146E+07   1.4416597E+07   1.2173963E+07   1.2058687E+07
    6.7500   1.2227067E+07   1.2352091E+07   1.4379509E+07   1.4368193E+07   1.2139915E+07   1.2026214E+07   1.2254694E+07   1.2380224E+07   1.4424854E+07   1.4413998E+07   1.2176705E+07   1.2062037E+07
    6.7600   1.2236995E+07   1.2361746E+07   1.4376999E+07   1.4365273E+07   1.2141843E+07   1.2028825E+07   1.2263938E+07   1.2389151E+07   1.4422333E+07   1.4411151E+07   1.2179494E+07   1.2065470E+07
    6.7700   1.2247267E+07   1.2371723E+07   1.4374247E+07   1.4362101E+07   1.2143918E+07   1.2031615E+07   1.2273640E+07   1.2398522E+07   1.4419583E+07   1.4408051E+07   1.2182287E+07   1.2068945E+07
    6.7800   1.2257850E+07   1.2381987E+07   1.4371249E+07   1.4358677E+07   1.2146167E+07   1.2034610E+07   1.2283832E+07   1.2408369E+07   1.4416604E+07   1.4404696E+07   1.2185050E+07   1.2072428E+07
    6.7900   1.2268711E+07   1.2392504E+07   1.4368010E+07   1.4355009E+07   1.2148617E+07   1.2037833E+07   1.2294534E+07   1.2418715E+07   1.4413396E+07   1.4401082E+07   1.2187758E+07   1.2075897E+07
    6.8000   1.2279815E+07   1.2403237E+07   1.4364526E+07   1.4351097E+07   1.2151292E+07   1.2041306E+07   1.2305755E+07   1.2429571E+07   1.4409955E+07   1.4397205E+07   1.2190398E+07   1.2079341E+07
    6.8100   1.2291136E+07   1.2414161E+07   1.4360801E+07   1.4346947E+07   1.2154213E+07   1.2045050E+07   1.2317493E+07   1.2440931E+07   1.4406281E+07   1.4393063E+07   1.2192974E+07   1.2082762E+07
    6.8200   1.2302642E+07   1.2425241E+07   1.4356837E+07   1.4342563E+07   1.2157399E+07   1.2049081E+07   1.2329729E+07   1.2452776E+07   1.4402370E+07   1.4388657E+07   1.2195502E+07   1.2086175E+07
    6.8300   1.2314313E+07   1.2436457E+07   1.4352636E+07   1.4337950E+07   1.2160863E+07   1.2053411E+07   1.2342430E+07   1.2465074E+07   1.4398219E+07   1.4383986E+07   1.2198014E+07   1.2089611E+07
    6.8400   1.2326123E+07   1.2447785E+07   1.4348202E+07   1.4333114E+07   1.2164616E+07   1.2058050E+07   1.2355551E+07   1.2477774E+07   1.4393826E+07   1.4379053E+07   1.2200554E+07   1.2093111E+07
    6.8500   1.2338055E+07   1.2459205E+07   1.4343540E+07   1.4328060E+07   1.2168666E+07   1.2063003E+07   1.2369033E+07   1.2490816E+07   1.4389187E+07   1.4373861E+07   1.2203180E+07   1.2096730E+07
    6.8600   1.2350094E+07   1.2470703E+07   1.4338656E+07   1.4322795E+07   1.2173013E+07   1.2068272E+07   1.2382806E+07   1.2504128E+07   1.4384302E+07   1.4368416E+07   1.2205957E+07   1.2100529E+07
    6.8700   1.2362222E+07   1.2482263E+07   1.4333553E+07   1.4317326E+07   1.2177661E+07   1.2073855E+07   1.2396795E+07   1.2517628E+07   1.4379168E+07   1.4362725E+07   1.2208956E+07   1.2104575E+07
    6.8800   1.2374429E+07   1.2493874E+07   1.4328243E+07   1.4311661E+07   1.2182606E+07   1.2079750E+07   1.2410918E+07   1.2531232E+07   1.4373788E+07   1.4356797E+07   1.2212252E+07   1.2108937E+07
    6.8900   1.2386704E+07   1.2505526E+07   1.4322728E+07   1.4305805E+07   1.2187840E+07   1.2085949E+07   1.2425093E+07   1.2544855E+07   1.4368162E+07   1.4350642E+07   1.2215918E+07   1.2113684E+07
    6.9000   1.2399034E+07   1.2517207E+07   1.4317021E+07   1.4299771E+07   1.2193362E+07   1.2092448E+07   1.2439239E+07   1.2558413E+07   1.4362296E+07   1.4344273E+07   1.2220022E+07   1.2118879E+07
    6.9100   1.2411406E+07   1.2528904E+07   1.4311128E+07   1.4293564E+07   1.2199164E+07   1.2099238E+07   1.2453282E+07   1.2571828E+07   1.4356193E+07   1.4337702E+07   1.2224625E+07   1.2124578E+07
    6.9200   1.2423811E+07   1.2540610E+07   1.4305061E+07   1.4287198E+07   1.2205239E+07   1.2106312E+07   1.2467153E+07   1.2585030E+07   1.4349864E+07   1.4330945E+07   1.2229776E+07   1.2130827E+07
    6.9300   1.2436231E+07   1.2552307E+07   1.4298828E+07   1.4280680E+07   1.2211584E+07   1.2113664E+07   1.2480796E+07   1.2597961E+07   1.4343317E+07   1.4324016E+07   1.2235512E+07   1.2137657E+07
    6.9400   1.2448649E+07   1.2563980E+07   1.4292439E+07   1.4274022E+07   1.2218195E+07   1.2121289E+07   1.2494165E+07   1.2610576E+07   1.4336566E+07   1.4316931E+07   1.2241855E+07   1.2145087E+07
    6.9500   1.2461047E+07   1.2575611E+07   1.4285908E+07   1.4267238E+07   1.2225071E+07   1.2129186E+07   1.2507229E+07   1.2622844E+07   1.4329624E+07   1.4309707E+07   1.2248808E+07   1.2153120E+07
    6.9600   1.2473401E+07   1.2587176E+07   1.4279242E+07   1.4260337E+07   1.2232213E+07   1.2137351E+07   1.2519969E+07   1.2634746E+07   1.4322508E+07   1.4302360E+07   1.2256363E+07   1.2161743E+07
    6.9700   1.2485687E+07   1.2598652E+07   1.4272455E+07   1.4253334E+07   1.2239626E+07   1.2145791E+07   1.2532379E+07   1.2646281E+07   1.4315237E+07   1.4294907E+07   1.2264494E+07   1.2170930E+07
    6.9800   1.2497875E+07   1.2610011E+07   1.4265559E+07   1.4246243E+07   1.2247314E+07   1.2154504E+07   1.2544465E+07   1.2657457E+07   1.4307828E+07   1.4287365E+07   1.2273162E+07   1.2180642E+07
    6.9900   1.2509938E+07   1.2621223E+07   1.4258561E+07   1.4239072E+07   1.2255289E+07   1.2163502E+07   1.2556243E+07   1.2668293E+07   1.4300303E+07   1.4279750E+07   1.2282317E+07   1.2190829E+07
    7.0000   1.2521842E+07   1.2632256E+07   1.4251478E+07   1.4231842E+07   1.2263559E+07   1.2172789E+07   1.2567736E+07   1.2678817E+07   1.4292683E+07   1.4272080E+07   1.2291902E+07   1.2201432E+07
    7.0100   1.2533555E+07   1.2643078E+07   1.4244317E+07   1.4224562E+07   1.2272134E+07   1.2182375E+07   1.2578972E+07   1.2689061E+07   1.4284987E+07   1.4264368E+07   1.2301853E+07   1.2212391E+07
    7.0200   1.2545041E+07   1.2653654E+07   1.4237090E+07   1.4217245E+07   1.2281030E+07   1.2192270E+07   1.2589980E+07   1.2699059E+07   1.4277238E+07   1.4256633E+07   1.2312107E+07   1.2223643E+07
    7.0300   1.2556271E+07   1.2663954E+07   1.4229810E+07   1.4209908E+07   1.2290255E+07   1.2202483E+07   1.2600789E+07   1.2708844E+07   1.4269455E+07   1.4248887E+07   1.2322602E+07   1.2235125E+07
    7.0400   1.2567211E+07   1.2673944E+07   1.4222485E+07   1.4202560E+07   1.2299822E+07   1.2213022E+07   1.2611424E+07   1.2718444E+07   1.4261658E+07   1.4241147E+07   1.2333282E+07   1.2246782E+07
    7.0500   1.2577832E+07   1.2683596E+07   1.4215127E+07   1.4195216E+07   1.2309739E+07   1.2223896E+07   1.2621901E+07   1.2727881E+07   1.4253864E+07   1.4233426E+07   1.2344099E+07   1.2258566E+07
    7.0600   1.2588107E+07   1.2692882E+07   1.4207748E+07   1.4187889E+07   1.2320014E+07   1.2235106E+07   1.2632232E+07   1.2737167E+07   1.4246089E+07   1.4225737E+07   1.2355015E+07   1.2270442E+07
    7.0700   1.2598013E+07   1.2701782E+07   1.4200353E+07   1.4180586E+07   1.2330649E+07   1.2246657E+07   1.2642413E+07   1.2746302E+07   1.4238348E+07   1.4218094E+07   1.2366009E+07   1.2282383E+07
    7.0800   1.2607532E+07   1.2710275E+07   1.4192958E+07   1.4173323E+07   1.2341645E+07   1.2258546E+07   1.2652434E+07   1.2755276E+07   1.4230652E+07   1.4210509E+07   1.2377068E+07   1.2294378E+07
    7.0900   1.2616647E+07   1.2718348E+07   1.4185566E+07   1.4166106E+07   1.2353000E+07   1.2270769E+07   1.2662272E+07   1.2764067E+07   1.4223012E+07   1.4202992E+07   1.2388196E+07   1.2306430E+07
    7.1000   1.2625350E+07   1.2725991E+07   1.4178192E+07   1.4158947E+07   1.2364705E+07   1.2283318E+07   1.2671892E+07   1.2772640E+07   1.4215435E+07   1.4195556E+07   1.2399412E+07   1.2318553E+07
    7.1100   1.2633632E+07   1.2733199E+07   1.4170841E+07   1.4151852E+07   1.2376749E+07   1.2296180E+07   1.2681252E+07   1.2780952E+07   1.4207928E+07   1.4188208E+07   1.2410743E+07   1.2330772E+07
    7.1200   1.2641493E+07   1.2739972E+07   1.4163524E+07   1.4144832E+07   1.2389119E+07   1.2309342E+07   1.2690303E+07   1.2788951E+07   1.4200494E+07   1.4180960E+07   1.2422228E+07   1.2343125E+07
    7.1300   1.2648935E+07   1.2746312E+07   1.4156245E+07   1.4137890E+07   1.2401796E+07   1.2322784E+07   1.2698990E+07   1.2796581E+07   1.4193137E+07   1.4173818E+07   1.2433914E+07   1.2355652E+07
    7.1400   1.2655961E+07   1.2752226E+07   1.4149016E+07   1.4131035E+07   1.2414761E+07   1.2336487E+07   1.2707256E+07   1.2803782E+07   1.4185857E+07   1.4166789E+07   1.2445850E+07   1.2368402E+07
    7.1500   1.2662581E+07   1.2757723E+07   1.4141841E+07   1.4124270E+07   1.2427991E+07   1.2350429E+07   1.2715045E+07   1.2810496E+07   1.4178654E+07   1.4159879E+07   1.2458087E+07   1.2381421E+07
    7.1600   1.2668802E+07   1.2762814E+07   1.4134728E+07   1.4117603E+07   1.2441464E+07   1.2364588E+07   1.2722304E+07   1.2816668E+07   1.4171529E+07   1.4153094E+07   1.2470672E+07   1.2394754E+07
    7.1700   1.2674636E+07   1.2767510E+07   1.4127683E+07   1.4111034E+07   1.2455155E+07   1.2378939E+07   1.2728990E+07   1.2822251E+07   1.4164479E+07   1.4146437E+07   1.2483649E+07   1.2408440E+07
    7.1800   1.2680092E+07   1.2771825E+07   1.4120712E+07   1.4104572E+07   1.2469041E+07   1.2393459E+07   1.2735065E+07   1.2827208E+07   1.4157504E+07   1.4139910E+07   1.2497049E+07   1.2422511E+07
    7.1900   1.2685181E+07   1.2775767E+07   1.4113819E+07   1.4098216E+07   1.2483101E+07   1.2408128E+07   1.2740505E+07   1.2831511E+07   1.4150603E+07   1.4133515E+07   1.2510896E+07   1.2436987E+07
    7.2000   1.2689914E+07   1.2779352E+07   1.4107011E+07   1.4091971E+07   1.2497313E+07   1.2422924E+07   1.2745297E+07   1.2835149E+07   1.4143775E+07   1.4127253E+07   1.2525197E+07   1.2451876E+07
    7.2100   1.2694294E+07   1.2782583E+07   1.4100291E+07   1.4085841E+07   1.2511658E+07   1.2437829E+07   1.2749442E+07   1.2838123E+07   1.4137020E+07   1.4121123E+07   1.2539946E+07   1.2467172E+07
    7.2200   1.2698332E+07   1.2785471E+07   1.4093663E+07   1.4079828E+07   1.2526121E+07   1.2452826E+07   1.2752956E+07   1.2840448E+07   1.4130340E+07   1.4115125E+07   1.2555124E+07   1.2482857E+07
    7.2300   1.2702028E+07   1.2788019E+07   1.4087131E+07   1.4073934E+07   1.2540686E+07   1.2467902E+07   1.2755866E+07   1.2842154E+07   1.4123735E+07   1.4109257E+07   1.2570697E+07   1.2498897E+07
    7.2400   1.2705385E+07   1.2790229E+07   1.4080700E+07   1.4068164E+07   1.2555343E+07   1.2483045E+07   1.2758210E+07   1.2843283E+07   1.4117210E+07   1.4103518E+07   1.2586617E+07   1.2515248E+07
    7.2500   1.2708403E+07   1.2792103E+07   1.4074370E+07   1.4062517E+07   1.2570082E+07   1.2498245E+07   1.2760038E+07   1.2843886E+07   1.4110768E+07   1.4097904E+07   1.2602826E+07   1.2531853E+07
    7.2600   1.2711080E+07   1.2793639E+07   1.4068147E+07   1.4056999E+07   1.2584895E+07   1.2513494E+07   1.2761405E+07   1.2844023E+07   1.4104414E+07   1.4092415E+07   1.2619258E+07   1.2548649E+07
    7.2700   1.2713412E+07   1.2794834E+07   1.4062031E+07   1.4051609E+07   1.2599776E+07   1.2528787E+07   1.2762372E+07   1.2843758E+07   1.4098153E+07   1.4087048E+07   1.2635839E+07   1.2565568E+07
    7.2800   1.2715399E+07   1.2795686E+07   1.4056026E+07   1.4046353E+07   1.2614720E+07   1.2544116E+07   1.2763001E+07   1.2843158E+07   1.4091991E+07   1.4081803E+07   1.2652496E+07   1.2582538E+07
    7.2900   1.2717033E+07   1.2796191E+07   1.4050132E+07   1.4041228E+07   1.2629720E+07   1.2559476E+07   1.2763351E+07   1.2842285E+07   1.4085936E+07   1.4076678E+07   1.2669154E+07   1.2599487E+07
    7.3000   1.2718315E+07   1.2796349E+07   1.4044353E+07   1.4036240E+07   1.2644773E+07   1.2574863E+07   1.2763478E+07   1.2841200E+07   1.4079993E+07   1.4071673E+07   1.2685742E+07   1.2616350E+07
    7.3100   1.2719243E+07   1.2796157E+07   1.4038689E+07   1.4031388E+07   1.2659867E+07   1.2590265E+07   1.2763430E+07   1.2839955E+07   1.4074169E+07   1.4066790E+07   1.2702199E+07   1.2633064E+07
    7.3200   1.2719817E+07   1.2795617E+07   1.4033143E+07   1.4026674E+07   1.2674997E+07   1.2605677E+07   1.2763246E+07   1.2838591E+07   1.4068472E+07   1.4062029E+07   1.2718469E+07   1.2649578E+07
    7.3300   1.2720043E+07   1.2794736E+07   1.4027716E+07   1.4022098E+07   1.2690149E+07   1.2621084E+07   1.2762956E+07   1.2837140E+07   1.4062907E+07   1.4057393E+07   1.2734509E+07   1.2665850E+07
    7.3400   1.2719924E+07   1.2793518E+07   1.4022409E+07   1.4017660E+07   1.2705308E+07   1.2636474E+07   1.2762574E+07   1.2835620E+07   1.4057480E+07   1.4052884E+07   1.2750290E+07   1.2681850E+07
    7.3500   1.2719473E+07   1.2791975E+07   1.4017224E+07   1.4013362E+07   1.2720458E+07   1.2651829E+07   1.2762106E+07   1.2834036E+07   1.4052195E+07   1.4048506E+07   1.2765791E+07   1.2697560E+07
    7.3600   1.2718704E+07   1.2790124E+07   1.4012160E+07   1.4009199E+07   1.2735577E+07   1.2667129E+07   1.2761544E+07   1.2832382E+07   1.4047056E+07   1.4044263E+07   1.2781009E+07   1.2712975E+07
    7.3700   1.2717631E+07   1.2787979E+07   1.4007221E+07   1.4005174E+07   1.2750643E+07   1.2682352E+07   1.2760873E+07   1.2830642E+07   1.4042065E+07   1.4040158E+07   1.2795949E+07   1.2728098E+07
    7.3800   1.2716277E+07   1.2785567E+07   1.4002404E+07   1.4001281E+07   1.2765626E+07   1.2697471E+07   1.2760065E+07   1.2828788E+07   1.4037225E+07   1.4036196E+07   1.2810627E+07   1.2742944E+07
    7.3900   1.2714663E+07   1.2782907E+07   1.3997712E+07   1.3997520E+07   1.2780501E+07   1.2712460E+07   1.2759089E+07   1.2826787E+07   1.4032535E+07   1.4032379E+07   1.2825066E+07   1.2757534E+07
    7.4000   1.2712818E+07   1.2780030E+07   1.3993143E+07   1.3993886E+07   1.2795235E+07   1.2727290E+07   1.2757909E+07   1.2824603E+07   1.4027995E+07   1.4028710E+07   1.2839295E+07   1.2771896E+07
    7.4100   1.2710764E+07   1.2776963E+07   1.3988697E+07   1.3990376E+07   1.2809797E+07   1.2741930E+07   1.2756491E+07   1.2822199E+07   1.4023604E+07   1.4025193E+07   1.2853344E+07   1.2786057E+07
    7.4200   1.2708535E+07   1.2773737E+07   1.3984370E+07   1.3986983E+07   1.2824156E+07   1.2756352E+07   1.2754799E+07   1.2819539E+07   1.4019358E+07   1.4021826E+07   1.2867243E+07   1.2800046E+07
    7.4300   1.2706155E+07   1.2770381E+07   1.3980164E+07   1.3983705E+07   1.2838279E+07   1.2770523E+07   1.2752807E+07   1.2816593E+07   1.4015254E+07   1.4018611E+07   1.2881018E+07   1.2813886E+07
    7.4400   1.2703656E+07   1.2766926E+07   1.3976074E+07   1.3980534E+07   1.2852137E+07   1.2784418E+07   1.2750494E+07   1.2813340E+07   1.4011288E+07   1.4015543E+07   1.2894689E+07   1.2827598E+07
    7.4500   1.2701064E+07   1.2763401E+07   1.3972097E+07   1.3977465E+07   1.2865701E+07   1.2798008E+07   1.2747849E+07   1.2809769E+07   1.4007455E+07   1.4012621E+07   1.2908268E+07   1.2841193E+07
    7.4600   1.2698407E+07   1.2759833E+07   1.3968229E+07   1.3974490E+07   1.2878946E+07   1.2811270E+07   1.2744873E+07   1.2805881E+07   1.4003749E+07   1.4009837E+07   1.2921756E+07   1.2854671E+07
    7.4700   1.2695706E+07   1.2756246E+07   1.3964466E+07   1.3971602E+07   1.2891850E+07   1.2824184E+07   1.2741581E+07   1.2801688E+07   1.4000163E+07   1.4007185E+07   1.2935143E+07   1.2868024E+07
    7.4800   1.2692985E+07   1.2752664E+07   1.3960803E+07   1.3968796E+07   1.2904392E+07   1.2836731E+07   1.2737998E+07   1.2797219E+07   1.3996690E+07   1.4004654E+07   1.2948407E+07   1.2881232E+07
    7.4900   1.2690261E+07   1.2749104E+07   1.3957233E+07   1.3966060E+07   1.2916558E+07   1.2848898E+07   1.2734163E+07   1.2792512E+07   1.3993324E+07   1.4002234E+07   1.2961515E+07   1.2894266E+07
    7.5000   1.2687552E+07   1.2745584E+07   1.3953750E+07   1.3963390E+07   1.2928335E+07   1.2860673E+07   1.2730126E+07   1.2787621E+07   1.3990057E+07   1.3999912E+07   1.2974425E+07   1.2907086E+07
    7.5100   1.2684872E+07   1.2742118E+07   1.3950348E+07   1.3960777E+07   1.2939714E+07   1.2872049E+07   1.2725946E+07   1.2782605E+07   1.3986880E+07   1.3997674E+07   1.2987086E+07   1.2919644E+07
    7.5200   1.2682229E+07   1.2738715E+07   1.3947018E+07   1.3958210E+07   1.2950691E+07   1.2883022E+07   1.2721690E+07   1.2777534E+07   1.3983785E+07   1.3995505E+07   1.2999439E+07   1.2931886E+07
    7.5300   1.2679635E+07   1.2735386E+07   1.3943754E+07   1.3955684E+07   1.2961262E+07   1.2893590E+07   1.2717429E+07   1.2772481E+07   1.3980764E+07   1.3993389E+07   1.3011423E+07   1.2943757E+07
    7.5400   1.2677096E+07   1.2732137E+07   1.3940545E+07   1.3953188E+07   1.2971426E+07   1.2903752E+07   1.2713234E+07   1.2767521E+07   1.3977808E+07   1.3991309E+07   1.3022976E+07   1.2955198E+07
    7.5500   1.2674619E+07   1.2728973E+07   1.3937388E+07   1.3950717E+07   1.2981184E+07   1.2913510E+07   1.2709177E+07   1.2762728E+07   1.3974907E+07   1.3989250E+07   1.3034037E+07   1.2966153E+07
    7.5600   1.2672209E+07   1.2725900E+07   1.3934266E+07   1.3948256E+07   1.2990537E+07   1.2922866E+07   1.2705324E+07   1.2758170E+07   1.3972051E+07   1.3987195E+07   1.3044551E+07   1.2976571E+07
    7.5700   1.2669873E+07   1.2722924E+07   1.3931181E+07   1.3945804E+07   1.2999485E+07   1.2931821E+07   1.2701734E+07   1.2753908E+07   1.3969232E+07   1.3985129E+07   1.3054468E+07   1.2986408E+07
    7.5800   1.2667617E+07   1.2720051E+07   1.3928117E+07   1.3943346E+07   1.3008031E+07   1.2940378E+07   1.2698458E+07   1.2749993E+07   1.3966439E+07   1.3983037E+07   1.3063750E+07   1.2995628E+07
    7.5900   1.2665447E+07   1.2717286E+07   1.3925071E+07   1.3940879E+07   1.3016171E+07   1.2948534E+07   1.2695532E+07   1.2746464E+07   1.3963663E+07   1.3980906E+07   1.3072370E+07   1.3004206E+07
    7.6000   1.2663375E+07   1.2714640E+07   1.3922032E+07   1.3938392E+07   1.3023905E+07   1.2956290E+07   1.2692985E+07   1.2743348E+07   1.3960892E+07   1.3978723E+07   1.3080312E+07   1.3012128E+07
    7.6100   1.2661410E+07   1.2712122E+07   1.3918995E+07   1.3935877E+07   1.3031227E+07   1.2963642E+07   1.2690827E+07   1.2740657E+07   1.3958118E+07   1.3976477E+07   1.3087573E+07   1.3019394E+07
    7.6200   1.2659564E+07   1.2709746E+07   1.3915952E+07   1.3933327E+07   1.3038132E+07   1.2970584E+07   1.2689061E+07   1.2738391E+07   1.3955330E+07   1.3974160E+07   1.3094163E+07   1.3026013E+07
    7.6300   1.2657850E+07   1.2707524E+07   1.3912897E+07   1.3930734E+07   1.3044608E+07   1.2977107E+07   1.2687673E+07   1.2736535E+07   1.3952519E+07   1.3971762E+07   1.3100101E+07   1.3032006E+07
    7.6400   1.2656288E+07   1.2705474E+07   1.3909824E+07   1.3928092E+07   1.3050647E+07   1.2983204E+07   1.2686642E+07   1.2735066E+07   1.3949675E+07   1.3969279E+07   1.3105420E+07   1.3037401E+07
    7.6500   1.2654889E+07   1.2703610E+07   1.3906727E+07   1.3925390E+07   1.3056234E+07   1.2988860E+07   1.2685936E+07   1.2733949E+07   1.3946790E+07   1.3966705E+07   1.3110155E+07   1.3042236E+07
    7.6600   1.2653676E+07   1.2701954E+07   1.3903604E+07   1.3922627E+07   1.3061357E+07   1.2994065E+07   1.2685517E+07   1.2733146E+07   1.3943857E+07   1.3964038E+07   1.3114351E+07   1.3046551E+07
    7.6700   1.2652664E+07   1.2700522E+07   1.3900444E+07   1.3919790E+07   1.3066000E+07   1.2998805E+07   1.2685346E+07   1.2732611E+07   1.3940868E+07   1.3961274E+07   1.3118052E+07   1.3050391E+07
    7.6800   1.2651871E+07   1.2699333E+07   1.3897249E+07   1.3916879E+07   1.3070149E+07   1.3003067E+07   1.2685380E+07   1.2732302E+07   1.3937817E+07   1.3958412E+07   1.3121304E+07   1.3053797E+07
    7.6900   1.2651315E+07   1.2698404E+07   1.3894010E+07   1.3913883E+07   1.3073790E+07   1.3006838E+07   1.2685581E+07   1.2732177E+07   1.3934699E+07   1.3955452E+07   1.3124148E+07   1.3056809E+07
    7.7000   1.2651010E+07   1.2697751E+07   1.3890728E+07   1.3910801E+07   1.3076910E+07   1.3010106E+07   1.2685911E+07   1.2732197E+07   1.3931511E+07   1.3952395E+07   1.3126621E+07   1.3059461E+07
    7.7100   1.2650970E+07   1.2697387E+07   1.3887395E+07   1.3907626E+07   1.3079500E+07   1.3012862E+07   1.2686344E+07   1.2732333E+07   1.3928249E+07   1.3949239E+07   1.3128749E+07   1.3061780E+07
    7.7200   1.2651203E+07   1.2697322E+07   1.3884011E+07   1.3904354E+07   1.3081550E+07   1.3015098E+07   1.2686860E+07   1.2732565E+07   1.3924912E+07   1.3945985E+07   1.3130552E+07   1.3063783E+07
    7.7300   1.2651720E+07   1.2697564E+07   1.3880570E+07   1.3900980E+07   1.3083057E+07   1.3016812E+07   1.2687447E+07   1.2732881E+07   1.3921498E+07   1.3942634E+07   1.3132036E+07   1.3065477E+07
    7.7400   1.2652522E+07   1.2698116E+07   1.3877071E+07   1.3897503E+07   1.3084019E+07   1.3018002E+07   1.2688107E+07   1.2733281E+07   1.3918008E+07   1.3939184E+07   1.3133200E+07   1.3066859E+07
    7.7500   1.2653609E+07   1.2698979E+07   1.3873509E+07   1.3893918E+07   1.3084439E+07   1.3018670E+07   1.2688850E+07   1.2733778E+07   1.3914442E+07   1.3935636E+07   1.3134030E+07   1.3067917E+07
    7.7600   1.2654982E+07   1.2700150E+07   1.3869881E+07   1.3890222E+07   1.3084322E+07   1.3018822E+07   1.2689695E+07   1.2734391E+07   1.3910801E+07   1.3931988E+07   1.3134502E+07   1.3068628E+07
    7.7700   1.2656630E+07   1.2701620E+07   1.3866187E+07   1.3886416E+07   1.3083679E+07   1.3018469E+07   1.2690670E+07   1.2735151E+07   1.3907086E+07   1.3928238E+07   1.3134585E+07   1.3068962E+07
    7.7800   1.2658545E+07   1.2703381E+07   1.3862418E+07   1.3882492E+07   1.3082523E+07   1.3017623E+07   1.2691810E+07   1.2736094E+07   1.3903300E+07   1.3924383E+07   1.3134242E+07   1.3068884E+07
    7.7900   1.2660717E+07   1.2705419E+07   1.3858577E+07   1.3878455E+07   1.3080867E+07   1.3016297E+07   1.2693154E+07   1.2737261E+07   1.3899444E+07   1.3920422E+07   1.3133432E+07   1.3068356E+07
    7.8000   1.2663129E+07   1.2707717E+07   1.3854657E+07   1.3874300E+07   1.3078734E+07   1.3014512E+07   1.2694742E+07   1.2738694E+07   1.3895518E+07   1.3916351E+07   1.3132113E+07   1.3067337E+07
    7.8100   1.2665769E+07   1.2710262E+07   1.3850656E+07   1.3870027E+07   1.3076139E+07   1.3012285E+07   1.2696613E+07   1.2740434E+07   1.3891524E+07   1.3912165E+07   1.3130246E+07   1.3065792E+07
    7.8200   1.2668617E+07   1.2713033E+07   1.3846572E+07   1.3865634E+07   1.3073106E+07   1.3009636E+07   1.2698804E+07   1.2742521E+07   1.3887462E+07   1.3907862E+07   1.3127795E+07   1.3063686E+07
    7.8300   1.2671658E+07   1.2716015E+07   1.3842402E+07   1.3861123E+07   1.3069654E+07   1.3006585E+07   1.2701345E+07   1.2744986E+07   1.3883331E+07   1.3903438E+07   1.3124735E+07   1.3060996E+07
    7.8400   1.2674876E+07   1.2719188E+07   1.3838142E+07   1.3856491E+07   1.3065806E+07   1.3003154E+07   1.2704259E+07   1.2747851E+07   1.3879129E+07   1.3898889E+07   1.3121045E+07   1.3057703E+07
    7.8500   1.2678255E+07   1.2722537E+07   1.3833793E+07   1.3851739E+07   1.3061579E+07   1.2999359E+07   1.2707558E+07   1.2751130E+07   1.3874855E+07   1.3894211E+07   1.3116721E+07   1.3053802E+07
    7.8600   1.2681781E+07   1.2726047E+07   1.3829351E+07   1.3846868E+07   1.3056994E+07   1.2995221E+07   1.2711246E+07   1.2754825E+07   1.3870505E+07   1.3889401E+07   1.3111766E+07   1.3049298E+07
    7.8700   1.2685440E+07   1.2729702E+07   1.3824816E+07   1.3841877E+07   1.3052068E+07   1.2990753E+07   1.2715312E+07   1.2758926E+07   1.3866074E+07   1.3884458E+07   1.3106198E+07   1.3044209E+07
    7.8800   1.2689227E+07   1.2733496E+07   1.3820186E+07   1.3836767E+07   1.3046813E+07   1.2985971E+07   1.2719737E+07   1.2763411E+07   1.3861560E+07   1.3879379E+07   1.3100047E+07   1.3038563E+07
    7.8900   1.2693125E+07   1.2737414E+07   1.3815462E+07   1.3831540E+07   1.3041244E+07   1.2980887E+07   1.2724491E+07   1.2768247E+07   1.3856955E+07   1.3874162E+07   1.3093356E+07   1.3032401E+07
    7.9000   1.2697134E+07   1.2741451E+07   1.3810644E+07   1.3826195E+07   1.3035371E+07   1.2975511E+07   1.2729532E+07   1.2773391E+07   1.3852256E+07   1.3868808E+07   1.3086174E+07   1.3025771E+07
    7.9100   1.2701245E+07   1.2745602E+07   1.3805731E+07   1.3820735E+07   1.3029201E+07   1.2969849E+07   1.2734815E+07   1.2778792E+07   1.3847456E+07   1.3863318E+07   1.3078560E+07   1.3018730E+07
    7.9200   1.2705454E+07   1.2749860E+07   1.3800727E+07   1.3815161E+07   1.3022744E+07   1.2963912E+07   1.2740285E+07   1.2784393E+07   1.3842551E+07   1.3857692E+07   1.3070580E+07   1.3011339E+07
    7.9300   1.2709759E+07   1.2754224E+07   1.3795630E+07   1.3809475E+07   1.3016003E+07   1.2957701E+07   1.2745886E+07   1.2790136E+07   1.3837536E+07   1.3851932E+07   1.3062300E+07   1.3003662E+07
    7.9400   1.2714155E+07   1.2758688E+07   1.3790447E+07   1.3803682E+07   1.3008985E+07   1.2951224E+07   1.2751562E+07   1.2795959E+07   1.3832408E+07   1.3846043E+07   1.3053786E+07   1.2995762E+07
    7.9500   1.2718639E+07   1.2763250E+07   1.3785175E+07   1.3797781E+07   1.3001695E+07   1.2944486E+07   1.2757258E+07   1.2801804E+07   1.3827164E+07   1.3840028E+07   1.3045102E+07   1.2987700E+07
    7.9600   1.2723206E+07   1.2767904E+07   1.3779823E+07   1.3791781E+07   1.2994139E+07   1.2937491E+07   1.2762923E+07   1.2807618E+07   1.3821803E+07   1.3833891E+07   1.3036305E+07   1.2979531E+07
    7.9700   1.2727849E+07   1.2772643E+07   1.3774390E+07   1.3785682E+07   1.2986325E+07   1.2930248E+07   1.2768512E+07   1.2813353E+07   1.3816325E+07   1.3827638E+07   1.3027446E+07   1.2971301E+07
    7.9800   1.2732560E+07   1.2777459E+07   1.3768883E+07   1.3779491E+07   1.2978260E+07   1.2922762E+07   1.2773989E+07   1.2818971E+07   1.3810732E+07   1.3821275E+07   1.3018565E+07   1.2963048E+07
    7.9900   1.2737329E+07   1.2782341E+07   1.3763306E+07   1.3773213E+07   1.2969956E+07   1.2915044E+07   1.2779327E+07   1.2824443E+07   1.3805027E+07   1.3814809E+07   1.3009690E+07   1.2954800E+07
    8.0000   1.2742142E+07   1.2787275E+07   1.3757663E+07   1.3766856E+07   1.2961426E+07   1.2907108E+07   1.2784506E+07   1.2829750E+07   1.3799216E+07   1.3808247E+07   1.3000839E+07   1.2946573E+07
    8.0100   1.2746982E+07   1.2792245E+07   1.3751960E+07   1.3760425E+07   1.2952683E+07   1.2898964E+07   1.2789519E+07   1.2834885E+07   1.3793306E+07   1.3801596E+07   1.2992018E+07   1.2938371E+07
    8.0200   1.2751830E+07   1.2797229E+07   1.3746203E+07   1.3753929E+07   1.2943750E+07   1.2890633E+07   1.2794366E+07   1.2839848E+07   1.3787306E+07   1.3794864E+07   1.2983221E+07   1.2930189E+07
    8.0300   1.2756666E+07   1.2802208E+07   1.3740398E+07   1.3747376E+07   1.2934642E+07   1.2882130E+07   1.2799056E+07   1.2844648E+07   1.3781224E+07   1.3788062E+07   1.2974434E+07   1.2922012E+07
    8.0400   1.2761464E+07   1.2807155E+07   1.3734551E+07   1.3740775E+07   1.2925384E+07   1.2873477E+07   1.2803602E+07   1.2849302E+07   1.3775073E+07   1.3781196E+07   1.2965635E+07   1.2913819E+07
    8.0500   1.2766199E+07   1.2812043E+07   1.3728669E+07   1.3734135E+07   1.2916000E+07   1.2864697E+07   1.2808024E+07   1.2853832E+07   1.3768865E+07   1.3774279E+07   1.2956794E+07   1.2905581E+07
    8.0600   1.2770843E+07   1.2816845E+07   1.3722759E+07   1.3727466E+07   1.2906514E+07   1.2855813E+07   1.2812343E+07   1.2858260E+07   1.3762613E+07   1.3767318E+07   1.2947882E+07   1.2897268E+07
    8.0700   1.2775368E+07   1.2821531E+07   1.3716827E+07   1.3720778E+07   1.2896953E+07   1.2846847E+07   1.2816580E+07   1.2862610E+07   1.3756331E+07   1.3760326E+07   1.2938867E+07   1.2888849E+07
    8.0800   1.2779747E+07   1.2826074E+07   1.3710881E+07   1.3714081E+07   1.2887342E+07   1.2837824E+07   1.2820753E+07   1.2866903E+07   1.3750032E+07   1.3753314E+07   1.2929720E+07   1.2880296E+07
    8.0900   1.2783951E+07   1.2830442E+07   1.3704931E+07   1.3707387E+07   1.2877706E+07   1.2828767E+07   1.2824875E+07   1.2871153E+07   1.3743730E+07   1.3746293E+07   1.2920416E+07   1.2871584E+07
    8.1000   1.2787955E+07   1.2834611E+07   1.3698981E+07   1.3700704E+07   1.2868069E+07   1.2819697E+07   1.2828955E+07   1.2875370E+07   1.3737439E+07   1.3739275E+07   1.2910938E+07   1.2862695E+07
    8.1100   1.2791731E+07   1.2838553E+07   1.3693041E+07   1.3694044E+07   1.2858453E+07   1.2810635E+07   1.2832990E+07   1.2879554E+07   1.3731172E+07   1.3732273E+07   1.2901278E+07   1.2853622E+07
    8.1200   1.2795261E+07   1.2842249E+07   1.3687120E+07   1.3687418E+07   1.2848877E+07   1.2801598E+07   1.2836972E+07   1.2883697E+07   1.3724941E+07   1.3725299E+07   1.2891437E+07   1.2844363E+07
    8.1300   1.2798522E+07   1.2845674E+07   1.3681224E+07   1.3680835E+07   1.2839360E+07   1.2792604E+07   1.2840882E+07   1.2887779E+07   1.3718757E+07   1.3718367E+07   1.2881428E+07   1.2834929E+07
    8.1400   1.2801498E+07   1.2848813E+07   1.3675363E+07   1.3674306E+07   1.2829914E+07   1.2783663E+07   1.2844690E+07   1.2891770E+07   1.3712631E+07   1.3711489E+07   1.2871272E+07   1.2825341E+07
    8.1500   1.2804176E+07   1.2851653E+07   1.3669545E+07   1.3667841E+07   1.2820553E+07   1.2774788E+07   1.2848360E+07   1.2895635E+07   1.3706571E+07   1.3704679E+07   1.2861003E+07   1.2815629E+07
    8.1600   1.2806544E+07   1.2854182E+07   1.3663778E+07   1.3661447E+07   1.2811285E+07   1.2765986E+07   1.2851849E+07   1.2899325E+07   1.3700587E+07   1.3697950E+07   1.2850663E+07   1.2805831E+07
    8.1700   1.2808593E+07   1.2856392E+07   1.3658072E+07   1.3655137E+07   1.2802115E+07   1.2757259E+07   1.2855106E+07   1.2902791E+07   1.3694685E+07   1.3691314E+07   1.2840300E+07   1.2795993E+07
    8.1800   1.2810321E+07   1.2858279E+07   1.3652433E+07   1.3648916E+07   1.2793050E+07   1.2748616E+07   1.2858078E+07   1.2905976E+07   1.3688871E+07   1.3684782E+07   1.2829967E+07   1.2786165E+07
    8.1900   1.2811720E+07   1.2859837E+07   1.3646871E+07   1.3642796E+07   1.2784089E+07   1.2740054E+07   1.2860710E+07   1.2908823E+07   1.3683151E+07   1.3678367E+07   1.2819722E+07   1.2776401E+07
    8.2000   1.2812791E+07   1.2861067E+07   1.3641392E+07   1.3636782E+07   1.2775233E+07   1.2731575E+07   1.2862950E+07   1.2911277E+07   1.3677531E+07   1.3672080E+07   1.2809621E+07   1.2766752E+07
    8.2100   1.2813534E+07   1.2861970E+07   1.3636007E+07   1.3630884E+07   1.2766486E+07   1.2723181E+07   1.2864747E+07   1.2913285E+07   1.3672013E+07   1.3665929E+07   1.2799717E+07   1.2757271E+07
    8.2200   1.2813947E+07   1.2862544E+07   1.3630720E+07   1.3625108E+07   1.2757843E+07   1.2714866E+07   1.2866058E+07   1.2914800E+07   1.3666602E+07   1.3659925E+07   1.2790060E+07   1.2748002E+07
    8.2300   1.2814031E+07   1.2862789E+07   1.3625541E+07   1.3619462E+07   1.2749309E+07   1.2706636E+07   1.2866846E+07   1.2915785E+07   1.3661301E+07   1.3654075E+07   1.2780691E+07   1.2738985E+07
    8.2400   1.2813787E+07   1.2862709E+07   1.3620474E+07   1.3613952E+07   1.2740881E+07   1.2698488E+07   1.2867084E+07   1.2916212E+07   1.3656116E+07   1.3648386E+07   1.2771643E+07   1.2730252E+07
    8.2500   1.2813212E+07   1.2862300E+07   1.3615530E+07   1.3608588E+07   1.2732563E+07   1.2690424E+07   1.2866755E+07   1.2916061E+07   1.3651048E+07   1.3642864E+07   1.2762938E+07   1.2721823E+07
    8.2600   1.2812305E+07   1.2861560E+07   1.3610710E+07   1.3603372E+07   1.2724361E+07   1.2682451E+07   1.2865854E+07   1.2915328E+07   1.3646102E+07   1.3637514E+07   1.2754589E+07   1.2713710E+07
    8.2700   1.2811062E+07   1.2860487E+07   1.3606026E+07   1.3598315E+07   1.2716276E+07   1.2674568E+07   1.2864385E+07   1.2914018E+07   1.3641283E+07   1.3632340E+07   1.2746595E+07   1.2705912E+07
    8.2800   1.2809478E+07   1.2859075E+07   1.3601478E+07   1.3593420E+07   1.2708320E+07   1.2666789E+07   1.2862365E+07   1.2912147E+07   1.3636596E+07   1.3627346E+07   1.2738946E+07   1.2698421E+07
    8.2900   1.2807548E+07   1.2857319E+07   1.3597077E+07   1.3588697E+07   1.2700499E+07   1.2659116E+07   1.2859818E+07   1.2909740E+07   1.3632044E+07   1.3622534E+07   1.2731623E+07   1.2691218E+07
    8.3000   1.2805263E+07   1.2855209E+07   1.3592825E+07   1.3584149E+07   1.2692827E+07   1.2651563E+07   1.2856775E+07   1.2906832E+07   1.3627635E+07   1.3617906E+07   1.2724598E+07   1.2684277E+07
    8.3100   1.2802615E+07   1.2852737E+07   1.3588729E+07   1.3579786E+07   1.2685311E+07   1.2644139E+07   1.2853275E+07   1.2903462E+07   1.3623373E+07   1.3613464E+07   1.2717836E+07   1.2677566E+07
    8.3200   1.2799596E+07   1.2849896E+07   1.3584792E+07   1.3575610E+07   1.2677966E+07   1.2636855E+07   1.2849359E+07   1.2899674E+07   1.3619266E+07   1.3609211E+07   1.2711301E+07   1.2671049E+07
    8.3300   1.2796196E+07   1.2846675E+07   1.3581022E+07   1.3571631E+07   1.2670804E+07   1.2629723E+07   1.2845069E+07   1.2895512E+07   1.3615319E+07   1.3605148E+07   1.2704953E+07   1.2664688E+07
    8.3400   1.2792406E+07   1.2843065E+07   1.3577423E+07   1.3567853E+07   1.2663836E+07   1.2622754E+07   1.2840445E+07   1.2891019E+07   1.3611540E+07   1.3601278E+07   1.2698754E+07   1.2658448E+07
    8.3500   1.2788221E+07   1.2839059E+07   1.3573998E+07   1.3564282E+07   1.2657073E+07   1.2615959E+07   1.2835525E+07   1.2886235E+07   1.3607935E+07   1.3597604E+07   1.2692667E+07   1.2652296E+07
    8.3600   1.2783635E+07   1.2834651E+07   1.3570755E+07   1.3560925E+07   1.2650523E+07   1.2609344E+07   1.2830340E+07   1.2881192E+07   1.3604511E+07   1.3594129E+07   1.2686664E+07   1.2646202E+07
    8.3700   1.2778641E+07   1.2829837E+07   1.3567697E+07   1.3557787E+07   1.2644195E+07   1.2602917E+07   1.2824916E+07   1.2875917E+07   1.3601275E+07   1.3590857E+07   1.2680722E+07   1.2640145E+07
    8.3800   1.2773242E+07   1.2824617E+07   1.3564828E+07   1.3554872E+07   1.2638093E+07   1.2596683E+07   1.2819266E+07   1.2870427E+07   1.3598233E+07   1.3587794E+07   1.2674825E+07   1.2634111E+07
    8.3900   1.2767436E+07   1.2818990E+07   1.3562156E+07   1.3552186E+07   1.2632216E+07   1.2590639E+07   1.2813400E+07   1.2864729E+07   1.3595393E+07   1.3584946E+07   1.2668968E+07   1.2628094E+07
    8.4000   1.2761230E+07   1.2812963E+07   1.3559685E+07   1.3549735E+07   1.2626566E+07   1.2584790E+07   1.2807315E+07   1.2858823E+07   1.3592760E+07   1.3582317E+07   1.2663154E+07   1.2622096E+07
    8.4100   1.2754630E+07   1.2806544E+07   1.3557418E+07   1.3547520E+07   1.2621136E+07   1.2579127E+07   1.2801000E+07   1.2852697E+07   1.3590339E+07   1.3579916E+07   1.2657395E+07   1.2616129E+07
    8.4200   1.2747646E+07   1.2799742E+07   1.3555363E+07   1.3545549E+07   1.2615919E+07   1.2573644E+07   1.2794438E+07   1.2846333E+07   1.3588137E+07   1.3577750E+07   1.2651710E+07   1.2610210E+07
    8.4300   1.2740293E+07   1.2792574E+07   1.3553522E+07   1.3543823E+07   1.2610907E+07   1.2568332E+07   1.2787605E+07   1.2839705E+07   1.3586159E+07   1.3575827E+07   1.2646124E+07   1.2604363E+07
    8.4400   1.2732586E+07   1.2785054E+07   1.3551902E+07   1.3542347E+07   1.2606083E+07   1.2563178E+07   1.2780472E+07   1.2832784E+07   1.3584408E+07   1.3574155E+07   1.2640668E+07   1.2598616E+07
    8.4500   1.2724542E+07   1.2777203E+07   1.3550508E+07   1.3541122E+07   1.2601437E+07   1.2558169E+07   1.2773010E+07   1.2825540E+07   1.3582891E+07   1.3572741E+07   1.2635373E+07   1.2593000E+07
    8.4600   1.2716182E+07   1.2769040E+07   1.3549343E+07   1.3540152E+07   1.2596950E+07   1.2553289E+07   1.2765188E+07   1.2817940E+07   1.3581610E+07   1.3571593E+07   1.2630273E+07   1.2587545E+07
    8.4700   1.2707525E+07   1.2760587E+07   1.3548411E+07   1.3539439E+07   1.2592605E+07   1.2548522E+07   1.2756978E+07   1.2809955E+07   1.3580571E+07   1.3570718E+07   1.2625397E+07   1.2582279E+07
    8.4800   1.2698595E+07   1.2751868E+07   1.3547715E+07   1.3538982E+07   1.2588387E+07   1.2543854E+07   1.2748360E+07   1.2801563E+07   1.3579776E+07   1.3570123E+07   1.2620770E+07   1.2577226E+07
    8.4900   1.2689410E+07   1.2742903E+07   1.3547262E+07   1.3538787E+07   1.2584277E+07   1.2539266E+07   1.2739316E+07   1.2792746E+07   1.3579229E+07   1.3569813E+07   1.2616412E+07   1.2572404E+07
    8.5000   1.2679995E+07   1.2733717E+07   1.3547050E+07   1.3538850E+07   1.2580262E+07   1.2534748E+07   1.2729839E+07   1.2783498E+07   1.3578933E+07   1.3569793E+07   1.2612334E+07   1.2567824E+07
    8.5100   1.2670367E+07   1.2724328E+07   1.3547086E+07   1.3539175E+07   1.2576325E+07   1.2530281E+07   1.2719932E+07   1.2773818E+07   1.3578892E+07   1.3570064E+07   1.2608540E+07   1.2563488E+07
    8.5200   1.2660547E+07   1.2714759E+07   1.3547368E+07   1.3539760E+07   1.2572454E+07   1.2525858E+07   1.2709606E+07   1.2763722E+07   1.3579108E+07   1.3570629E+07   1.2605020E+07   1.2559390E+07
    8.5300   1.2650551E+07   1.2705025E+07   1.3547900E+07   1.3540606E+07   1.2568639E+07   1.2521467E+07   1.2698884E+07   1.2753231E+07   1.3579584E+07   1.3571489E+07   1.2601759E+07   1.2555514E+07
    8.5400   1.2640399E+07   1.2695145E+07   1.3548681E+07   1.3541711E+07   1.2564872E+07   1.2517101E+07   1.2687799E+07   1.2742381E+07   1.3580321E+07   1.3572641E+07   1.2598731E+07   1.2551835E+07
    8.5500   1.2630101E+07   1.2685134E+07   1.3549711E+07   1.3543075E+07   1.2561143E+07   1.2512753E+07   1.2676391E+07   1.2731214E+07   1.3581322E+07   1.3574085E+07   1.2595900E+07   1.2548321E+07
    8.5600   1.2619673E+07   1.2675004E+07   1.3550991E+07   1.3544697E+07   1.2557453E+07   1.2508423E+07   1.2664711E+07   1.2719781E+07   1.3582586E+07   1.3575814E+07   1.2593225E+07   1.2544934E+07
    8.5700   1.2609127E+07   1.2664769E+07   1.3552520E+07   1.3546575E+07   1.2553794E+07   1.2504104E+07   1.2652813E+07   1.2708140E+07   1.3584116E+07   1.3577826E+07   1.2590661E+07   1.2541631E+07
    8.5800   1.2598474E+07   1.2654439E+07   1.3554294E+07   1.3548706E+07   1.2550169E+07   1.2499800E+07   1.2640755E+07   1.2696351E+07   1.3585911E+07   1.3580114E+07   1.2588158E+07   1.2538366E+07
    8.5900   1.2587725E+07   1.2644026E+07   1.3556314E+07   1.3551088E+07   1.2546575E+07   1.2495508E+07   1.2628599E+07   1.2684478E+07   1.3587970E+07   1.3582671E+07   1.2585666E+07   1.2535092E+07
    8.6000   1.2576891E+07   1.2633539E+07   1.3558577E+07   1.3553718E+07   1.2543012E+07   1.2491229E+07   1.2616402E+07   1.2672582E+07   1.3590292E+07   1.3585491E+07   1.2583138E+07   1.2531766E+07
    8.6100   1.2565983E+07   1.2622991E+07   1.3561080E+07   1.3556594E+07   1.2539481E+07   1.2486966E+07   1.2604221E+07   1.2660720E+07   1.3592874E+07   1.3588564E+07   1.2580529E+07   1.2528347E+07
    8.6200   1.2555013E+07   1.2612393E+07   1.3563820E+07   1.3559711E+07   1.2535980E+07   1.2482716E+07   1.2592109E+07   1.2648947E+07   1.3595713E+07   1.3591884E+07   1.2577803E+07   1.2524801E+07
    8.6300   1.2543995E+07   1.2601758E+07   1.3566793E+07   1.3563064E+07   1.2532507E+07   1.2478480E+07   1.2580108E+07   1.2637308E+07   1.3598805E+07   1.3595441E+07   1.2574927E+07   1.2521098E+07
    8.6400   1.2532943E+07   1.2591101E+07   1.3569998E+07   1.3566652E+07   1.2529060E+07   1.2474255E+07   1.2568256E+07   1.2625840E+07   1.3602146E+07   1.3599229E+07   1.2571880E+07   1.2517220E+07
    8.6500   1.2521874E+07   1.2580439E+07   1.3573429E+07   1.3570467E+07   1.2525633E+07   1.2470037E+07   1.2556581E+07   1.2614571E+07   1.3605730E+07   1.3603240E+07   1.2568649E+07   1.2513156E+07
    8.6600   1.2510807E+07   1.2569790E+07   1.3577084E+07   1.3574507E+07   1.2522218E+07   1.2465820E+07   1.2545101E+07   1.2603520E+07   1.3609550E+07   1.3607465E+07   1.2565232E+07   1.2508904E+07
    8.6700   1.2499763E+07   1.2559176E+07   1.3580959E+07   1.3578764E+07   1.2518806E+07   1.2461595E+07   1.2533826E+07   1.2592696E+07   1.3613600E+07   1.3611900E+07   1.2561633E+07   1.2504471E+07
    8.6800   1.2488762E+07   1.2548618E+07   1.3585051E+07   1.3583235E+07   1.2515388E+07   1.2457354E+07   1.2522757E+07   1.2582099E+07   1.3617874E+07   1.3616536E+07   1.2557869E+07   1.2499872E+07
    8.6900   1.2477831E+07   1.2538143E+07   1.3589354E+07   1.3587912E+07   1.2511946E+07   1.2453084E+07   1.2511890E+07   1.2571722E+07   1.3622363E+07   1.3621369E+07   1.2553959E+07   1.2495128E+07
    8.7000   1.2466993E+07   1.2527774E+07   1.3593869E+07   1.3592793E+07   1.2508470E+07   1.2448772E+07   1.2501212E+07   1.2561553E+07   1.3627061E+07   1.3626393E+07   1.2549930E+07   1.2490265E+07
    8.7100   1.2456277E+07   1.2517541E+07   1.3598587E+07   1.3597867E+07   1.2504940E+07   1.2444403E+07   1.2490710E+07   1.2551574E+07   1.3631960E+07   1.3631603E+07   1.2545811E+07   1.2485311E+07
    8.7200   1.2445707E+07   1.2507469E+07   1.3603509E+07   1.3603132E+07   1.2501342E+07   1.2439964E+07   1.2480367E+07   1.2541768E+07   1.3637054E+07   1.3636995E+07   1.2541633E+07   1.2480297E+07
    8.7300   1.2435312E+07   1.2497586E+07   1.3608628E+07   1.3608581E+07   1.2497657E+07   1.2435437E+07   1.2470166E+07   1.2532116E+07   1.3642335E+07   1.3642565E+07   1.2537425E+07   1.2475251E+07
    8.7400   1.2425118E+07   1.2487921E+07   1.3613943E+07   1.3614208E+07   1.2493870E+07   1.2430809E+07   1.2460094E+07   1.2522603E+07   1.3647797E+07   1.3648309E+07   1.2533212E+07   1.2470197E+07
    8.7500   1.2415148E+07   1.2478496E+07   1.3619447E+07   1.3620005E+07   1.2489963E+07   1.2426065E+07   1.2450141E+07   1.2513218E+07   1.3653436E+07   1.3654224E+07   1.2529014E+07   1.2465157E+07
    8.7600   1.2405429E+07   1.2469338E+07   1.3625141E+07   1.3625970E+07   1.2485924E+07   1.2421192E+07   1.2440304E+07   1.2503956E+07   1.3659247E+07   1.3660305E+07   1.2524846E+07   1.2460143E+07
    8.7700   1.2395980E+07   1.2460467E+07   1.3631016E+07   1.3632094E+07   1.2481738E+07   1.2416179E+07   1.2430585E+07   1.2494819E+07   1.3665224E+07   1.3666548E+07   1.2520712E+07   1.2455161E+07
    8.7800   1.2386823E+07   1.2451906E+07   1.3637072E+07   1.3638374E+07   1.2477397E+07   1.2411018E+07   1.2420994E+07   1.2485818E+07   1.3671366E+07   1.3672950E+07   1.2516609E+07   1.2450208E+07
    8.7900   1.2377970E+07   1.2443668E+07   1.3643303E+07   1.3644803E+07   1.2472892E+07   1.2405701E+07   1.2411551E+07   1.2476972E+07   1.3677670E+07   1.3679507E+07   1.2512524E+07   1.2445273E+07
    8.8000   1.2369440E+07   1.2435769E+07   1.3649704E+07   1.3651376E+07   1.2468216E+07   1.2400223E+07   1.2402281E+07   1.2468308E+07   1.3684133E+07   1.3686213E+07   1.2508438E+07   1.2440338E+07
    8.8100   1.2361242E+07   1.2428219E+07   1.3656274E+07   1.3658089E+07   1.2463370E+07   1.2394584E+07   1.2393216E+07   1.2459859E+07   1.3690755E+07   1.3693065E+07   1.2504322E+07   1.2435376E+07
    8.8200   1.2353386E+07   1.2421029E+07   1.3663004E+07   1.3664935E+07   1.2458350E+07   1.2388783E+07   1.2384396E+07   1.2451665E+07   1.3697533E+07   1.3700056E+07   1.2500140E+07   1.2430355E+07
    8.8300   1.2345875E+07   1.2414201E+07   1.3669893E+07   1.3671911E+07   1.2453159E+07   1.2382823E+07   1.2375863E+07   1.2443772E+07   1.3704467E+07   1.3707182E+07   1.2495855E+07   1.2425237E+07
    8.8400   1.2338718E+07   1.2407743E+07   1.3676935E+07   1.3679011E+07   1.2447804E+07   1.2376709E+07   1.2367661E+07   1.2436227E+07   1.3711556E+07   1.3714436E+07   1.2491424E+07   1.2419985E+07
    8.8500   1.2331915E+07   1.2401654E+07   1.3684125E+07   1.3686232E+07   1.2442285E+07   1.2370446E+07   1.2359837E+07   1.2429076E+07   1.3718799E+07   1.3721814E+07   1.2486804E+07   1.2414558E+07
    8.8600   1.2325468E+07   1.2395937E+07   1.3691458E+07   1.3693567E+07   1.2436614E+07   1.2364042E+07   1.2352435E+07   1.2422366E+07   1.3726195E+07   1.3729308E+07   1.2481957E+07   1.2408919E+07
    8.8700   1.2319377E+07   1.2390591E+07   1.3698930E+07   1.3701014E+07   1.2430793E+07   1.2357503E+07   1.2345494E+07   1.2416139E+07   1.3733741E+07   1.3736914E+07   1.2476845E+07   1.2403034E+07
    8.8800   1.2313644E+07   1.2385616E+07   1.3706536E+07   1.3708567E+07   1.2424835E+07   1.2350838E+07   1.2339051E+07   1.2410432E+07   1.3741436E+07   1.3744624E+07   1.2471438E+07   1.2396875E+07
    8.8900   1.2308268E+07   1.2381012E+07   1.3714270E+07   1.3716223E+07   1.2418741E+07   1.2344052E+07   1.2333133E+07   1.2405273E+07   1.3749276E+07   1.3752434E+07   1.2465713E+07   1.2390421E+07
    8.9000   1.2303253E+07   1.2376781E+07   1.3722128E+07   1.3723975E+07   1.2412522E+07   1.2337154E+07   1.2327760E+07   1.2400684E+07   1.3757257E+07   1.3760338E+07   1.2459657E+07   1.2383660E+07
    8.9100   1.2298597E+07   1.2372921E+07   1.3730106E+07   1.3731821E+07   1.2406180E+07   1.2330148E+07   1.2322945E+07   1.2396675E+07   1.3765375E+07   1.3768329E+07   1.2453265E+07   1.2376587E+07
    8.9200   1.2294307E+07   1.2369438E+07   1.3738199E+07   1.3739756E+07   1.2399721E+07   1.2323039E+07   1.2318689E+07   1.2393250E+07   1.3773624E+07   1.3776403E+07   1.2446543E+07   1.2369210E+07
    8.9300   1.2290383E+07   1.2366333E+07   1.3746402E+07   1.3747774E+07   1.2393144E+07   1.2315828E+07   1.2314987E+07   1.2390400E+07   1.3781999E+07   1.3784555E+07   1.2439505E+07   1.2361542E+07
    8.9400   1.2286835E+07   1.2363614E+07   1.3754712E+07   1.3755873E+07   1.2386455E+07   1.2308520E+07   1.2311824E+07   1.2388110E+07   1.3790491E+07   1.3792780E+07   1.2432176E+07   1.2353608E+07
    8.9500   1.2283664E+07   1.2361284E+07   1.3763123E+07   1.3764047E+07   1.2379648E+07   1.2301111E+07   1.2309179E+07   1.2386356E+07   1.3799094E+07   1.3801073E+07   1.2424586E+07   1.2345438E+07
    8.9600   1.2280881E+07   1.2359352E+07   1.3771634E+07   1.3772293E+07   1.2372727E+07   1.2293604E+07   1.2307024E+07   1.2385108E+07   1.3807800E+07   1.3809431E+07   1.2416775E+07   1.2337067E+07
    8.9700   1.2278492E+07   1.2357824E+07   1.3780240E+07   1.3780606E+07   1.2365684E+07   1.2285993E+07   1.2305328E+07   1.2384333E+07   1.3816602E+07   1.3817849E+07   1.2408782E+07   1.2328537E+07
    8.9800   1.2276504E+07   1.2356708E+07   1.3788937E+07   1.3788982E+07   1.2358522E+07   1.2278279E+07   1.2304059E+07   1.2383995E+07   1.3825492E+07   1.3826325E+07   1.2400651E+07   1.2319889E+07
    8.9900   1.2274923E+07   1.2356010E+07   1.3797722E+07   1.3797417E+07   1.2351234E+07   1.2270460E+07   1.2303181E+07   1.2384057E+07   1.3834461E+07   1.3834854E+07   1.2392427E+07   1.2311164E+07
    9.0000   1.2273758E+07   1.2355737E+07   1.3806593E+07   1.3805908E+07   1.2343818E+07   1.2262531E+07   1.2302664E+07   1.2384486E+07   1.3843503E+07   1.3843434E+07   1.2384149E+07   1.2302403E+07
    9.0100   1.2273010E+07   1.2355891E+07   1.3815546E+07   1.3814453E+07   1.2336277E+07   1.2254495E+07   1.2302479E+07   1.2385250E+07   1.3852611E+07   1.3852061E+07   1.2375854E+07   1.2293640E+07
    9.0200   1.2272686E+07   1.2356480E+07   1.3824579E+07   1.3823047E+07   1.2328605E+07   1.2246350E+07   1.2302603E+07   1.2386325E+07   1.3861780E+07   1.3860733E+07   1.2367573E+07   1.2284906E+07
    9.0300   1.2272783E+07   1.2357498E+07   1.3833689E+07   1.3831689E+07   1.2320807E+07   1.2238098E+07   1.2303017E+07   1.2387690E+07   1.3871004E+07   1.3869446E+07   1.2359330E+07   1.2276222E+07
    9.0400   1.2273302E+07   1.2358949E+07   1.3842874E+07   1.3840376E+07   1.2312887E+07   1.2229744E+07   1.2303711E+07   1.2389335E+07   1.3880279E+07   1.3878199E+07   1.2351141E+07   1.2267604E+07
    9.0500   1.2274236E+07   1.2360824E+07   1.3852133E+07   1.3849109E+07   1.2304850E+07   1.2221293E+07   1.2304681E+07   1.2391254E+07   1.3889603E+07   1.3886989E+07   1.2343011E+07   1.2259059E+07
    9.0600   1.2275580E+07   1.2363117E+07   1.3861462E+07   1.3857884E+07   1.2296704E+07   1.2212753E+07   1.2305930E+07   1.2393450E+07   1.3898973E+07   1.3895814E+07   1.2334941E+07   1.2250586E+07
    9.0700   1.2277323E+07   1.2365817E+07   1.3870861E+07   1.3866701E+07   1.2288460E+07   1.2204133E+07   1.2307465E+07   1.2395932E+07   1.3908388E+07   1.3904672E+07   1.2326921E+07   1.2242177E+07
    9.0800   1.2279453E+07   1.2368911E+07   1.3880329E+07   1.3875562E+07   1.2280132E+07   1.2195447E+07   1.2309302E+07   1.2398716E+07   1.3917849E+07   1.3913561E+07   1.2318935E+07   1.2233817E+07
    9.0900   1.2281956E+07   1.2372385E+07   1.3889861E+07   1.3884464E+07   1.2271732E+07   1.2186707E+07   1.2311459E+07   1.2401820E+07   1.3927357E+07   1.3922480E+07   1.2310963E+07   1.2225486E+07
    9.1000   1.2284811E+07   1.2376216E+07   1.3899461E+07   1.3893412E+07   1.2263277E+07   1.2177929E+07   1.2313954E+07   1.2405265E+07   1.3936913E+07   1.3931429E+07   1.2302982E+07   1.2217162E+07
    9.1100   1.2288004E+07   1.2380390E+07   1.3909125E+07   1.3902403E+07   1.2254786E+07   1.2169129E+07   1.2316809E+07   1.2409073E+07   1.3946519E+07   1.3940407E+07   1.2294965E+07   1.2208820E+07
    9.1200   1.2291512E+07   1.2384882E+07   1.3918854E+07   1.3911441E+07   1.2246275E+07   1.2160325E+07   1.2320043E+07   1.2413265E+07   1.3956179E+07   1.3949416E+07   1.2286888E+07   1.2200436E+07
    9.1300   1.2295316E+07   1.2389673E+07   1.3928645E+07   1.3920526E+07   1.2237763E+07   1.2151533E+07   1.2323670E+07   1.2417857E+07   1.3965896E+07   1.3958455E+07   1.2278729E+07   1.2191989E+07
    9.1400   1.2299394E+07   1.2394740E+07   1.3938502E+07   1.3929662E+07   1.2229269E+07   1.2142770E+07   1.2327702E+07   1.2422861E+07   1.3975673E+07   1.3967528E+07   1.2270469E+07   1.2183462E+07
    9.1500   1.2303725E+07   1.2400060E+07   1.3948422E+07   1.3938850E+07   1.2220808E+07   1.2134050E+07   1.2332142E+07   1.2428281E+07   1.3985514E+07   1.3976637E+07   1.2262097E+07   1.2174842E+07
    9.1600   1.2308288E+07   1.2405614E+07   1.3958406E+07   1.3948092E+07   1.2212399E+07   1.2125393E+07   1.2336987E+07   1.2434116E+07   1.3995422E+07   1.3985784E+07   1.2253608E+07   1.2166125E+07
    9.1700   1.2313067E+07   1.2411383E+07   1.3968455E+07   1.3957392E+07   1.2204053E+07   1.2116807E+07   1.2342227E+07   1.2440354E+07   1.4005400E+07   1.3994974E+07   1.2245006E+07   1.2157313E+07
    9.1800   1.2318041E+07   1.2417345E+07   1.3978571E+07   1.3966752E+07   1.2195787E+07   1.2108309E+07   1.2347841E+07   1.2446974E+07   1.4015452E+07   1.4004211E+07   1.2236302E+07   1.2148416E+07
    9.1900   1.2323195E+07   1.2423486E+07   1.3988752E+07   1.3976173E+07   1.2187610E+07   1.2099905E+07   1.2353801E+07   1.2453948E+07   1.4025578E+07   1.4013501E+07   1.2227517E+07   1.2139454E+07
    9.2000   1.2328515E+07   1.2429791E+07   1.3999003E+07   1.3985660E+07   1.2179530E+07   1.2091604E+07   1.2360073E+07   1.2461240E+07   1.4035782E+07   1.4022848E+07   1.2218678E+07   1.2130452E+07
    9.2100   1.2333985E+07   1.2436245E+07   1.4009323E+07   1.3995213E+07   1.2171558E+07   1.2083415E+07   1.2366615E+07   1.2468806E+07   1.4046065E+07   1.4032259E+07   1.2209820E+07   1.2121442E+07
    9.2200   1.2339596E+07   1.2442836E+07   1.4019713E+07   1.4004836E+07   1.2163697E+07   1.2075341E+07   1.2373380E+07   1.2476598E+07   1.4056428E+07   1.4041738E+07   1.2200983E+07   1.2112461E+07
    9.2300   1.2345335E+07   1.2449553E+07   1.4030176E+07   1.4014531E+07   1.2155952E+07   1.2067386E+07   1.2380318E+07   1.2484565E+07   1.4066871E+07   1.4051292E+07   1.2192210E+07   1.2103550E+07
    9.2400   1.2351193E+07   1.2456387E+07   1.4040713E+07   1.4024300E+07   1.2148327E+07   1.2059554E+07   1.2387379E+07   1.2492652E+07   1.4077396E+07   1.4060927E+07   1.2183548E+07   1.2094751E+07
    9.2500   1.2357160E+07   1.2463327E+07   1.4051326E+07   1.4034145E+07   1.2140824E+07   1.2051845E+07   1.2394512E+07   1.2500807E+07   1.4088001E+07   1.4070647E+07   1.2175040E+07   1.2086105E+07
    9.2600   1.2363228E+07   1.2470364E+07   1.4062014E+07   1.4044068E+07   1.2133447E+07   1.2044264E+07   1.2401669E+07   1.2508980E+07   1.4098687E+07   1.4080458E+07   1.2166729E+07   1.2077654E+07
    9.2700   1.2369385E+07   1.2477489E+07   1.4072780E+07   1.4054071E+07   1.2126198E+07   1.2036811E+07   1.2408805E+07   1.2517124E+07   1.4109455E+07   1.4090364E+07   1.2158655E+07   1.2069433E+07
    9.2800   1.2375623E+07   1.2484692E+07   1.4083626E+07   1.4064156E+07   1.2119083E+07   1.2029492E+07   1.2415882E+07   1.2525200E+07   1.4120302E+07   1.4100368E+07   1.2150850E+07   1.2061473E+07
    9.2900   1.2381929E+07   1.2491960E+07   1.4094550E+07   1.4074323E+07   1.2112103E+07   1.2022307E+07   1.2422868E+07   1.2533175E+07   1.4131230E+07   1.4110473E+07   1.2143342E+07   1.2053799E+07
    9.3000   1.2388293E+07   1.2499282E+07   1.4105555E+07   1.4084575E+07   1.2105268E+07   1.2015265E+07   1.2429740E+07   1.2541023E+07   1.4142237E+07   1.4120681E+07   1.2136148E+07   1.2046429E+07
    9.3100   1.2394700E+07   1.2506644E+07   1.4116639E+07   1.4094914E+07   1.2098581E+07   1.2008370E+07   1.2436482E+07   1.2548728E+07   1.4153324E+07   1.4130994E+07   1.2129280E+07   1.2039371E+07
    9.3200   1.2401132E+07   1.2514027E+07   1.4127804E+07   1.4105340E+07   1.2092056E+07   1.2001633E+07   1.2443085E+07   1.2556282E+07   1.4164490E+07   1.4141412E+07   1.2122739E+07   1.2032628E+07
    9.3300   1.2407578E+07   1.2521419E+07   1.4139050E+07   1.4115855E+07   1.2085700E+07   1.1995061E+07   1.2449550E+07   1.2563685E+07   1.4175736E+07   1.4151934E+07   1.2116522E+07   1.2026196E+07
    9.3400   1.2414015E+07   1.2528797E+07   1.4150376E+07   1.4126461E+07   1.2079528E+07   1.1988669E+07   1.2455881E+07   1.2570944E+07   1.4187062E+07   1.4162560E+07   1.2110616E+07   1.2020062E+07
    9.3500   1.2420426E+07   1.2536143E+07   1.4161781E+07   1.4137158E+07   1.2073553E+07   1.1982466E+07   1.2462091E+07   1.2578070E+07   1.4198467E+07   1.4173289E+07   1.2105004E+07   1.2014211E+07
    9.3600   1.2426790E+07   1.2543435E+07   1.4173265E+07   1.4147949E+07   1.2067788E+07   1.1976466E+07   1.2468195E+07   1.2585081E+07   1.4209953E+07   1.4184118E+07   1.2099666E+07   1.2008622E+07
    9.3700   1.2433085E+07   1.2550652E+07   1.4184826E+07   1.4158832E+07   1.2062249E+07   1.1970684E+07   1.2474210E+07   1.2591994E+07   1.4221518E+07   1.4195046E+07   1.2094577E+07   1.2003272E+07
    9.3800   1.2439292E+07   1.2557771E+07   1.4196465E+07   1.4169812E+07   1.2056951E+07   1.1965133E+07   1.2480153E+07   1.2598828E+07   1.4233163E+07   1.4206070E+07   1.2089714E+07   1.1998140E+07
    9.3900   1.2445389E+07   1.2564772E+07   1.4208178E+07   1.4180885E+07   1.2051911E+07   1.1959829E+07   1.2486040E+07   1.2605600E+07   1.4244889E+07   1.4217188E+07   1.2085055E+07   1.1993203E+07
    9.4000   1.2451355E+07   1.2571632E+07   1.4219967E+07   1.4192056E+07   1.2047139E+07   1.1954781E+07   1.2491884E+07   1.2612323E+07   1.4256694E+07   1.4228398E+07   1.2080581E+07   1.1988445E+07
    9.4100   1.2457175E+07   1.2578336E+07   1.4231828E+07   1.4203322E+07   1.2042653E+07   1.1950006E+07   1.2497692E+07   1.2619007E+07   1.4268578E+07   1.4239699E+07   1.2076278E+07   1.1983851E+07
    9.4200   1.2462826E+07   1.2584859E+07   1.4243762E+07   1.4214687E+07   1.2038459E+07   1.1945509E+07   1.2503468E+07   1.2625653E+07   1.4280541E+07   1.4251088E+07   1.2072138E+07   1.1979413E+07
    9.4300   1.2468298E+07   1.2591192E+07   1.4255766E+07   1.4226148E+07   1.2034570E+07   1.1941303E+07   1.2509205E+07   1.2632258E+07   1.4292581E+07   1.4262566E+07   1.2068158E+07   1.1975129E+07
    9.4400   1.2473572E+07   1.2597314E+07   1.4267840E+07   1.4237706E+07   1.2030992E+07   1.1937391E+07   1.2514894E+07   1.2638809E+07   1.4304697E+07   1.4274131E+07   1.2064344E+07   1.1971003E+07
    9.4500   1.2478640E+07   1.2603220E+07   1.4279981E+07   1.4249360E+07   1.2027729E+07   1.1933779E+07   1.2520515E+07   1.2645288E+07   1.4316887E+07   1.4285783E+07   1.2060708E+07   1.1967047E+07
    9.4600   1.2483493E+07   1.2608896E+07   1.4292190E+07   1.4261110E+07   1.2024784E+07   1.1930468E+07   1.2526044E+07   1.2651668E+07   1.4329149E+07   1.4297523E+07   1.2057267E+07   1.1963277E+07
    9.4700   1.2488122E+07   1.2614337E+07   1.4304464E+07   1.4272956E+07   1.2022157E+07   1.1927458E+07   1.2531450E+07   1.2657918E+07   1.4341481E+07   1.4309352E+07   1.2054048E+07   1.1959717E+07
    9.4800   1.2492523E+07   1.2619538E+07   1.4316802E+07   1.4284895E+07   1.2019846E+07   1.1924748E+07   1.2536698E+07   1.2664002E+07   1.4353881E+07   1.4321271E+07   1.2051077E+07   1.1956392E+07
    9.4900   1.2496695E+07   1.2624497E+07   1.4329204E+07   1.4296926E+07   1.2017846E+07   1.1922331E+07   1.2541751E+07   1.2669879E+07   1.4366346E+07   1.4333280E+07   1.2048385E+07   1.1953332E+07
    9.5000   1.2500634E+07   1.2629210E+07   1.4341667E+07   1.4309049E+07   1.2016152E+07   1.1920202E+07   1.2546570E+07   1.2675510E+07   1.4378874E+07   1.4345382E+07   1.2046006E+07   1.1950566E+07
    9.5100   1.2504342E+07   1.2633681E+07   1.4354190E+07   1.4321260E+07   1.2014757E+07   1.1918356E+07   1.2551116E+07   1.2680853E+07   1.4391462E+07   1.4357578E+07   1.2043970E+07   1.1948125E+07
    9.5200   1.2507817E+07   1.2637908E+07   1.4366772E+07   1.4333558E+07   1.2013652E+07   1.1916784E+07   1.2555352E+07   1.2685873E+07   1.4404107E+07   1.4369868E+07   1.2042306E+07   1.1946034E+07
    9.5300   1.2511064E+07   1.2641895E+07   1.4379410E+07   1.4345940E+07   1.2012832E+07   1.1915479E+07   1.2559248E+07   1.2690534E+07   1.4416808E+07   1.4382253E+07   1.2041040E+07   1.1944317E+07
    9.5400   1.2514081E+07   1.2645642E+07   1.4392102E+07   1.4358404E+07   1.2012286E+07   1.1914432E+07   1.2562776E+07   1.2694810E+07   1.4429562E+07   1.4394735E+07   1.2040189E+07   1.1942992E+07
    9.5500   1.2516870E+07   1.2649150E+07   1.4404846E+07   1.4370946E+07   1.2012008E+07   1.1913636E+07   1.2565917E+07   1.2698680E+07   1.4442367E+07   1.4407311E+07   1.2039768E+07   1.1942069E+07
    9.5600   1.2519433E+07   1.2652422E+07   1.4417638E+07   1.4383563E+07   1.2011992E+07   1.1913087E+07   1.2568658E+07   1.2702130E+07   1.4455220E+07   1.4419982E+07   1.2039779E+07   1.1941554E+07
    9.5700   1.2521769E+07   1.2655456E+07   1.4430477E+07   1.4396254E+07   1.2012231E+07   1.1912777E+07   1.2570994E+07   1.2705158E+07   1.4468121E+07   1.4432744E+07   1.2040220E+07   1.1941442E+07
    9.5800   1.2523877E+07   1.2658252E+07   1.4443358E+07   1.4409012E+07   1.2012721E+07   1.1912702E+07   1.2572930E+07   1.2707766E+07   1.4481066E+07   1.4445596E+07   1.2041080E+07   1.1941723E+07
    9.5900   1.2525755E+07   1.2660807E+07   1.4456279E+07   1.4421835E+07   1.2013461E+07   1.1912861E+07   1.2574476E+07   1.2709967E+07   1.4494054E+07   1.4458533E+07   1.2042340E+07   1.1942379E+07
    9.6000   1.2527399E+07   1.2663119E+07   1.4469233E+07   1.4434719E+07   1.2014445E+07   1.1913249E+07   1.2575651E+07   1.2711780E+07   1.4507083E+07   1.4471552E+07   1.2043975E+07   1.1943385E+07
    9.6100   1.2528810E+07   1.2665186E+07   1.4482218E+07   1.4447658E+07   1.2015677E+07   1.1913870E+07   1.2576478E+07   1.2713231E+07   1.4520150E+07   1.4484647E+07   1.2045954E+07   1.1944713E+07
    9.6200   1.2529979E+07   1.2667001E+07   1.4495229E+07   1.4460651E+07   1.2017154E+07   1.1914720E+07   1.2576987E+07   1.2714350E+07   1.4533252E+07   1.4497811E+07   1.2048241E+07   1.1946329E+07
    9.6300   1.2530905E+07   1.2668562E+07   1.4508259E+07   1.4473689E+07   1.2018878E+07   1.1915801E+07   1.2577209E+07   1.2715170E+07   1.4546387E+07   1.4511038E+07   1.2050802E+07   1.1948200E+07
    9.6400   1.2531583E+07   1.2669863E+07   1.4521305E+07   1.4486770E+07   1.2020850E+07   1.1917115E+07   1.2577176E+07   1.2715725E+07   1.4559551E+07   1.4524320E+07   1.2053597E+07   1.1950288E+07
    9.6500   1.2532011E+07   1.2670902E+07   1.4534359E+07   1.4499886E+07   1.2023069E+07   1.1918661E+07   1.2576920E+07   1.2716049E+07   1.4572740E+07   1.4537650E+07   1.2056591E+07   1.1952562E+07
    9.6600   1.2532184E+07   1.2671674E+07   1.4547417E+07   1.4513033E+07   1.2025539E+07   1.1920442E+07   1.2576472E+07   1.2716173E+07   1.4585948E+07   1.4551019E+07   1.2059751E+07   1.1954989E+07
    9.6700   1.2532103E+07   1.2672179E+07   1.4560471E+07   1.4526204E+07   1.2028255E+07   1.1922455E+07   1.2575857E+07   1.2716125E+07   1.4599171E+07   1.4564419E+07   1.2063049E+07   1.1957543E+07
    9.6800   1.2531768E+07   1.2672417E+07   1.4573516E+07   1.4539393E+07   1.2031217E+07   1.1924700E+07   1.2575097E+07   1.2715927E+07   1.4612402E+07   1.4577841E+07   1.2066461E+07   1.1960203E+07
    9.6900   1.2531179E+07   1.2672389E+07   1.4586545E+07   1.4552594E+07   1.2034421E+07   1.1927172E+07   1.2574209E+07   1.2715595E+07   1.4625634E+07   1.4591277E+07   1.2069971E+07   1.1962953E+07
    9.7000   1.2530343E+07   1.2672100E+07   1.4599552E+07   1.4565798E+07   1.2037862E+07   1.1929868E+07   1.2573201E+07   1.2715139E+07   1.4638859E+07   1.4604717E+07   1.2073570E+07   1.1965786E+07
    9.7100   1.2529263E+07   1.2671555E+07   1.4612529E+07   1.4578999E+07   1.2041531E+07   1.1932780E+07   1.2572079E+07   1.2714563E+07   1.4652070E+07   1.4618153E+07   1.2077256E+07   1.1968699E+07
    9.7200   1.2527951E+07   1.2670765E+07   1.4625473E+07   1.4592190E+07   1.2045420E+07   1.1935899E+07   1.2570838E+07   1.2713864E+07   1.4665256E+07   1.4631576E+07   1.2081032E+07   1.1971697E+07
    9.7300   1.2526413E+07   1.2669736E+07   1.4638371E+07   1.4605360E+07   1.2049517E+07   1.1939216E+07   1.2569472E+07   1.2713032E+07   1.4678409E+07   1.4644978E+07   1.2084908E+07   1.1974789E+07
    9.7400   1.2524666E+07   1.2668485E+07   1.4651222E+07   1.4618505E+07   1.2053808E+07   1.1942717E+07   1.2567969E+07   1.2712055E+07   1.4691518E+07   1.4658351E+07   1.2088899E+07   1.1977992E+07
    9.7500   1.2522718E+07   1.2667022E+07   1.4664016E+07   1.4631613E+07   1.2058279E+07   1.1946389E+07   1.2566312E+07   1.2710915E+07   1.4704575E+07   1.4671687E+07   1.2093024E+07   1.1981321E+07
    9.7600   1.2520591E+07   1.2665367E+07   1.4676746E+07   1.4644677E+07   1.2062913E+07   1.1950218E+07   1.2564486E+07   1.2709594E+07   1.4717569E+07   1.4684977E+07   1.2097301E+07   1.1984796E+07
    9.7700   1.2518295E+07   1.2663533E+07   1.4689409E+07   1.4657690E+07   1.2067694E+07   1.1954186E+07   1.2562473E+07   1.2708074E+07   1.4730489E+07   1.4698214E+07   1.2101751E+07   1.1988437E+07
    9.7800   1.2515850E+07   1.2661538E+07   1.4701992E+07   1.4670639E+07   1.2072605E+07   1.1958280E+07   1.2560258E+07   1.2706337E+07   1.4743327E+07   1.4711390E+07   1.2106391E+07   1.1992261E+07
    9.7900   1.2513271E+07   1.2659400E+07   1.4714493E+07   1.4683520E+07   1.2077625E+07   1.1962480E+07   1.2557827E+07   1.2704369E+07   1.4756073E+07   1.4724497E+07   1.2111236E+07   1.1996281E+07
    9.8000   1.2510576E+07   1.2657136E+07   1.4726901E+07   1.4696320E+07   1.2082741E+07   1.1966775E+07   1.2555172E+07   1.2702161E+07   1.4768718E+07   1.4737527E+07   1.2116296E+07   1.2000509E+07
    9.8100   1.2507780E+07   1.2654761E+07   1.4739214E+07   1.4709033E+07   1.2087933E+07   1.1971144E+07   1.2552290E+07   1.2699709E+07   1.4781253E+07   1.4750472E+07   1.2121574E+07   1.2004947E+07
    9.8200   1.2504896E+07   1.2652290E+07   1.4751419E+07   1.4721648E+07   1.2093190E+07   1.1975579E+07   1.2549184E+07   1.2697015E+07   1.4793670E+07   1.4763323E+07   1.2127067E+07   1.2009594E+07
    9.8300   1.2501939E+07   1.2649737E+07   1.4763513E+07   1.4734159E+07   1.2098493E+07   1.1980062E+07   1.2545863E+07   1.2694090E+07   1.4805962E+07   1.4776073E+07   1.2132765E+07   1.2014440E+07
    9.8400   1.2498922E+07   1.2647116E+07   1.4775486E+07   1.4746554E+07   1.2103834E+07   1.1984585E+07   1.2542343E+07   1.2690948E+07   1.4818122E+07   1.4788712E+07   1.2138652E+07   1.2019469E+07
    9.8500   1.2495854E+07   1.2644435E+07   1.4787334E+07   1.4758828E+07   1.2109199E+07   1.1989136E+07   1.2538646E+07   1.2687614E+07   1.4830145E+07   1.4801232E+07   1.2144701E+07   1.2024658E+07
    9.8600   1.2492746E+07   1.2641705E+07   1.4799045E+07   1.4770970E+07   1.2114580E+07   1.1993708E+07   1.2534801E+07   1.2684117E+07   1.4842023E+07   1.4813623E+07   1.2150883E+07   1.2029979E+07
    9.8700   1.2489602E+07   1.2638932E+07   1.4810615E+07   1.4782973E+07   1.2119970E+07   1.1998295E+07   1.2530840E+07   1.2680491E+07   1.4853752E+07   1.4825877E+07   1.2157163E+07   1.2035398E+07
    9.8800   1.2486433E+07   1.2636125E+07   1.4822035E+07   1.4794828E+07   1.2125360E+07   1.2002888E+07   1.2526799E+07   1.2676774E+07   1.4865326E+07   1.4837985E+07   1.2163500E+07   1.2040879E+07
    9.8900   1.2483240E+07   1.2633286E+07   1.4833298E+07   1.4806526E+07   1.2130748E+07   1.2007487E+07   1.2522717E+07   1.2673005E+07   1.4876741E+07   1.4849937E+07   1.2169854E+07   1.2046382E+07
    9.9000   1.2480031E+07   1.2630422E+07   1.4844395E+07   1.4818061E+07   1.2136127E+07   1.2012083E+07   1.2518630E+07   1.2669224E+07   1.4887991E+07   1.4861723E+07   1.2176182E+07   1.2051869E+07
    9.9100   1.2476809E+07   1.2627536E+07   1.4855321E+07   1.4829425E+07   1.2141494E+07   1.2016677E+07   1.2514577E+07   1.2665471E+07   1.4899072E+07   1.4873335E+07   1.2182445E+07   1.2057301E+07
    9.9200   1.2473578E+07   1.2624632E+07   1.4866066E+07   1.4840607E+07   1.2146845E+07   1.2021263E+07   1.2510592E+07   1.2661781E+07   1.4909978E+07   1.4884764E+07   1.2188606E+07   1.2062644E+07
    9.9300   1.2470344E+07   1.2621715E+07   1.4876624E+07   1.4851603E+07   1.2152175E+07   1.2025838E+07   1.2506706E+07   1.2658187E+07   1.4920704E+07   1.4896000E+07   1.2194630E+07   1.2067867E+07
    9.9400   1.2467110E+07   1.2618789E+07   1.4886987E+07   1.4862402E+07   1.2157479E+07   1.2030398E+07   1.2502945E+07   1.2654715E+07   1.4931244E+07   1.4907035E+07   1.2200492E+07   1.2072944E+07
    9.9500   1.2463885E+07   1.2615862E+07   1.4897150E+07   1.4873000E+07   1.2162753E+07   1.2034939E+07   1.2499326E+07   1.2651385E+07   1.4941591E+07   1.4917860E+07   1.2206171E+07   1.2077857E+07
    9.9600   1.2460674E+07   1.2612939E+07   1.4907102E+07   1.4883385E+07   1.2167987E+07   1.2039453E+07   1.2495864E+07   1.2648210E+07   1.4951740E+07   1.4928468E+07   1.2211653E+07   1.2082593E+07
    9.9700   1.2457485E+07   1.2610030E+07   1.4916840E+07   1.4893552E+07   1.2173176E+07   1.2043934E+07   1.2492565E+07   1.2645197E+07   1.4961682E+07   1.4938850E+07   1.2216933E+07   1.2087148E+07
    9.9800   1.2454330E+07   1.2607144E+07   1.4926355E+07   1.4903493E+07   1.2178309E+07   1.2048372E+07   1.2489429E+07   1.2642344E+07   1.4971410E+07   1.4948999E+07   1.2222011E+07   1.2091522E+07
    9.9900   1.2451218E+07   1.2604291E+07   1.4935642E+07   1.4913199E+07   1.2183377E+07   1.2052761E+07   1.2486450E+07   1.2639647E+07   1.4980916E+07   1.4958907E+07   1.2226896E+07   1.2095723E+07
   10.0000   1.2448161E+07   1.2601484E+07   1.4944694E+07   1.4922665E+07   1.2188365E+07   1.2057086E+07   1.2483618E+07   1.2637092E+07   1.4990192E+07   1.4968567E+07   1.2231599E+07   1.2099764E+07
   10.0100   1.2445171E+07   1.2598737E+07   1.4953506E+07   1.4931882E+07   1.2193265E+07   1.2061338E+07   1.2480918E+07   1.2634664E+07   1.4999228E+07   1.4977973E+07   1.2236139E+07   1.2103663E+07
   10.0200   1.2442263E+07   1.2596061E+07   1.4962071E+07   1.4940843E+07   1.2198061E+07   1.2065505E+07   1.2478333E+07   1.2632345E+07   1.5008018E+07   1.4987119E+07   1.2240536E+07   1.2107438E+07
   10.0300   1.2439449E+07   1.2593472E+07   1.4970383E+07   1.4949541E+07   1.2202740E+07   1.2069574E+07   1.2475845E+07   1.2630115E+07   1.5016551E+07   1.4995997E+07   1.2244811E+07   1.2111110E+07
   10.0400   1.2436743E+07   1.2590983E+07   1.4978441E+07   1.4957972E+07   1.2207289E+07   1.2073533E+07   1.2473437E+07   1.2627955E+07   1.5024820E+07   1.5004602E+07   1.2248984E+07   1.2114700E+07
   10.0500   1.2434158E+07   1.2588607E+07   1.4986232E+07   1.4966123E+07   1.2211695E+07   1.2077370E+07   1.2471094E+07   1.2625849E+07   1.5032817E+07   1.5012927E+07   1.2253074E+07   1.2118225E+07
   10.0600   1.2431705E+07   1.2586357E+07   1.4993760E+07   1.4973995E+07   1.2215946E+07   1.2081074E+07   1.2468804E+07   1.2623783E+07   1.5040533E+07   1.5020966E+07   1.2257098E+07   1.2121701E+07
   10.0700   1.2429395E+07   1.2584242E+07   1.5001015E+07   1.4981579E+07   1.2220032E+07   1.2084636E+07   1.2466558E+07   1.2621748E+07   1.5047963E+07   1.5028714E+07   1.2261064E+07   1.2125138E+07
   10.0800   1.2427236E+07   1.2582273E+07   1.5007994E+07   1.4988869E+07   1.2223942E+07   1.2088045E+07   1.2464353E+07   1.2619741E+07   1.5055099E+07   1.5036164E+07   1.2264980E+07   1.2128542E+07
   10.0900   1.2425238E+07   1.2580457E+07   1.5014694E+07   1.4995863E+07   1.2227669E+07   1.2091296E+07   1.2462192E+07   1.2617764E+07   1.5061936E+07   1.5043310E+07   1.2268843E+07   1.2131912E+07
   10.1000   1.2423404E+07   1.2578799E+07   1.5021109E+07   1.5002554E+07   1.2231207E+07   1.2094384E+07   1.2460084E+07   1.2615825E+07   1.5068469E+07   1.5050148E+07   1.2272646E+07   1.2135242E+07
   10.1100   1.2421739E+07   1.2577303E+07   1.5027237E+07   1.5008939E+07   1.2234553E+07   1.2097304E+07   1.2458041E+07   1.2613938E+07   1.5074695E+07   1.5056672E+07   1.2276377E+07   1.2138520E+07
   10.1200   1.2420240E+07   1.2575968E+07   1.5033076E+07   1.5015015E+07   1.2237705E+07   1.2100054E+07   1.2456082E+07   1.2612122E+07   1.5080609E+07   1.5062875E+07   1.2280017E+07   1.2141727E+07
   10.1300   1.2418913E+07   1.2574797E+07   1.5038622E+07   1.5020779E+07   1.2240661E+07   1.2102636E+07   1.2454229E+07   1.2610400E+07   1.5086211E+07   1.5068755E+07   1.2283541E+07   1.2144843E+07
   10.1400   1.2417749E+07   1.2573783E+07   1.5043870E+07   1.5026228E+07   1.2243425E+07   1.2105049E+07   1.2452506E+07   1.2608798E+07   1.5091498E+07   1.5074306E+07   1.2286924E+07   1.2147841E+07
   10.1500   1.2416747E+07   1.2572925E+07   1.5048823E+07   1.5031362E+07   1.2245998E+07   1.2107299E+07   1.2450941E+07   1.2607344E+07   1.5096469E+07   1.5079525E+07   1.2290137E+07   1.2150695E+07
   10.1600   1.2415902E+07   1.2572215E+07   1.5053474E+07   1.5036177E+07   1.2248384E+07   1.2109385E+07   1.2449557E+07   1.2606065E+07   1.5101125E+07   1.5084408E+07   1.2293150E+07   1.2153377E+07
   10.1700   1.2415205E+07   1.2571645E+07   1.5057825E+07   1.5040676E+07   1.2250590E+07   1.2111317E+07   1.2448382E+07   1.2604987E+07   1.5105466E+07   1.5088954E+07   1.2295936E+07   1.2155860E+07
   10.1800   1.2414652E+07   1.2571212E+07   1.5061874E+07   1.5044854E+07   1.2252618E+07   1.2113095E+07   1.2447434E+07   1.2604133E+07   1.5109493E+07   1.5093160E+07   1.2298467E+07   1.2158120E+07
   10.1900   1.2414232E+07   1.2570904E+07   1.5065621E+07   1.5048716E+07   1.2254474E+07   1.2114725E+07   1.2446733E+07   1.2603521E+07   1.5113207E+07   1.5097026E+07   1.2300724E+07   1.2160135E+07
   10.2000   1.2413941E+07   1.2570716E+07   1.5069064E+07   1.5052258E+07   1.2256164E+07   1.2116213E+07   1.2446290E+07   1.2603164E+07   1.5116610E+07   1.5100552E+07   1.2302689E+07   1.2161891E+07
   10.2100   1.2413770E+07   1.2570639E+07   1.5072207E+07   1.5055486E+07   1.2257689E+07   1.2117559E+07   1.2446110E+07   1.2603068E+07   1.5119704E+07   1.5103738E+07   1.2304352E+07   1.2163376E+07
   10.2200   1.2413714E+07   1.2570668E+07   1.5075047E+07   1.5058396E+07   1.2259057E+07   1.2118771E+07   1.2446192E+07   1.2603234E+07   1.5122490E+07   1.5106587E+07   1.2305708E+07   1.2164587E+07
   10.2300   1.2413765E+07   1.2570797E+07   1.5077588E+07   1.5060994E+07   1.2260264E+07   1.2119845E+07   1.2446530E+07   1.2603652E+07   1.5124971E+07   1.5109102E+07   1.2306760E+07   1.2165526E+07
   10.2400   1.2413922E+07   1.2571021E+07   1.5079830E+07   1.5063279E+07   1.2261316E+07   1.2120785E+07   1.2447109E+07   1.2604310E+07   1.5127150E+07   1.5111285E+07   1.2307519E+07   1.2166201E+07
   10.2500   1.2414177E+07   1.2571336E+07   1.5081777E+07   1.5065257E+07   1.2262211E+07   1.2121591E+07   1.2447907E+07   1.2605185E+07   1.5129028E+07   1.5113142E+07   1.2307999E+07   1.2166626E+07
   10.2600   1.2414530E+07   1.2571740E+07   1.5083429E+07   1.5066926E+07   1.2262947E+07   1.2122259E+07   1.2448901E+07   1.2606251E+07   1.5130609E+07   1.5114677E+07   1.2308221E+07   1.2166821E+07
   10.2700   1.2414976E+07   1.2572230E+07   1.5084792E+07   1.5068293E+07   1.2263525E+07   1.2122790E+07   1.2450061E+07   1.2607478E+07   1.5131894E+07   1.5115896E+07   1.2308210E+07   1.2166809E+07
   10.2800   1.2415516E+07   1.2572805E+07   1.5085866E+07   1.5069358E+07   1.2263939E+07   1.2123177E+07   1.2451354E+07   1.2608833E+07   1.5132887E+07   1.5116805E+07   1.2307994E+07   1.2166615E+07
   10.2900   1.2416146E+07   1.2573463E+07   1.5086658E+07   1.5070128E+07   1.2264190E+07   1.2123423E+07   1.2452747E+07   1.2610281E+07   1.5133590E+07   1.5117410E+07   1.2307602E+07   1.2166267E+07
   10.3000   1.2416867E+07   1.2574204E+07   1.5087168E+07   1.5070603E+07   1.2264272E+07   1.2123519E+07   1.2454207E+07   1.2611787E+07   1.5134006E+07   1.5117717E+07   1.2307063E+07   1.2165791E+07
   10.3100   1.2417674E+07   1.2575026E+07   1.5087403E+07   1.5070789E+07   1.2264184E+07   1.2123466E+07   1.2455702E+07   1.2613319E+07   1.5134140E+07   1.5117734E+07   1.2306404E+07   1.2165212E+07
   10.3200   1.2418565E+07   1.2575925E+07   1.5087367E+07   1.5070690E+07   1.2263923E+07   1.2123259E+07   1.2457204E+07   1.2614847E+07   1.5133994E+07   1.5117466E+07   1.2305650E+07   1.2164554E+07
   10.3300   1.2419540E+07   1.2576901E+07   1.5087062E+07   1.5070310E+07   1.2263491E+07   1.2122901E+07   1.2458688E+07   1.2616346E+07   1.5133572E+07   1.5116921E+07   1.2304821E+07   1.2163834E+07
   10.3400   1.2420590E+07   1.2577947E+07   1.5086494E+07   1.5069654E+07   1.2262886E+07   1.2122388E+07   1.2460136E+07   1.2617796E+07   1.5132879E+07   1.5116103E+07   1.2303932E+07   1.2163067E+07
   10.3500   1.2421710E+07   1.2579058E+07   1.5085667E+07   1.5068727E+07   1.2262111E+07   1.2121724E+07   1.2461532E+07   1.2619183E+07   1.5131920E+07   1.5115020E+07   1.2302994E+07   1.2162262E+07
   10.3600   1.2422895E+07   1.2580227E+07   1.5084585E+07   1.5067533E+07   1.2261170E+07   1.2120911E+07   1.2462869E+07   1.2620499E+07   1.5130699E+07   1.5113677E+07   1.2302009E+07   1.2161422E+07
   10.3700   1.2424133E+07   1.2581444E+07   1.5083255E+07   1.5066079E+07   1.2260069E+07   1.2119954E+07   1.2464146E+07   1.2621742E+07   1.5129222E+07   1.5112078E+07   1.2300978E+07   1.2160545E+07
   10.3800   1.2425416E+07   1.2582700E+07   1.5081678E+07   1.5064368E+07   1.2258814E+07   1.2118861E+07   1.2465363E+07   1.2622916E+07   1.5127494E+07   1.5110230E+07   1.2299892E+07   1.2159624E+07
   10.3900   1.2426730E+07   1.2583981E+07   1.5079862E+07   1.5062409E+07   1.2257415E+07   1.2117637E+07   1.2466530E+07   1.2624029E+07   1.5125521E+07   1.5108136E+07   1.2298740E+07   1.2158647E+07
   10.4000   1.2428065E+07   1.2585278E+07   1.5077809E+07   1.5060205E+07   1.2255882E+07   1.2116293E+07   1.2467657E+07   1.2625092E+07   1.5123309E+07   1.5105801E+07   1.2297508E+07   1.2157601E+07
   10.4100   1.2429402E+07   1.2586569E+07   1.5075526E+07   1.5057766E+07   1.2254226E+07   1.2114840E+07   1.2468757E+07   1.2626121E+07   1.5120863E+07   1.5103230E+07   1.2296180E+07   1.2156469E+07
   10.4200   1.2430732E+07   1.2587847E+07   1.5073016E+07   1.5055093E+07   1.2252460E+07   1.2113288E+07   1.2469844E+07   1.2627132E+07   1.5118191E+07   1.5100427E+07   1.2294736E+07   1.2155234E+07
   10.4300   1.2432035E+07   1.2589091E+07   1.5070284E+07   1.5052196E+07   1.2250596E+07   1.2111650E+07   1.2470934E+07   1.2628138E+07   1.5115297E+07   1.5097396E+07   1.2293161E+07   1.2153879E+07
   10.4400   1.2433298E+07   1.2590287E+07   1.5067336E+07   1.5049080E+07   1.2248649E+07   1.2109936E+07   1.2472038E+07   1.2629155E+07   1.5112189E+07   1.5094142E+07   1.2291440E+07   1.2152391E+07
   10.4500   1.2434507E+07   1.2591421E+07   1.5064176E+07   1.5045752E+07   1.2246629E+07   1.2108159E+07   1.2473165E+07   1.2630191E+07   1.5108871E+07   1.5090669E+07   1.2289560E+07   1.2150758E+07
   10.4600   1.2435645E+07   1.2592477E+07   1.5060810E+07   1.5042220E+07   1.2244551E+07   1.2106332E+07   1.2474320E+07   1.2631253E+07   1.5105351E+07   1.5086983E+07   1.2287515E+07   1.2148972E+07
   10.4700   1.2436700E+07   1.2593440E+07   1.5057242E+07   1.5038487E+07   1.2242426E+07   1.2104462E+07   1.2475505E+07   1.2632342E+07   1.5101632E+07   1.5083088E+07   1.2285303E+07   1.2147031E+07
   10.4800   1.2437660E+07   1.2594300E+07   1.5053479E+07   1.5034563E+07   1.2240263E+07   1.2102561E+07   1.2476713E+07   1.2633452E+07   1.5097721E+07   1.5078992E+07   1.2282927E+07   1.2144939E+07
   10.4900   1.2438513E+07   1.2595044E+07   1.5049525E+07   1.5030453E+07   1.2238073E+07   1.2100636E+07   1.2477934E+07   1.2634573E+07   1.5093623E+07   1.5074699E+07   1.2280398E+07   1.2142705E+07
   10.5000   1.2439251E+07   1.2595664E+07   1.5045387E+07   1.5026164E+07   1.2235863E+07   1.2098695E+07   1.2479152E+07   1.2635688E+07   1.5089342E+07   1.5070217E+07   1.2277730E+07   1.2140341E+07
   10.5100   1.2439865E+07   1.2596152E+07   1.5041071E+07   1.5021703E+07   1.2233639E+07   1.2096742E+07   1.2480346E+07   1.2636775E+07   1.5084885E+07   1.5065554E+07   1.2274945E+07   1.2137869E+07
   10.5200   1.2440347E+07   1.2596498E+07   1.5036580E+07   1.5017076E+07   1.2231407E+07   1.2094783E+07   1.2481489E+07   1.2637807E+07   1.5080255E+07   1.5060716E+07   1.2272068E+07   1.2135312E+07
   10.5300   1.2440695E+07   1.2596702E+07   1.5031924E+07   1.5012289E+07   1.2229170E+07   1.2092821E+07   1.2482553E+07   1.2638753E+07   1.5075457E+07   1.5055711E+07   1.2269128E+07   1.2132696E+07
   10.5400   1.2440901E+07   1.2596755E+07   1.5027108E+07   1.5007351E+07   1.2226930E+07   1.2090856E+07   1.2483505E+07   1.2639582E+07   1.5070496E+07   1.5050548E+07   1.2266157E+07   1.2130051E+07
   10.5500   1.2440965E+07   1.2596658E+07   1.5022136E+07   1.5002265E+07   1.2224692E+07   1.2088893E+07   1.2484314E+07   1.2640258E+07   1.5065378E+07   1.5045236E+07   1.2263186E+07   1.2127407E+07
   10.5600   1.2440883E+07   1.2596407E+07   1.5017018E+07   1.4997041E+07   1.2222452E+07   1.2086928E+07   1.2484947E+07   1.2640748E+07   1.5060107E+07   1.5039782E+07   1.2260248E+07   1.2124794E+07
   10.5700   1.2440652E+07   1.2596000E+07   1.5011756E+07   1.4991682E+07   1.2220216E+07   1.2084967E+07   1.2485374E+07   1.2641022E+07   1.5054689E+07   1.5034196E+07   1.2257371E+07   1.2122239E+07
   10.5800   1.2440270E+07   1.2595434E+07   1.5006361E+07   1.4986198E+07   1.2217983E+07   1.2083006E+07   1.2485568E+07   1.2641051E+07   1.5049129E+07   1.5028486E+07   1.2254584E+07   1.2119767E+07
   10.5900   1.2439737E+07   1.2594710E+07   1.5000835E+07   1.4980591E+07   1.2215755E+07   1.2081050E+07   1.2485505E+07   1.2640810E+07   1.5043433E+07   1.5022661E+07   1.2251908E+07   1.2117398E+07
   10.6000   1.2439047E+07   1.2593823E+07   1.4995187E+07   1.4974872E+07   1.2213534E+07   1.2079097E+07   1.2485169E+07   1.2640283E+07   1.5037608E+07   1.5016728E+07   1.2249359E+07   1.2115149E+07
   10.6100   1.2438199E+07   1.2592770E+07   1.4989422E+07   1.4969045E+07   1.2211323E+07   1.2077153E+07   1.2484546E+07   1.2639455E+07   1.5031659E+07   1.5010695E+07   1.2246951E+07   1.2113030E+07
   10.6200   1.2437188E+07   1.2591549E+07   1.4983546E+07   1.4963116E+07   1.2209127E+07   1.2075220E+07   1.2483629E+07   1.2638321E+07   1.5025595E+07   1.5004570E+07   1.2244687E+07   1.2111044E+07
   10.6300   1.2436008E+07   1.2590152E+07   1.4977564E+07   1.4957093E+07   1.2206951E+07   1.2073303E+07   1.2482419E+07   1.2636880E+07   1.5019421E+07   1.4998360E+07   1.2242567E+07   1.2109192E+07
   10.6400   1.2434655E+07   1.2588576E+07   1.4971484E+07   1.4950982E+07   1.2204801E+07   1.2071407E+07   1.2480921E+07   1.2635139E+07   1.5013145E+07   1.4992071E+07   1.2240585E+07   1.2107466E+07
   10.6500   1.2433123E+07   1.2586813E+07   1.4965308E+07   1.4944787E+07   1.2202687E+07   1.2069542E+07   1.2479144E+07   1.2633107E+07   1.5006775E+07   1.4985710E+07   1.2238730E+07   1.2105856E+07
   10.6600   1.2431402E+07   1.2584856E+07   1.4959045E+07   1.4938517E+07   1.2200613E+07   1.2067712E+07   1.2477102E+07   1.2630802E+07   1.5000318E+07   1.4979282E+07   1.2236986E+07   1.2104347E+07
   10.6700   1.2429487E+07   1.2582697E+07   1.4952697E+07   1.4932176E+07   1.2198591E+07   1.2065927E+07   1.2474814E+07   1.2628241E+07   1.4993781E+07   1.4972792E+07   1.2235336E+07   1.2102922E+07
   10.6800   1.2427369E+07   1.2580329E+07   1.4946272E+07   1.4925773E+07   1.2196632E+07   1.2064197E+07   1.2472297E+07   1.2625444E+07   1.4987171E+07   1.4966247E+07   1.2233761E+07   1.2101562E+07
   10.6900   1.2425042E+07   1.2577744E+07   1.4939774E+07   1.4919310E+07   1.2194743E+07   1.2062529E+07   1.2469572E+07   1.2622434E+07   1.4980495E+07   1.4959649E+07   1.2232241E+07   1.2100250E+07
   10.7000   1.2422497E+07   1.2574934E+07   1.4933207E+07   1.4912796E+07   1.2192936E+07   1.2060935E+07   1.2466658E+07   1.2619229E+07   1.4973759E+07   1.4953005E+07   1.2230758E+07   1.2098966E+07
   10.7100   1.2419729E+07   1.2571893E+07   1.4926576E+07   1.4906235E+07   1.2191218E+07   1.2059420E+07   1.2463572E+07   1.2615848E+07   1.4966971E+07   1.4946318E+07   1.2229296E+07   1.2097698E+07
   10.7200   1.2416732E+07   1.2568615E+07   1.4919886E+07   1.4899633E+07   1.2189600E+07   1.2057995E+07   1.2460328E+07   1.2612307E+07   1.4960135E+07   1.4939593E+07   1.2227845E+07   1.2096433E+07
   10.7300   1.2413502E+07   1.2565096E+07   1.4913142E+07   1.4892995E+07   1.2188088E+07   1.2056666E+07   1.2456935E+07   1.2608615E+07   1.4953257E+07   1.4932834E+07   1.2226397E+07   1.2095166E+07
   10.7400   1.2410037E+07   1.2561334E+07   1.4906347E+07   1.4886325E+07   1.2186688E+07   1.2055437E+07   1.2453402E+07   1.2604781E+07   1.4946341E+07   1.4926044E+07   1.2224949E+07   1.2093892E+07
   10.7500   1.2406335E+07   1.2557328E+07   1.4899507E+07   1.4879630E+07   1.2185404E+07   1.2054315E+07   1.2449728E+07   1.2600804E+07   1.4939392E+07   1.4919228E+07   1.2223505E+07   1.2092617E+07
   10.7600   1.2402398E+07   1.2553078E+07   1.4892626E+07   1.4872912E+07   1.2184241E+07   1.2053301E+07   1.2445910E+07   1.2596683E+07   1.4932412E+07   1.4912391E+07   1.2222073E+07   1.2091347E+07
   10.7700   1.2398227E+07   1.2548587E+07   1.4885707E+07   1.4866176E+07   1.2183200E+07   1.2052397E+07   1.2441942E+07   1.2592407E+07   1.4925406E+07   1.4905537E+07   1.2220667E+07   1.2090096E+07
   10.7800   1.2393829E+07   1.2543860E+07   1.4878756E+07   1.4859427E+07   1.2182279E+07   1.2051603E+07   1.2437810E+07   1.2587966E+07   1.4918376E+07   1.4898670E+07   1.2219305E+07   1.2088881E+07
   10.7900   1.2389207E+07   1.2538903E+07   1.4871777E+07   1.4852667E+07   1.2181479E+07   1.2050919E+07   1.2433503E+07   1.2583344E+07   1.4911323E+07   1.4891794E+07   1.2218007E+07   1.2087722E+07
   10.8000   1.2384371E+07   1.2533725E+07   1.4864772E+07   1.4845901E+07   1.2180795E+07   1.2050338E+07   1.2429002E+07   1.2578524E+07   1.4904252E+07   1.4884914E+07   1.2216798E+07   1.2086641E+07
   10.8100   1.2379329E+07   1.2528333E+07   1.4857747E+07   1.4839132E+07   1.2180225E+07   1.2049862E+07   1.2424291E+07   1.2573487E+07   1.4897163E+07   1.4878034E+07   1.2215702E+07   1.2085661E+07
   10.8200   1.2374088E+07   1.2522738E+07   1.4850707E+07   1.4832364E+07   1.2179762E+07   1.2049482E+07   1.2419353E+07   1.2568217E+07   1.4890058E+07   1.4871157E+07   1.2214743E+07   1.2084806E+07
   10.8300   1.2368662E+07   1.2516952E+07   1.4843652E+07   1.4825597E+07   1.2179405E+07   1.2049198E+07   1.2414174E+07   1.2562696E+07   1.4882939E+07   1.4864289E+07   1.2213942E+07   1.2084097E+07
   10.8400   1.2363058E+07   1.2510982E+07   1.4836590E+07   1.4818837E+07   1.2179143E+07   1.2048999E+07   1.2408741E+07   1.2556912E+07   1.4875809E+07   1.4857433E+07   1.2213321E+07   1.2083553E+07
   10.8500   1.2357289E+07   1.2504842E+07   1.4829520E+07   1.4812084E+07   1.2178978E+07   1.2048887E+07   1.2403046E+07   1.2550856E+07   1.4868670E+07   1.4850592E+07   1.2212893E+07   1.2083188E+07
   10.8600   1.2351363E+07   1.2498542E+07   1.4822450E+07   1.4805344E+07   1.2178899E+07   1.2048854E+07   1.2397085E+07   1.2544525E+07   1.4861523E+07   1.4843769E+07   1.2212670E+07   1.2083012E+07
   10.8700   1.2345290E+07   1.2492090E+07   1.4815378E+07   1.4798615E+07   1.2178907E+07   1.2048898E+07   1.2390860E+07   1.2537918E+07   1.4854372E+07   1.4836968E+07   1.2212656E+07   1.2083030E+07
   10.8800   1.2339082E+07   1.2485499E+07   1.4808311E+07   1.4791903E+07   1.2178996E+07   1.2049015E+07   1.2384378E+07   1.2531044E+07   1.4847220E+07   1.4830191E+07   1.2212851E+07   1.2083243E+07
   10.8900   1.2332742E+07   1.2478773E+07   1.4801251E+07   1.4785208E+07   1.2179166E+07   1.2049205E+07   1.2377652E+07   1.2523915E+07   1.4840070E+07   1.4823440E+07   1.2213249E+07   1.2083643E+07
   10.9000   1.2326282E+07   1.2471923E+07   1.4794200E+07   1.4778534E+07   1.2179415E+07   1.2049467E+07   1.2370698E+07   1.2516550E+07   1.4832925E+07   1.4816717E+07   1.2213836E+07   1.2084220E+07
   10.9100   1.2319706E+07   1.2464954E+07   1.4787159E+07   1.4771880E+07   1.2179741E+07   1.2049799E+07   1.2363539E+07   1.2508972E+07   1.4825789E+07   1.4810023E+07   1.2214596E+07   1.2084957E+07
   10.9200   1.2313020E+07   1.2457873E+07   1.4780133E+07   1.4765251E+07   1.2180150E+07   1.2050206E+07   1.2356201E+07   1.2501208E+07   1.4818666E+07   1.4803360E+07   1.2215509E+07   1.2085835E+07
   10.9300   1.2306229E+07   1.2450684E+07   1.4773122E+07   1.4758648E+07   1.2180638E+07   1.2050686E+07   1.2348712E+07   1.2493288E+07   1.4811559E+07   1.4796729E+07   1.2216550E+07   1.2086832E+07
   10.9400   1.2299340E+07   1.2443392E+07   1.4766128E+07   1.4752071E+07   1.2181211E+07   1.2051244E+07   1.2341104E+07   1.2485245E+07   1.4804473E+07   1.4790131E+07   1.2217693E+07   1.2087923E+07
   10.9500   1.2292355E+07   1.2436002E+07   1.4759153E+07   1.4745523E+07   1.2181869E+07   1.2051881E+07   1.2333407E+07   1.2477109E+07   1.4797410E+07   1.4783565E+07   1.2218914E+07   1.2089085E+07
   10.9600   1.2285281E+07   1.2428520E+07   1.4752198E+07   1.4739005E+07   1.2182617E+07   1.2052600E+07   1.2325650E+07   1.2468914E+07   1.4790375E+07   1.4777032E+07   1.2220186E+07   1.2090293E+07
   10.9700   1.2278122E+07   1.2420948E+07   1.4745265E+07   1.4732518E+07   1.2183455E+07   1.2053404E+07   1.2317863E+07   1.2460689E+07   1.4783371E+07   1.4770533E+07   1.2221487E+07   1.2091528E+07
   10.9800   1.2270884E+07   1.2413295E+07   1.4738355E+07   1.4726064E+07   1.2184385E+07   1.2054294E+07   1.2310070E+07   1.2452459E+07   1.4776400E+07   1.4764068E+07   1.2222798E+07   1.2092770E+07
   10.9900   1.2263574E+07   1.2405567E+07   1.4731468E+07   1.4719641E+07   1.2185409E+07   1.2055272E+07   1.2302293E+07   1.2444247E+07   1.4769464E+07   1.4757638E+07   1.2224103E+07   1.2094005E+07
   11.0000   1.2256199E+07   1.2397770E+07   1.4724607E+07   1.4713253E+07   1.2186524E+07   1.2056336E+07   1.2294549E+07   1.2436070E+07   1.4762565E+07   1.4751241E+07   1.2225393E+07   1.2095224E+07
   11.0100   1.2248770E+07   1.2389915E+07   1.4717770E+07   1.4706897E+07   1.2187733E+07   1.2057489E+07   1.2286850E+07   1.2427942E+07   1.4755704E+07   1.4744880E+07   1.2226661E+07   1.2096423E+07
   11.0200   1.2241296E+07   1.2382013E+07   1.4710961E+07   1.4700577E+07   1.2189030E+07   1.2058726E+07   1.2279203E+07   1.2419870E+07   1.4748883E+07   1.4738553E+07   1.2227909E+07   1.2097602E+07
   11.0300   1.2233786E+07   1.2374072E+07   1.4704177E+07   1.4694288E+07   1.2190410E+07   1.2060043E+07   1.2271613E+07   1.2411856E+07   1.4742100E+07   1.4732261E+07   1.2229140E+07   1.2098766E+07
   11.0400   1.2226258E+07   1.2366110E+07   1.4697423E+07   1.4688034E+07   1.2191872E+07   1.2061439E+07   1.2264077E+07   1.2403899E+07   1.4735357E+07   1.4726005E+07   1.2230365E+07   1.2099924E+07
   11.0500   1.2218722E+07   1.2358138E+07   1.4690696E+07   1.4681811E+07   1.2193406E+07   1.2062905E+07   1.2256592E+07   1.2395995E+07   1.4728651E+07   1.4719784E+07   1.2231598E+07   1.2101091E+07
   11.0600   1.2211194E+07   1.2350172E+07   1.4683997E+07   1.4675620E+07   1.2195007E+07   1.2064436E+07   1.2249150E+07   1.2388135E+07   1.4721982E+07   1.4713599E+07   1.2232854E+07   1.2102281E+07
   11.0700   1.2203691E+07   1.2342229E+07   1.4677328E+07   1.4669461E+07   1.2196666E+07   1.2066025E+07   1.2241745E+07   1.2380311E+07   1.4715348E+07   1.4707449E+07   1.2234151E+07   1.2103513E+07
   11.0800   1.2196227E+07   1.2334324E+07   1.4670688E+07   1.4663331E+07   1.2198376E+07   1.2067665E+07   1.2234367E+07   1.2372513E+07   1.4708748E+07   1.4701335E+07   1.2235507E+07   1.2104803E+07
   11.0900   1.2188820E+07   1.2326476E+07   1.4664078E+07   1.4657231E+07   1.2200126E+07   1.2069347E+07   1.2227010E+07   1.2364734E+07   1.4702179E+07   1.4695255E+07   1.2236939E+07   1.2106169E+07
   11.1000   1.2181484E+07   1.2318698E+07   1.4657496E+07   1.4651157E+07   1.2201909E+07   1.2071064E+07   1.2219669E+07   1.2356967E+07   1.4695640E+07   1.4689209E+07   1.2238463E+07   1.2107626E+07
   11.1100   1.2174236E+07   1.2311009E+07   1.4650947E+07   1.4645111E+07   1.2203717E+07   1.2072810E+07   1.2212341E+07   1.2349210E+07   1.4689129E+07   1.4683196E+07   1.2240091E+07   1.2109185E+07
   11.1200   1.2167092E+07   1.2303423E+07   1.4644424E+07   1.4639088E+07   1.2205542E+07   1.2074576E+07   1.2205028E+07   1.2341463E+07   1.4682644E+07   1.4677215E+07   1.2241830E+07   1.2110854E+07
   11.1300   1.2160064E+07   1.2295955E+07   1.4637933E+07   1.4633091E+07   1.2207379E+07   1.2076360E+07   1.2197736E+07   1.2333732E+07   1.4676184E+07   1.4671264E+07   1.2243684E+07   1.2112638E+07
   11.1400   1.2153164E+07   1.2288616E+07   1.4631470E+07   1.4627116E+07   1.2209220E+07   1.2078154E+07   1.2190476E+07   1.2326028E+07   1.4669747E+07   1.4665341E+07   1.2245651E+07   1.2114536E+07
   11.1500   1.2146407E+07   1.2281420E+07   1.4625037E+07   1.4621163E+07   1.2211065E+07   1.2079957E+07   1.2183262E+07   1.2318366E+07   1.4663333E+07   1.4659444E+07   1.2247725E+07   1.2116541E+07
   11.1600   1.2139799E+07   1.2274375E+07   1.4618633E+07   1.4615230E+07   1.2212907E+07   1.2081764E+07   1.2176114E+07   1.2310766E+07   1.4656941E+07   1.4653570E+07   1.2249894E+07   1.2118644E+07
   11.1700   1.2133352E+07   1.2267492E+07   1.4612258E+07   1.4609319E+07   1.2214747E+07   1.2083576E+07   1.2169056E+07   1.2303252E+07   1.4650571E+07   1.4647718E+07   1.2252143E+07   1.2120830E+07
   11.1800   1.2127071E+07   1.2260777E+07   1.4605912E+07   1.4603426E+07   1.2216583E+07   1.2085393E+07   1.2162114E+07   1.2295852E+07   1.4644222E+07   1.4641885E+07   1.2254452E+07   1.2123081E+07
   11.1900   1.2120964E+07   1.2254237E+07   1.4599594E+07   1.4597553E+07   1.2218416E+07   1.2087215E+07   1.2155316E+07   1.2288596E+07   1.4637895E+07   1.4636068E+07   1.2256799E+07   1.2125377E+07
   11.2000   1.2115035E+07   1.2247875E+07   1.4593305E+07   1.4591699E+07   1.2220247E+07   1.2089044E+07   1.2148693E+07   1.2281513E+07   1.4631591E+07   1.4630265E+07   1.2259160E+07   1.2127696E+07
   11.2100   1.2109288E+07   1.2241697E+07   1.4587045E+07   1.4585864E+07   1.2222079E+07   1.2090881E+07   1.2142273E+07   1.2274636E+07   1.4625310E+07   1.4624474E+07   1.2261512E+07   1.2130015E+07
   11.2200   1.2103727E+07   1.2235706E+07   1.4580813E+07   1.4580048E+07   1.2223913E+07   1.2092730E+07   1.2136085E+07   1.2267993E+07   1.4619053E+07   1.4618693E+07   1.2263831E+07   1.2132314E+07
   11.2300   1.2098356E+07   1.2229906E+07   1.4574611E+07   1.4574252E+07   1.2225751E+07   1.2094592E+07   1.2130155E+07   1.2261611E+07   1.4612821E+07   1.4612920E+07   1.2266097E+07   1.2134573E+07
   11.2400   1.2093177E+07   1.2224298E+07   1.4568439E+07   1.4568476E+07   1.2227596E+07   1.2096470E+07   1.2124506E+07   1.2255514E+07   1.4606616E+07   1.4607156E+07   1.2268291E+07   1.2136774E+07
   11.2500   1.2088193E+07   1.2218887E+07   1.4562297E+07   1.4562719E+07   1.2229448E+07   1.2098363E+07   1.2119155E+07   1.2249721E+07   1.4600439E+07   1.4601398E+07   1.2270399E+07   1.2138905E+07
   11.2600   1.2083410E+07   1.2213676E+07   1.4556188E+07   1.4556985E+07   1.2231308E+07   1.2100276E+07   1.2114115E+07   1.2244245E+07   1.4594291E+07   1.4595648E+07   1.2272412E+07   1.2140956E+07
   11.2700   1.2078829E+07   1.2208668E+07   1.4550111E+07   1.4551273E+07   1.2233176E+07   1.2102205E+07   1.2109396E+07   1.2239095E+07   1.4588175E+07   1.4589906E+07   1.2274325E+07   1.2142925E+07
   11.2800   1.2074456E+07   1.2203870E+07   1.4544068E+07   1.4545585E+07   1.2235051E+07   1.2104150E+07   1.2105000E+07   1.2234274E+07   1.4582090E+07   1.4584174E+07   1.2276138E+07   1.2144810E+07
   11.2900   1.2070295E+07   1.2199285E+07   1.4538062E+07   1.4539922E+07   1.2236929E+07   1.2106109E+07   1.2100924E+07   1.2229780E+07   1.4576039E+07   1.4578453E+07   1.2277857E+07   1.2146618E+07
   11.3000   1.2066354E+07   1.2194921E+07   1.4532093E+07   1.4534285E+07   1.2238809E+07   1.2108080E+07   1.2097161E+07   1.2225604E+07   1.4570023E+07   1.4572746E+07   1.2279492E+07   1.2148357E+07
   11.3100   1.2062637E+07   1.2190784E+07   1.4526166E+07   1.4528678E+07   1.2240685E+07   1.2110057E+07   1.2093700E+07   1.2221736E+07   1.4564045E+07   1.4567056E+07   1.2281055E+07   1.2150039E+07
   11.3200   1.2059152E+07   1.2186880E+07   1.4520281E+07   1.4523099E+07   1.2242552E+07   1.2112037E+07   1.2090528E+07   1.2218160E+07   1.4558105E+07   1.4561386E+07   1.2282563E+07   1.2151681E+07
   11.3300   1.2055904E+07   1.2183216E+07   1.4514442E+07   1.4517553E+07   1.2244405E+07   1.2114014E+07   1.2087628E+07   1.2214859E+07   1.4552206E+07   1.4555741E+07   1.2284034E+07   1.2153299E+07
   11.3400   1.2052902E+07   1.2179801E+07   1.4508651E+07   1.4512041E+07   1.2246239E+07   1.2115981E+07   1.2084982E+07   1.2211816E+07   1.4546349E+07   1.4550123E+07   1.2285486E+07   1.2154910E+07
   11.3500   1.2050151E+07   1.2176640E+07   1.4502910E+07   1.4506564E+07   1.2248047E+07   1.2117935E+07   1.2082574E+07   1.2209011E+07   1.4540537E+07   1.4544537E+07   1.2286938E+07   1.2156531E+07
   11.3600   1.2047657E+07   1.2173741E+07   1.4497226E+07   1.4501128E+07   1.2249822E+07   1.2119867E+07   1.2080386E+07   1.2206429E+07   1.4534773E+07   1.4538988E+07   1.2288405E+07   1.2158178E+07
   11.3700   1.2045426E+07   1.2171108E+07   1.4491597E+07   1.4495732E+07   1.2251561E+07   1.2121775E+07   1.2078406E+07   1.2204055E+07   1.4529059E+07   1.4533480E+07   1.2289902E+07   1.2159863E+07
   11.3800   1.2043461E+07   1.2168747E+07   1.4486032E+07   1.4490382E+07   1.2253257E+07   1.2123652E+07   1.2076623E+07   1.2201878E+07   1.4523399E+07   1.4528017E+07   1.2291438E+07   1.2161596E+07
   11.3900   1.2041766E+07   1.2166660E+07   1.4480529E+07   1.4485078E+07   1.2254909E+07   1.2125497E+07   1.2075029E+07   1.2199891E+07   1.4517796E+07   1.4522603E+07   1.2293021E+07   1.2163382E+07
   11.4000   1.2040340E+07   1.2164849E+07   1.4475095E+07   1.4479825E+07   1.2256513E+07   1.2127305E+07   1.2073621E+07   1.2198089E+07   1.4512253E+07   1.4517243E+07   1.2294652E+07   1.2165224E+07
   11.4100   1.2039187E+07   1.2163316E+07   1.4469732E+07   1.4474626E+07   1.2258069E+07   1.2129077E+07   1.2072400E+07   1.2196476E+07   1.4506776E+07   1.4511941E+07   1.2296327E+07   1.2167117E+07
   11.4200   1.2038302E+07   1.2162057E+07   1.4464444E+07   1.4469486E+07   1.2259575E+07   1.2130809E+07   1.2071370E+07   1.2195055E+07   1.4501367E+07   1.4506699E+07   1.2298041E+07   1.2169056E+07
   11.4300   1.2037685E+07   1.2161072E+07   1.4459234E+07   1.4464405E+07   1.2261035E+07   1.2132508E+07   1.2070541E+07   1.2193837E+07   1.4496033E+07   1.4501522E+07   1.2299782E+07   1.2171029E+07
   11.4400   1.2037330E+07   1.2160355E+07   1.4454107E+07   1.4459391E+07   1.2262449E+07   1.2134170E+07   1.2069924E+07   1.2192834E+07   1.4490777E+07   1.4496413E+07   1.2301536E+07   1.2173022E+07
   11.4500   1.2037232E+07   1.2159902E+07   1.4449064E+07   1.4454446E+07   1.2263823E+07   1.2135803E+07   1.2069532E+07   1.2192060E+07   1.4485605E+07   1.4491375E+07   1.2303286E+07   1.2175019E+07
   11.4600   1.2037384E+07   1.2159704E+07   1.4444110E+07   1.4449574E+07   1.2265161E+07   1.2137408E+07   1.2069381E+07   1.2191532E+07   1.4480521E+07   1.4486411E+07   1.2305013E+07   1.2177003E+07
   11.4700   1.2037779E+07   1.2159756E+07   1.4439250E+07   1.4444781E+07   1.2266468E+07   1.2138991E+07   1.2069485E+07   1.2191267E+07   1.4475531E+07   1.4481524E+07   1.2306699E+07   1.2178955E+07
   11.4800   1.2038409E+07   1.2160049E+07   1.4434485E+07   1.4440068E+07   1.2267750E+07   1.2140558E+07   1.2069859E+07   1.2191279E+07   1.4470639E+07   1.4476718E+07   1.2308327E+07   1.2180859E+07
   11.4900   1.2039265E+07   1.2160574E+07   1.4429820E+07   1.4435443E+07   1.2269012E+07   1.2142112E+07   1.2070516E+07   1.2191582E+07   1.4465849E+07   1.4471995E+07   1.2309881E+07   1.2182699E+07
   11.5000   1.2040339E+07   1.2161322E+07   1.4425258E+07   1.4430907E+07   1.2270262E+07   1.2143661E+07   1.2071464E+07   1.2192187E+07   1.4461168E+07   1.4467360E+07   1.2311347E+07   1.2184463E+07
   11.5100   1.2041622E+07   1.2162285E+07   1.4420804E+07   1.4426468E+07   1.2271504E+07   1.2145207E+07   1.2072710E+07   1.2193101E+07   1.4456598E+07   1.4462814E+07   1.2312717E+07   1.2186141E+07
   11.5200   1.2043106E+07   1.2163455E+07   1.4416459E+07   1.4422128E+07   1.2272743E+07   1.2146756E+07   1.2074256E+07   1.2194324E+07   1.4452144E+07   1.4458363E+07   1.2313985E+07   1.2187728E+07
   11.5300   1.2044784E+07   1.2164825E+07   1.4412230E+07   1.4417892E+07   1.2273982E+07   1.2148310E+07   1.2076098E+07   1.2195856E+07   1.4447810E+07   1.4454010E+07   1.2315151E+07   1.2189224E+07
   11.5400   1.2046649E+07   1.2166387E+07   1.4408120E+07   1.4413764E+07   1.2275226E+07   1.2149873E+07   1.2078230E+07   1.2197688E+07   1.4443600E+07   1.4449759E+07   1.2316219E+07   1.2190632E+07
   11.5500   1.2048694E+07   1.2168136E+07   1.4404132E+07   1.4409750E+07   1.2276476E+07   1.2151446E+07   1.2080638E+07   1.2199808E+07   1.4439516E+07   1.4445615E+07   1.2317200E+07   1.2191961E+07
   11.5600   1.2050914E+07   1.2170067E+07   1.4400270E+07   1.4405853E+07   1.2277733E+07   1.2153028E+07   1.2083306E+07   1.2202198E+07   1.4435563E+07   1.4441583E+07   1.2318105E+07   1.2193223E+07
   11.5700   1.2053305E+07   1.2172174E+07   1.4396538E+07   1.4402077E+07   1.2278999E+07   1.2154623E+07   1.2086214E+07   1.2204838E+07   1.4431742E+07   1.4437668E+07   1.2318952E+07   1.2194434E+07
   11.5800   1.2055863E+07   1.2174454E+07   1.4392943E+07   1.4398428E+07   1.2280271E+07   1.2156225E+07   1.2089339E+07   1.2207703E+07   1.4428058E+07   1.4433875E+07   1.2319762E+07   1.2195611E+07
   11.5900   1.2058583E+07   1.2176904E+07   1.4389484E+07   1.4394907E+07   1.2281551E+07   1.2157837E+07   1.2092656E+07   1.2210769E+07   1.4424513E+07   1.4430209E+07   1.2320554E+07   1.2196775E+07
   11.6000   1.2061462E+07   1.2179520E+07   1.4386170E+07   1.4391523E+07   1.2282834E+07   1.2159453E+07   1.2096138E+07   1.2214008E+07   1.4421109E+07   1.4426676E+07   1.2321352E+07   1.2197946E+07
   11.6100   1.2064498E+07   1.2182301E+07   1.4383000E+07   1.4388274E+07   1.2284121E+07   1.2161075E+07   1.2099761E+07   1.2217393E+07   1.4417851E+07   1.4423282E+07   1.2322176E+07   1.2199144E+07
   11.6200   1.2067686E+07   1.2185242E+07   1.4379983E+07   1.4385169E+07   1.2285408E+07   1.2162697E+07   1.2103500E+07   1.2220899E+07   1.4414740E+07   1.4420032E+07   1.2323048E+07   1.2200387E+07
   11.6300   1.2071023E+07   1.2188339E+07   1.4377120E+07   1.4382211E+07   1.2286696E+07   1.2164320E+07   1.2107331E+07   1.2224503E+07   1.4411781E+07   1.4416931E+07   1.2323984E+07   1.2201693E+07
   11.6400   1.2074505E+07   1.2191591E+07   1.4374415E+07   1.4379401E+07   1.2287981E+07   1.2165940E+07   1.2111235E+07   1.2228185E+07   1.4408977E+07   1.4413985E+07   1.2325000E+07   1.2203073E+07
   11.6500   1.2078125E+07   1.2194989E+07   1.4371873E+07   1.4376748E+07   1.2289267E+07   1.2167559E+07   1.2115197E+07   1.2231927E+07   1.4406330E+07   1.4411199E+07   1.2326105E+07   1.2204537E+07
   11.6600   1.2081879E+07   1.2198530E+07   1.4369496E+07   1.4374250E+07   1.2290549E+07   1.2169174E+07   1.2119205E+07   1.2235719E+07   1.4403846E+07   1.4408578E+07   1.2327306E+07   1.2206090E+07
   11.6700   1.2085758E+07   1.2202205E+07   1.4367288E+07   1.4371916E+07   1.2291834E+07   1.2170789E+07   1.2123249E+07   1.2239553E+07   1.4401528E+07   1.4406125E+07   1.2328603E+07   1.2207733E+07
   11.6800   1.2089756E+07   1.2206008E+07   1.4365253E+07   1.4369748E+07   1.2293121E+07   1.2172405E+07   1.2127328E+07   1.2243424E+07   1.4399380E+07   1.4403846E+07   1.2329994E+07   1.2209462E+07
   11.6900   1.2093862E+07   1.2209929E+07   1.4363393E+07   1.4367748E+07   1.2294415E+07   1.2174023E+07   1.2131440E+07   1.2247335E+07   1.4397407E+07   1.4401744E+07   1.2331472E+07   1.2211271E+07
   11.7000   1.2098067E+07   1.2213958E+07   1.4361712E+07   1.4365923E+07   1.2295721E+07   1.2175650E+07   1.2135589E+07   1.2251288E+07   1.4395612E+07   1.4399822E+07   1.2333027E+07   1.2213148E+07
   11.7100   1.2102361E+07   1.2218084E+07   1.4360211E+07   1.4364273E+07   1.2297045E+07   1.2177290E+07   1.2139782E+07   1.2255292E+07   1.4394001E+07   1.4398084E+07   1.2334644E+07   1.2215081E+07
   11.7200   1.2106731E+07   1.2222295E+07   1.4358894E+07   1.4362804E+07   1.2298391E+07   1.2178946E+07   1.2144026E+07   1.2259355E+07   1.4392577E+07   1.4396533E+07   1.2336308E+07   1.2217054E+07
   11.7300   1.2111166E+07   1.2226579E+07   1.4357763E+07   1.4361520E+07   1.2299767E+07   1.2180627E+07   1.2148330E+07   1.2263487E+07   1.4391345E+07   1.4395172E+07   1.2338005E+07   1.2219052E+07
   11.7400   1.2115654E+07   1.2230926E+07   1.4356819E+07   1.4360420E+07   1.2301181E+07   1.2182338E+07   1.2152702E+07   1.2267696E+07   1.4390308E+07   1.4394003E+07   1.2339718E+07   1.2221059E+07
   11.7500   1.2120183E+07   1.2235322E+07   1.4356067E+07   1.4359512E+07   1.2302637E+07   1.2184084E+07   1.2157150E+07   1.2271992E+07   1.4389470E+07   1.4393028E+07   1.2341432E+07   1.2223062E+07
   11.7600   1.2124741E+07   1.2239755E+07   1.4355505E+07   1.4358795E+07   1.2304146E+07   1.2185873E+07   1.2161679E+07   1.2276381E+07   1.4388833E+07   1.4392249E+07   1.2343137E+07   1.2225049E+07
   11.7700   1.2129319E+07   1.2244215E+07   1.4355138E+07   1.4358274E+07   1.2305710E+07   1.2187708E+07   1.2166292E+07   1.2280867E+07   1.4388402E+07   1.4391669E+07   1.2344823E+07   1.2227011E+07
   11.7800   1.2133905E+07   1.2248690E+07   1.4354965E+07   1.4357951E+07   1.2307336E+07   1.2189595E+07   1.2170989E+07   1.2285448E+07   1.4388177E+07   1.4391290E+07   1.2346484E+07   1.2228943E+07
   11.7900   1.2138490E+07   1.2253172E+07   1.4354989E+07   1.4357826E+07   1.2309029E+07   1.2191539E+07   1.2175764E+07   1.2290121E+07   1.4388162E+07   1.4391113E+07   1.2348121E+07   1.2230843E+07
   11.8000   1.2143066E+07   1.2257653E+07   1.4355210E+07   1.4357904E+07   1.2310792E+07   1.2193541E+07   1.2180611E+07   1.2294878E+07   1.4388356E+07   1.4391140E+07   1.2349737E+07   1.2232715E+07
   11.8100   1.2147627E+07   1.2262126E+07   1.4355631E+07   1.4358184E+07   1.2312626E+07   1.2195603E+07   1.2185517E+07   1.2299707E+07   1.4388760E+07   1.4391374E+07   1.2351339E+07   1.2234565E+07
   11.8200   1.2152165E+07   1.2266584E+07   1.4356251E+07   1.4358669E+07   1.2314534E+07   1.2197726E+07   1.2190467E+07   1.2304591E+07   1.4389376E+07   1.4391815E+07   1.2352939E+07   1.2236405E+07
   11.8300   1.2156678E+07   1.2271024E+07   1.4357072E+07   1.4359360E+07   1.2316517E+07   1.2199912E+07   1.2195443E+07   1.2309512E+07   1.4390202E+07   1.4392466E+07   1.2354551E+07   1.2238248E+07
   11.8400   1.2161161E+07   1.2275442E+07   1.4358094E+07   1.4360257E+07   1.2318570E+07   1.2202156E+07   1.2200424E+07   1.2314449E+07   1.4391238E+07   1.4393327E+07   1.2356194E+07   1.2240110E+07
   11.8500   1.2165612E+07   1.2279834E+07   1.4359318E+07   1.4361361E+07   1.2320696E+07   1.2204460E+07   1.2205389E+07   1.2319378E+07   1.4392483E+07   1.4394401E+07   1.2357887E+07   1.2242009E+07
   11.8600   1.2170029E+07   1.2284202E+07   1.4360745E+07   1.4362672E+07   1.2322888E+07   1.2206817E+07   1.2210314E+07   1.2324276E+07   1.4393936E+07   1.4395688E+07   1.2359649E+07   1.2243965E+07
   11.8700   1.2174411E+07   1.2288541E+07   1.4362373E+07   1.4364191E+07   1.2325147E+07   1.2209229E+07   1.2215178E+07   1.2329120E+07   1.4395596E+07   1.4397189E+07   1.2361500E+07   1.2245994E+07
   11.8800   1.2178756E+07   1.2292853E+07   1.4364205E+07   1.4365917E+07   1.2327468E+07   1.2211689E+07   1.2219961E+07   1.2333889E+07   1.4397462E+07   1.4398906E+07   1.2363458E+07   1.2248116E+07
   11.8900   1.2183065E+07   1.2297135E+07   1.4366238E+07   1.4367849E+07   1.2329849E+07   1.2214196E+07   1.2224644E+07   1.2338563E+07   1.4399531E+07   1.4400837E+07   1.2365539E+07   1.2250343E+07
   11.9000   1.2187335E+07   1.2301389E+07   1.4368474E+07   1.4369989E+07   1.2332286E+07   1.2216747E+07   1.2229213E+07   1.2343127E+07   1.4401802E+07   1.4402984E+07   1.2367755E+07   1.2252688E+07
   11.9100   1.2191567E+07   1.2305611E+07   1.4370910E+07   1.4372333E+07   1.2334777E+07   1.2219338E+07   1.2233656E+07   1.2347570E+07   1.4404274E+07   1.4405346E+07   1.2370115E+07   1.2255159E+07
   11.9200   1.2195756E+07   1.2309801E+07   1.4373547E+07   1.4374883E+07   1.2337321E+07   1.2221969E+07   1.2237966E+07   1.2351883E+07   1.4406946E+07   1.4407922E+07   1.2372624E+07   1.2257760E+07
   11.9300   1.2199904E+07   1.2313957E+07   1.4376383E+07   1.4377636E+07   1.2339914E+07   1.2224637E+07   1.2242140E+07   1.2356064E+07   1.4409816E+07   1.4410711E+07   1.2375281E+07   1.2260490E+07
   11.9400   1.2204005E+07   1.2318075E+07   1.4379417E+07   1.4380593E+07   1.2342561E+07   1.2227344E+07   1.2246179E+07   1.2360114E+07   1.4412882E+07   1.4413712E+07   1.2378082E+07   1.2263346E+07
   11.9500   1.2208057E+07   1.2322152E+07   1.4382648E+07   1.4383750E+07   1.2345256E+07   1.2230087E+07   1.2250088E+07   1.2364038E+07   1.4416145E+07   1.4416922E+07   1.2381018E+07   1.2266319E+07
   11.9600   1.2212055E+07   1.2326184E+07   1.4386074E+07   1.4387108E+07   1.2348005E+07   1.2232871E+07   1.2253877E+07   1.2367846E+07   1.4419603E+07   1.4420340E+07   1.2384076E+07   1.2269398E+07
   11.9700   1.2215995E+07   1.2330166E+07   1.4389693E+07   1.4390665E+07   1.2350807E+07   1.2235692E+07   1.2257556E+07   1.2371551E+07   1.4423254E+07   1.4423963E+07   1.2387242E+07   1.2272567E+07
   11.9800   1.2219872E+07   1.2334092E+07   1.4393502E+07   1.4394418E+07   1.2353667E+07   1.2238559E+07   1.2261139E+07   1.2375165E+07   1.4427099E+07   1.4427789E+07   1.2390499E+07   1.2275810E+07
   11.9900   1.2223680E+07   1.2337959E+07   1.4397501E+07   1.4398366E+07   1.2356582E+07   1.2241467E+07   1.2264641E+07   1.2378706E+07   1.4431135E+07   1.4431814E+07   1.2393826E+07   1.2279110E+07
   12.0000   1.2227415E+07   1.2341758E+07   1.4401685E+07   1.4402508E+07   1.2359562E+07   1.2244425E+07   1.2268076E+07   1.2382188E+07   1.4435362E+07   1.4436036E+07   1.2397206E+07   1.2282449E+07
   12.0100   1.2231072E+07   1.2345487E+07   1.4406053E+07   1.4406839E+07   1.2362604E+07   1.2247432E+07   1.2271460E+07   1.2385627E+07   1.4439778E+07   1.4440452E+07   1.2400621E+07   1.2285808E+07
   12.0200   1.2234645E+07   1.2349139E+07   1.4410601E+07   1.4411359E+07   1.2365712E+07   1.2250489E+07   1.2274803E+07   1.2389036E+07   1.4444383E+07   1.4445057E+07   1.2404054E+07   1.2289174E+07
   12.0300   1.2238132E+07   1.2352712E+07   1.4415328E+07   1.4416065E+07   1.2368888E+07   1.2253600E+07   1.2278117E+07   1.2392426E+07   1.4449173E+07   1.4449850E+07   1.2407492E+07   1.2292534E+07
   12.0400   1.2241529E+07   1.2356200E+07   1.4420229E+07   1.4420953E+07   1.2372130E+07   1.2256763E+07   1.2281408E+07   1.2395803E+07   1.4454146E+07   1.4454827E+07   1.2410924E+07   1.2295876E+07
   12.0500   1.2244833E+07   1.2359603E+07   1.4425302E+07   1.4426021E+07   1.2375442E+07   1.2259982E+07   1.2284680E+07   1.2399173E+07   1.4459300E+07   1.4459984E+07   1.2414343E+07   1.2299196E+07
   12.0600   1.2248045E+07   1.2362919E+07   1.4430543E+07   1.4431265E+07   1.2378818E+07   1.2263250E+07   1.2287934E+07   1.2402535E+07   1.4464632E+07   1.4465319E+07   1.2417747E+07   1.2302489E+07
   12.0700   1.2251165E+07   1.2366149E+07   1.4435948E+07   1.4436682E+07   1.2382260E+07   1.2266570E+07   1.2291167E+07   1.2405886E+07   1.4470139E+07   1.4470827E+07   1.2421137E+07   1.2305758E+07
   12.0800   1.2254191E+07   1.2369293E+07   1.4441517E+07   1.4442270E+07   1.2385762E+07   1.2269935E+07   1.2294370E+07   1.2409218E+07   1.4475816E+07   1.4476507E+07   1.2424517E+07   1.2309006E+07
   12.0900   1.2257131E+07   1.2372355E+07   1.4447241E+07   1.4448021E+07   1.2389320E+07   1.2273344E+07   1.2297536E+07   1.2412522E+07   1.4481659E+07   1.4482355E+07   1.2427894E+07   1.2312241E+07
   12.1000   1.2259983E+07   1.2375337E+07   1.4453122E+07   1.4453935E+07   1.2392927E+07   1.2276788E+07   1.2300652E+07   1.2415786E+07   1.4487665E+07   1.4488367E+07   1.2431280E+07   1.2315473E+07
   12.1100   1.2262756E+07   1.2378245E+07   1.4459152E+07   1.4460005E+07   1.2396579E+07   1.2280265E+07   1.2303706E+07   1.2418994E+07   1.4493827E+07   1.4494540E+07   1.2434686E+07   1.2318713E+07
   12.1200   1.2265452E+07   1.2381083E+07   1.4465329E+07   1.4466227E+07   1.2400266E+07   1.2283765E+07   1.2306682E+07   1.2422133E+07   1.4500141E+07   1.4500870E+07   1.2438125E+07   1.2321974E+07
   12.1300   1.2268079E+07   1.2383859E+07   1.4471647E+07   1.4472596E+07   1.2403984E+07   1.2287284E+07   1.2309569E+07   1.2425187E+07   1.4506602E+07   1.4507354E+07   1.2441609E+07   1.2325267E+07
   12.1400   1.2270641E+07   1.2386576E+07   1.4478106E+07   1.4479109E+07   1.2407720E+07   1.2290811E+07   1.2312353E+07   1.2428144E+07   1.4513205E+07   1.4513988E+07   1.2445151E+07   1.2328604E+07
   12.1500   1.2273146E+07   1.2389243E+07   1.4484696E+07   1.4485758E+07   1.2411473E+07   1.2294343E+07   1.2315024E+07   1.2430993E+07   1.4519943E+07   1.4520767E+07   1.2448759E+07   1.2331994E+07
   12.1600   1.2275599E+07   1.2391865E+07   1.4491420E+07   1.4492541E+07   1.2415228E+07   1.2297868E+07   1.2317575E+07   1.2433725E+07   1.4526812E+07   1.4527687E+07   1.2452441E+07   1.2335444E+07
   12.1700   1.2278004E+07   1.2394448E+07   1.4498265E+07   1.4499449E+07   1.2418983E+07   1.2301384E+07   1.2320001E+07   1.2436336E+07   1.4533806E+07   1.4534742E+07   1.2456201E+07   1.2338958E+07
   12.1800   1.2280370E+07   1.2396997E+07   1.4505233E+07   1.4506481E+07   1.2422729E+07   1.2304881E+07   1.2322302E+07   1.2438825E+07   1.4540919E+07   1.4541927E+07   1.2460038E+07   1.2342535E+07
   12.1900   1.2282697E+07   1.2399516E+07   1.4512316E+07   1.4513628E+07   1.2426460E+07   1.2308356E+07   1.2324481E+07   1.2441194E+07   1.4548147E+07   1.4549237E+07   1.2463947E+07   1.2346172E+07
   12.2000   1.2284993E+07   1.2402010E+07   1.4519510E+07   1.4520888E+07   1.2430172E+07   1.2311805E+07   1.2326545E+07   1.2443452E+07   1.4555484E+07   1.4556665E+07   1.2467921E+07   1.2349861E+07
   12.2100   1.2287257E+07   1.2404481E+07   1.4526811E+07   1.4528253E+07   1.2433859E+07   1.2315221E+07   1.2328506E+07   1.2445611E+07   1.4562925E+07   1.4564206E+07   1.2471948E+07   1.2353591E+07
   12.2200   1.2289493E+07   1.2406931E+07   1.4534212E+07   1.4535718E+07   1.2437519E+07   1.2318603E+07   1.2330378E+07   1.2447683E+07   1.4570465E+07   1.4571851E+07   1.2476011E+07   1.2357347E+07
   12.2300   1.2291703E+07   1.2409361E+07   1.4541710E+07   1.4543280E+07   1.2441150E+07   1.2321949E+07   1.2332178E+07   1.2449688E+07   1.4578098E+07   1.4579596E+07   1.2480093E+07   1.2361113E+07
   12.2400   1.2293888E+07   1.2411773E+07   1.4549297E+07   1.4550931E+07   1.2444746E+07   1.2325255E+07   1.2333924E+07   1.2451645E+07   1.4585821E+07   1.4587432E+07   1.2484173E+07   1.2364869E+07
   12.2500   1.2296047E+07   1.2414166E+07   1.4556972E+07   1.4558669E+07   1.2448310E+07   1.2328522E+07   1.2335635E+07   1.2453573E+07   1.4593629E+07   1.4595353E+07   1.2488230E+07   1.2368596E+07
   12.2600   1.2298180E+07   1.2416539E+07   1.4564726E+07   1.4566484E+07   1.2451837E+07   1.2331747E+07   1.2337333E+07   1.2455494E+07   1.4601516E+07   1.4603351E+07   1.2492242E+07   1.2372274E+07
   12.2700   1.2300289E+07   1.2418895E+07   1.4572557E+07   1.4574376E+07   1.2455327E+07   1.2334929E+07   1.2339035E+07   1.2457427E+07   1.4609479E+07   1.4611421E+07   1.2496189E+07   1.2375882E+07
   12.2800   1.2302371E+07   1.2421231E+07   1.4580458E+07   1.4582336E+07   1.2458777E+07   1.2338068E+07   1.2340758E+07   1.2459390E+07   1.4617512E+07   1.4619556E+07   1.2500052E+07   1.2379404E+07
   12.2900   1.2304429E+07   1.2423547E+07   1.4588426E+07   1.4590362E+07   1.2462187E+07   1.2341160E+07   1.2342518E+07   1.2461399E+07   1.4625611E+07   1.4627748E+07   1.2503813E+07   1.2382824E+07
   12.3000   1.2306462E+07   1.2425845E+07   1.4596454E+07   1.4598448E+07   1.2465552E+07   1.2344204E+07   1.2344327E+07   1.2463465E+07   1.4633772E+07   1.4635992E+07   1.2507460E+07   1.2386128E+07
   12.3100   1.2308473E+07   1.2428126E+07   1.4604540E+07   1.4606588E+07   1.2468871E+07   1.2347197E+07   1.2346192E+07   1.2465597E+07   1.4641988E+07   1.4644283E+07   1.2510981E+07   1.2389308E+07
   12.3200   1.2310461E+07   1.2430390E+07   1.4612678E+07   1.4614780E+07   1.2472138E+07   1.2350134E+07   1.2348117E+07   1.2467800E+07   1.4650256E+07   1.4652615E+07   1.2514371E+07   1.2392358E+07
   12.3300   1.2312430E+07   1.2432641E+07   1.4620863E+07   1.4623016E+07   1.2475348E+07   1.2353011E+07   1.2350104E+07   1.2470074E+07   1.4658572E+07   1.4660982E+07   1.2517628E+07   1.2395275E+07
   12.3400   1.2314384E+07   1.2434883E+07   1.4629093E+07   1.4631294E+07   1.2478496E+07   1.2355822E+07   1.2352150E+07   1.2472415E+07   1.4666929E+07   1.4669381E+07   1.2520750E+07   1.2398060E+07
   12.3500   1.2316326E+07   1.2437119E+07   1.4637363E+07   1.4639609E+07   1.2481573E+07   1.2358561E+07   1.2354247E+07   1.2474817E+07   1.4675324E+07   1.4677808E+07   1.2523744E+07   1.2400717E+07
   12.3600   1.2318260E+07   1.2439353E+07   1.4645669E+07   1.4647957E+07   1.2484573E+07   1.2361220E+07   1.2356388E+07   1.2477271E+07   1.4683751E+07   1.4686258E+07   1.2526614E+07   1.2403252E+07
   12.3700   1.2320193E+07   1.2441592E+07   1.4654009E+07   1.4656333E+07   1.2487488E+07   1.2363793E+07   1.2358560E+07   1.2479764E+07   1.4692207E+07   1.4694728E+07   1.2529371E+07   1.2405674E+07
   12.3800   1.2322127E+07   1.2443839E+07   1.4662378E+07   1.4664733E+07   1.2490308E+07   1.2366269E+07   1.2360752E+07   1.2482283E+07   1.4700687E+07   1.4703215E+07   1.2532022E+07   1.2407991E+07
   12.3900   1.2324071E+07   1.2446103E+07   1.4670774E+07   1.4673153E+07   1.2493023E+07   1.2368639E+07   1.2362951E+07   1.2484815E+07   1.4709187E+07   1.4711717E+07   1.2534578E+07   1.2410212E+07
   12.4000   1.2326028E+07   1.2448387E+07   1.4679194E+07   1.4681590E+07   1.2495626E+07   1.2370899E+07   1.2365144E+07   1.2487347E+07   1.4717704E+07   1.4720230E+07   1.2537048E+07   1.2412346E+07
   12.4100   1.2328003E+07   1.2450697E+07   1.4687635E+07   1.4690040E+07   1.2498105E+07   1.2373034E+07   1.2367321E+07   1.2489868E+07   1.4726233E+07   1.4728753E+07   1.2539439E+07   1.2414400E+07
   12.4200   1.2330002E+07   1.2453038E+07   1.4696094E+07   1.4698500E+07   1.2500454E+07   1.2375039E+07   1.2369472E+07   1.2492367E+07   1.4734772E+07   1.4737282E+07   1.2541756E+07   1.2416378E+07
   12.4300   1.2332028E+07   1.2455415E+07   1.4704569E+07   1.4706966E+07   1.2502663E+07   1.2376905E+07   1.2371590E+07   1.2494838E+07   1.4743317E+07   1.4745816E+07   1.2544002E+07   1.2418282E+07
   12.4400   1.2334082E+07   1.2457830E+07   1.4713058E+07   1.4715436E+07   1.2504725E+07   1.2378626E+07   1.2373672E+07   1.2497277E+07   1.4751867E+07   1.4754352E+07   1.2546174E+07   1.2420111E+07
   12.4500   1.2336171E+07   1.2460286E+07   1.4721558E+07   1.4723907E+07   1.2506633E+07   1.2380195E+07   1.2375718E+07   1.2499684E+07   1.4760420E+07   1.4762889E+07   1.2548269E+07   1.2421861E+07
   12.4600   1.2338292E+07   1.2462784E+07   1.4730067E+07   1.4732377E+07   1.2508381E+07   1.2381606E+07   1.2377731E+07   1.2502063E+07   1.4768974E+07   1.4771423E+07   1.2550277E+07   1.2423523E+07
   12.4700   1.2340446E+07   1.2465324E+07   1.4738582E+07   1.4740842E+07   1.2509965E+07   1.2382854E+07   1.2379716E+07   1.2504419E+07   1.4777526E+07   1.4779952E+07   1.2552188E+07   1.2425085E+07
   12.4800   1.2342634E+07   1.2467907E+07   1.4747103E+07   1.4749301E+07   1.2511382E+07   1.2383938E+07   1.2381682E+07   1.2506763E+07   1.4786078E+07   1.4788475E+07   1.2553986E+07   1.2426535E+07
   12.4900   1.2344851E+07   1.2470528E+07   1.4755627E+07   1.4757752E+07   1.2512626E+07   1.2384850E+07   1.2383641E+07   1.2509106E+07   1.4794627E+07   1.4796988E+07   1.2555654E+07   1.2427855E+07
   12.5000   1.2347097E+07   1.2473188E+07   1.4764152E+07   1.4766193E+07   1.2513699E+07   1.2385594E+07   1.2385605E+07   1.2511461E+07   1.4803173E+07   1.4805490E+07   1.2557174E+07   1.2429027E+07
   12.5100   1.2349366E+07   1.2475879E+07   1.4772677E+07   1.4774623E+07   1.2514598E+07   1.2386165E+07   1.2387588E+07   1.2513844E+07   1.4811715E+07   1.4813978E+07   1.2558525E+07   1.2430032E+07
   12.5200   1.2351657E+07   1.2478601E+07   1.4781200E+07   1.4783040E+07   1.2515321E+07   1.2386563E+07   1.2389603E+07   1.2516269E+07   1.4820254E+07   1.4822450E+07   1.2559688E+07   1.2430852E+07
   12.5300   1.2353961E+07   1.2481346E+07   1.4789719E+07   1.4791443E+07   1.2515870E+07   1.2386787E+07   1.2391663E+07   1.2518750E+07   1.4828788E+07   1.4830904E+07   1.2560644E+07   1.2431468E+07
   12.5400   1.2356279E+07   1.2484114E+07   1.4798234E+07   1.4799831E+07   1.2516242E+07   1.2386837E+07   1.2393779E+07   1.2521298E+07   1.4837318E+07   1.4839338E+07   1.2561376E+07   1.2431864E+07
   12.5500   1.2358601E+07   1.2486894E+07   1.4806742E+07   1.4808202E+07   1.2516439E+07   1.2386713E+07   1.2395961E+07   1.2523924E+07   1.4845843E+07   1.4847750E+07   1.2561869E+07   1.2432026E+07
   12.5600   1.2360927E+07   1.2489687E+07   1.4815244E+07   1.4816557E+07   1.2516460E+07   1.2386413E+07   1.2398214E+07   1.2526634E+07   1.4854363E+07   1.4856138E+07   1.2562111E+07   1.2431942E+07
   12.5700   1.2363249E+07   1.2492486E+07   1.4823737E+07   1.4824893E+07   1.2516303E+07   1.2385936E+07   1.2400541E+07   1.2529432E+07   1.4862877E+07   1.4864503E+07   1.2562095E+07   1.2431605E+07
   12.5800   1.2365567E+07   1.2495289E+07   1.4832221E+07   1.4833211E+07   1.2515968E+07   1.2385282E+07   1.2402942E+07   1.2532316E+07   1.4871383E+07   1.4872842E+07   1.2561816E+07   1.2431010E+07
   12.5900   1.2367874E+07   1.2498091E+07   1.4840696E+07   1.4841510E+07   1.2515451E+07   1.2384447E+07   1.2405411E+07   1.2535281E+07   1.4879883E+07   1.4881155E+07   1.2561274E+07   1.2430157E+07
   12.6000   1.2370172E+07   1.2500892E+07   1.4849159E+07   1.4849787E+07   1.2514752E+07   1.2383429E+07   1.2407941E+07   1.2538321E+07   1.4888373E+07   1.4889442E+07   1.2560472E+07   1.2429049E+07
   12.6100   1.2372454E+07   1.2503688E+07   1.4857613E+07   1.4858046E+07   1.2513865E+07   1.2382225E+07   1.2410521E+07   1.2541423E+07   1.4896854E+07   1.4897702E+07   1.2559416E+07   1.2427691E+07
   12.6200   1.2374724E+07   1.2506479E+07   1.4866054E+07   1.4866282E+07   1.2512789E+07   1.2380832E+07   1.2413136E+07   1.2544573E+07   1.4905324E+07   1.4905936E+07   1.2558116E+07   1.2426093E+07
   12.6300   1.2376975E+07   1.2509263E+07   1.4874484E+07   1.4874497E+07   1.2511518E+07   1.2379244E+07   1.2415771E+07   1.2547755E+07   1.4913782E+07   1.4914144E+07   1.2556585E+07   1.2424265E+07
   12.6400   1.2379212E+07   1.2512042E+07   1.4882901E+07   1.4882688E+07   1.2510049E+07   1.2377458E+07   1.2418408E+07   1.2550949E+07   1.4922226E+07   1.4922326E+07   1.2554835E+07   1.2422220E+07
   12.6500   1.2381431E+07   1.2514813E+07   1.4891307E+07   1.4890859E+07   1.2508376E+07   1.2375468E+07   1.2421031E+07   1.2554139E+07   1.4930657E+07   1.4930483E+07   1.2552879E+07   1.2419971E+07
   12.6600   1.2383633E+07   1.2517577E+07   1.4899700E+07   1.4899006E+07   1.2506497E+07   1.2373273E+07   1.2423620E+07   1.2557305E+07   1.4939072E+07   1.4938616E+07   1.2550732E+07   1.2417529E+07
   12.6700   1.2385815E+07   1.2520333E+07   1.4908081E+07   1.4907129E+07   1.2504404E+07   1.2370864E+07   1.2426160E+07   1.2560430E+07   1.4947470E+07   1.4946726E+07   1.2548405E+07   1.2414906E+07
   12.6800   1.2387979E+07   1.2523080E+07   1.4916450E+07   1.4915230E+07   1.2502097E+07   1.2368242E+07   1.2428636E+07   1.2563500E+07   1.4955852E+07   1.4954812E+07   1.2545910E+07   1.2412112E+07
   12.6900   1.2390120E+07   1.2525816E+07   1.4924805E+07   1.4923306E+07   1.2499572E+07   1.2365401E+07   1.2431035E+07   1.2566500E+07   1.4964217E+07   1.4962877E+07   1.2543253E+07   1.2409154E+07
   12.7000   1.2392238E+07   1.2528540E+07   1.4933149E+07   1.4931360E+07   1.2496826E+07   1.2362340E+07   1.2433348E+07   1.2569422E+07   1.4972563E+07   1.4970919E+07   1.2540440E+07   1.2406036E+07
   12.7100   1.2394328E+07   1.2531246E+07   1.4941478E+07   1.4939388E+07   1.2493860E+07   1.2359058E+07   1.2435568E+07   1.2572259E+07   1.4980892E+07   1.4978940E+07   1.2537474E+07   1.2402762E+07
   12.7200   1.2396387E+07   1.2533934E+07   1.4949797E+07   1.4947394E+07   1.2490671E+07   1.2355552E+07   1.2437692E+07   1.2575006E+07   1.4989204E+07   1.4986940E+07   1.2534352E+07   1.2399328E+07
   12.7300   1.2398411E+07   1.2536596E+07   1.4958100E+07   1.4955375E+07   1.2487263E+07   1.2351828E+07   1.2439718E+07   1.2577664E+07   1.4997498E+07   1.4994919E+07   1.2531071E+07   1.2395730E+07
   12.7400   1.2400391E+07   1.2539227E+07   1.4966390E+07   1.4963333E+07   1.2483634E+07   1.2347882E+07   1.2441650E+07   1.2580236E+07   1.5005776E+07   1.5002878E+07   1.2527624E+07   1.2391962E+07
   12.7500   1.2402325E+07   1.2541820E+07   1.4974666E+07   1.4971268E+07   1.2479792E+07   1.2343721E+07   1.2443493E+07   1.2582727E+07   1.5014038E+07   1.5010815E+07   1.2524000E+07   1.2388014E+07
   12.7600   1.2404200E+07   1.2544368E+07   1.4982928E+07   1.4979179E+07   1.2475738E+07   1.2339346E+07   1.2445251E+07   1.2585144E+07   1.5022285E+07   1.5018731E+07   1.2520188E+07   1.2383875E+07
   12.7700   1.2406014E+07   1.2546863E+07   1.4991174E+07   1.4987067E+07   1.2471477E+07   1.2334762E+07   1.2446934E+07   1.2587494E+07   1.5030517E+07   1.5026626E+07   1.2516177E+07   1.2379533E+07
   12.7800   1.2407755E+07   1.2549295E+07   1.4999404E+07   1.4994931E+07   1.2467016E+07   1.2329975E+07   1.2448548E+07   1.2589787E+07   1.5038736E+07   1.5034499E+07   1.2511954E+07   1.2374977E+07
   12.7900   1.2409416E+07   1.2551658E+07   1.5007620E+07   1.5002774E+07   1.2462358E+07   1.2324989E+07   1.2450102E+07   1.2592031E+07   1.5046941E+07   1.5042349E+07   1.2507507E+07   1.2370196E+07
   12.8000   1.2410989E+07   1.2553940E+07   1.5015816E+07   1.5010591E+07   1.2457512E+07   1.2319810E+07   1.2451601E+07   1.2594231E+07   1.5055135E+07   1.5050177E+07   1.2502827E+07   1.2365180E+07
   12.8100   1.2412464E+07   1.2556135E+07   1.5023997E+07   1.5018389E+07   1.2452482E+07   1.2314444E+07   1.2453049E+07   1.2596393E+07   1.5063316E+07   1.5057982E+07   1.2497906E+07   1.2359920E+07
   12.8200   1.2413835E+07   1.2558235E+07   1.5032157E+07   1.5026162E+07   1.2447274E+07   1.2308896E+07   1.2454449E+07   1.2598520E+07   1.5071484E+07   1.5065764E+07   1.2492738E+07   1.2354414E+07
   12.8300   1.2415094E+07   1.2560230E+07   1.5040299E+07   1.5033912E+07   1.2441895E+07   1.2303171E+07   1.2455801E+07   1.2600610E+07   1.5079640E+07   1.5073521E+07   1.2487323E+07   1.2348658E+07
   12.8400   1.2416235E+07   1.2562116E+07   1.5048420E+07   1.5041639E+07   1.2436348E+07   1.2297275E+07   1.2457099E+07   1.2602660E+07   1.5087783E+07   1.5081255E+07   1.2481662E+07   1.2342655E+07
   12.8500   1.2417251E+07   1.2563884E+07   1.5056521E+07   1.5049342E+07   1.2430640E+07   1.2291211E+07   1.2458338E+07   1.2604663E+07   1.5095912E+07   1.5088964E+07   1.2475760E+07   1.2336409E+07
   12.8600   1.2418138E+07   1.2565532E+07   1.5064598E+07   1.5057021E+07   1.2424774E+07   1.2284984E+07   1.2459507E+07   1.2606607E+07   1.5104026E+07   1.5096649E+07   1.2469627E+07   1.2329929E+07
   12.8700   1.2418892E+07   1.2567052E+07   1.5072653E+07   1.5064675E+07   1.2418754E+07   1.2278597E+07   1.2460595E+07   1.2608481E+07   1.5112123E+07   1.5104309E+07   1.2463275E+07   1.2323228E+07
   12.8800   1.2419509E+07   1.2568444E+07   1.5080684E+07   1.5072305E+07   1.2412582E+07   1.2272053E+07   1.2461585E+07   1.2610267E+07   1.5120201E+07   1.5111945E+07   1.2456719E+07   1.2316318E+07
   12.8900   1.2419987E+07   1.2569703E+07   1.5088688E+07   1.5079907E+07   1.2406262E+07   1.2265354E+07   1.2462462E+07   1.2611950E+07   1.5128260E+07   1.5119556E+07   1.2449976E+07   1.2309218E+07
   12.9000   1.2420324E+07   1.2570827E+07   1.5096667E+07   1.5087482E+07   1.2399796E+07   1.2258503E+07   1.2463208E+07   1.2613509E+07   1.5136296E+07   1.5127142E+07   1.2443065E+07   1.2301943E+07
   12.9100   1.2420517E+07   1.2571815E+07   1.5104618E+07   1.5095030E+07   1.2393185E+07   1.2251501E+07   1.2463806E+07   1.2614927E+07   1.5144306E+07   1.5134703E+07   1.2436006E+07   1.2294514E+07
   12.9200   1.2420567E+07   1.2572665E+07   1.5112539E+07   1.5102547E+07   1.2386433E+07   1.2244352E+07   1.2464237E+07   1.2616184E+07   1.5152290E+07   1.5142238E+07   1.2428817E+07   1.2286948E+07
   12.9300   1.2420471E+07   1.2573376E+07   1.5120430E+07   1.5110034E+07   1.2379539E+07   1.2237055E+07   1.2464486E+07   1.2617264E+07   1.5160244E+07   1.5149747E+07   1.2421518E+07   1.2279263E+07
   12.9400   1.2420229E+07   1.2573946E+07   1.5128289E+07   1.5117490E+07   1.2372510E+07   1.2229617E+07   1.2464539E+07   1.2618151E+07   1.5168166E+07   1.5157229E+07   1.2414125E+07   1.2271474E+07
   12.9500   1.2419840E+07   1.2574376E+07   1.5136113E+07   1.5124911E+07   1.2365345E+07   1.2222037E+07   1.2464384E+07   1.2618834E+07   1.5176053E+07   1.5164684E+07   1.2406651E+07   1.2263596E+07
   12.9600   1.2419301E+07   1.2574661E+07   1.5143903E+07   1.5132299E+07   1.2358051E+07   1.2214321E+07   1.2464012E+07   1.2619302E+07   1.5183903E+07   1.5172109E+07   1.2399110E+07   1.2255641E+07
   12.9700   1.2418612E+07   1.2574800E+07   1.5151655E+07   1.5139649E+07   1.2350630E+07   1.2206473E+07   1.2463418E+07   1.2619549E+07   1.5191715E+07   1.5179503E+07   1.2391509E+07   1.2247615E+07
   12.9800   1.2417769E+07   1.2574791E+07   1.5159369E+07   1.5146963E+07   1.2343088E+07   1.2198497E+07   1.2462600E+07   1.2619573E+07   1.5199485E+07   1.5186866E+07   1.2383854E+07   1.2239526E+07
   12.9900   1.2416771E+07   1.2574630E+07   1.5167041E+07   1.5154237E+07   1.2335431E+07   1.2190401E+07   1.2461557E+07   1.2619374E+07   1.5207212E+07   1.5194194E+07   1.2376148E+07   1.2231374E+07
   13.0000   1.2415612E+07   1.2574314E+07   1.5174669E+07   1.5161470E+07   1.2327666E+07   1.2182190E+07   1.2460296E+07   1.2618957E+07   1.5214893E+07   1.5201486E+07   1.2368389E+07   1.2223161E+07
   13.0100   1.2414291E+07   1.2573837E+07   1.5182252E+07   1.5168661E+07   1.2319800E+07   1.2173872E+07   1.2458821E+07   1.2618328E+07   1.5222528E+07   1.5208739E+07   1.2360575E+07   1.2214883E+07
   13.0200   1.2412802E+07   1.2573196E+07   1.5189788E+07   1.5175808E+07   1.2311843E+07   1.2165456E+07   1.2457142E+07   1.2617495E+07   1.5230115E+07   1.5215952E+07   1.2352700E+07   1.2206536E+07
   13.0300   1.2411142E+07   1.2572385E+07   1.5197274E+07   1.5182909E+07   1.2303802E+07   1.2156949E+07   1.2455268E+07   1.2616469E+07   1.5237650E+07   1.5223120E+07   1.2344759E+07   1.2198114E+07
   13.0400   1.2409305E+07   1.2571398E+07   1.5204705E+07   1.5189963E+07   1.2295687E+07   1.2148362E+07   1.2453211E+07   1.2615261E+07   1.5245134E+07   1.5230243E+07   1.2336745E+07   1.2189612E+07
   13.0500   1.2407287E+07   1.2570233E+07   1.5212084E+07   1.5196969E+07   1.2287507E+07   1.2139703E+07   1.2450981E+07   1.2613882E+07   1.5252565E+07   1.5237317E+07   1.2328651E+07   1.2181023E+07
   13.0600   1.2405083E+07   1.2568881E+07   1.5219403E+07   1.5203923E+07   1.2279274E+07   1.2130982E+07   1.2448588E+07   1.2612342E+07   1.5259940E+07   1.5244339E+07   1.2320471E+07   1.2172344E+07
   13.0700   1.2402692E+07   1.2567342E+07   1.5226664E+07   1.5210825E+07   1.2270993E+07   1.2122207E+07   1.2446041E+07   1.2610651E+07   1.5267257E+07   1.5251307E+07   1.2312202E+07   1.2163569E+07
   13.0800   1.2400107E+07   1.2565608E+07   1.5233861E+07   1.5217673E+07   1.2262676E+07   1.2113389E+07   1.2443347E+07   1.2608813E+07   1.5274515E+07   1.5258219E+07   1.2303843E+07   1.2154699E+07
   13.0900   1.2397328E+07   1.2563678E+07   1.5240993E+07   1.5224464E+07   1.2254330E+07   1.2104535E+07   1.2440511E+07   1.2606835E+07   1.5281712E+07   1.5265072E+07   1.2295393E+07   1.2145735E+07
   13.1000   1.2394353E+07   1.2561550E+07   1.5248058E+07   1.5231197E+07   1.2245963E+07   1.2095652E+07   1.2437534E+07   1.2604718E+07   1.5288845E+07   1.5271864E+07   1.2286858E+07   1.2136680E+07
   13.1100   1.2391180E+07   1.2559222E+07   1.5255051E+07   1.5237869E+07   1.2237584E+07   1.2086750E+07   1.2434415E+07   1.2602460E+07   1.5295912E+07   1.5278593E+07   1.2278244E+07   1.2127543E+07
   13.1200   1.2387810E+07   1.2556693E+07   1.5261972E+07   1.5244479E+07   1.2229196E+07   1.2077831E+07   1.2431151E+07   1.2600058E+07   1.5302909E+07   1.5285257E+07   1.2269561E+07   1.2118333E+07
   13.1300   1.2384244E+07   1.2553966E+07   1.5268818E+07   1.5251025E+07   1.2220807E+07   1.2068906E+07   1.2427736E+07   1.2597503E+07   1.5309835E+07   1.5291854E+07   1.2260823E+07   1.2109062E+07
   13.1400   1.2380486E+07   1.2551041E+07   1.5275585E+07   1.5257501E+07   1.2212420E+07   1.2059974E+07   1.2424163E+07   1.2594789E+07   1.5316685E+07   1.5298383E+07   1.2252043E+07   1.2099746E+07
   13.1500   1.2376535E+07   1.2547920E+07   1.5282273E+07   1.5263910E+07   1.2204040E+07   1.2051044E+07   1.2420421E+07   1.2591903E+07   1.5323458E+07   1.5304841E+07   1.2243241E+07   1.2090402E+07
   13.1600   1.2372398E+07   1.2544608E+07   1.5288877E+07   1.5270245E+07   1.2195669E+07   1.2042117E+07   1.2416501E+07   1.2588835E+07   1.5330149E+07   1.5311228E+07   1.2234434E+07   1.2081047E+07
   13.1700   1.2368078E+07   1.2541109E+07   1.5295397E+07   1.5276507E+07   1.2187313E+07   1.2033198E+07   1.2412391E+07   1.2585573E+07   1.5336756E+07   1.5317541E+07   1.2225640E+07   1.2071700E+07
   13.1800   1.2363581E+07   1.2537427E+07   1.5301827E+07   1.5282690E+07   1.2178970E+07   1.2024288E+07   1.2408082E+07   1.2582105E+07   1.5343275E+07   1.5323778E+07   1.2216879E+07   1.2062379E+07
   13.1900   1.2358912E+07   1.2533567E+07   1.5308169E+07   1.5288795E+07   1.2170647E+07   1.2015393E+07   1.2403564E+07   1.2578422E+07   1.5349702E+07   1.5329939E+07   1.2208168E+07   1.2053100E+07
   13.2000   1.2354076E+07   1.2529535E+07   1.5314417E+07   1.5294815E+07   1.2162342E+07   1.2006511E+07   1.2398831E+07   1.2574515E+07   1.5356036E+07   1.5336020E+07   1.2199522E+07   1.2043880E+07
   13.2100   1.2349078E+07   1.2525335E+07   1.5320570E+07   1.5300752E+07   1.2154062E+07   1.1997650E+07   1.2393877E+07   1.2570379E+07   1.5362271E+07   1.5342021E+07   1.2190956E+07   1.2034731E+07
   13.2200   1.2343925E+07   1.2520973E+07   1.5326625E+07   1.5306600E+07   1.2145806E+07   1.1988810E+07   1.2388701E+07   1.2566011E+07   1.5368407E+07   1.5347938E+07   1.2182479E+07   1.2025665E+07
   13.2300   1.2338621E+07   1.2516453E+07   1.5332579E+07   1.5312358E+07   1.2137581E+07   1.1979997E+07   1.2383304E+07   1.2561411E+07   1.5374438E+07   1.5353769E+07   1.2174100E+07   1.2016690E+07
   13.2400   1.2333170E+07   1.2511780E+07   1.5338431E+07   1.5318022E+07   1.2129388E+07   1.1971213E+07   1.2377690E+07   1.2556583E+07   1.5380364E+07   1.5359511E+07   1.2165824E+07   1.2007810E+07
   13.2500   1.2327578E+07   1.2506958E+07   1.5344177E+07   1.5323592E+07   1.2121233E+07   1.1962465E+07   1.2371866E+07   1.2551536E+07   1.5386181E+07   1.5365162E+07   1.2157651E+07   1.1999027E+07
   13.2600   1.2321847E+07   1.2501989E+07   1.5349815E+07   1.5329063E+07   1.2113120E+07   1.1953757E+07   1.2365844E+07   1.2546278E+07   1.5391887E+07   1.5370718E+07   1.2149579E+07   1.1990341E+07
   13.2700   1.2315983E+07   1.2496879E+07   1.5355343E+07   1.5334433E+07   1.2105056E+07   1.1945096E+07   1.2359637E+07   1.2540824E+07   1.5397479E+07   1.5376176E+07   1.2141606E+07   1.1981748E+07
   13.2800   1.2309987E+07   1.2491628E+07   1.5360757E+07   1.5339701E+07   1.2097043E+07   1.1936486E+07   1.2353259E+07   1.2535189E+07   1.5402955E+07   1.5381533E+07   1.2133724E+07   1.1973243E+07
   13.2900   1.2303863E+07   1.2486240E+07   1.5366056E+07   1.5344864E+07   1.2089093E+07   1.1927936E+07   1.2346728E+07   1.2529390E+07   1.5408313E+07   1.5386785E+07   1.2125926E+07   1.1964818E+07
   13.3000   1.2297614E+07   1.2480717E+07   1.5371237E+07   1.5349918E+07   1.2081208E+07   1.1919450E+07   1.2340060E+07   1.2523445E+07   1.5413552E+07   1.5391929E+07   1.2118203E+07   1.1956468E+07
   13.3100   1.2291243E+07   1.2475062E+07   1.5376297E+07   1.5354864E+07   1.2073396E+07   1.1911037E+07   1.2333275E+07   1.2517372E+07   1.5418669E+07   1.5396962E+07   1.2110546E+07   1.1948184E+07
   13.3200   1.2284753E+07   1.2469277E+07   1.5381235E+07   1.5359698E+07   1.2065662E+07   1.1902702E+07   1.2326390E+07   1.2511189E+07   1.5423661E+07   1.5401879E+07   1.2102948E+07   1.1939958E+07
   13.3300   1.2278146E+07   1.2463364E+07   1.5386048E+07   1.5364419E+07   1.2058014E+07   1.1894452E+07   1.2319420E+07   1.2504912E+07   1.5428529E+07   1.5406679E+07   1.2095401E+07   1.1931787E+07
   13.3400   1.2271427E+07   1.2457328E+07   1.5390733E+07   1.5369024E+07   1.2050456E+07   1.1886293E+07   1.2312380E+07   1.2498555E+07   1.5433268E+07   1.5411358E+07   1.2087901E+07   1.1923664E+07
   13.3500   1.2264601E+07   1.2451172E+07   1.5395292E+07   1.5373513E+07   1.2042994E+07   1.1878229E+07   1.2305283E+07   1.2492132E+07   1.5437878E+07   1.5415913E+07   1.2080444E+07   1.1915589E+07
   13.3600   1.2257670E+07   1.2444900E+07   1.5399719E+07   1.5377881E+07   1.2035630E+07   1.1870266E+07   1.2298138E+07   1.2485652E+07   1.5442357E+07   1.5420342E+07   1.2073031E+07   1.1907561E+07
   13.3700   1.2250644E+07   1.2438520E+07   1.5404015E+07   1.5382131E+07   1.2028369E+07   1.1862406E+07   1.2290952E+07   1.2479121E+07   1.5446703E+07   1.5424643E+07   1.2065664E+07   1.1899584E+07
   13.3800   1.2243526E+07   1.2432035E+07   1.5408178E+07   1.5386258E+07   1.2021213E+07   1.1854652E+07   1.2283730E+07   1.2472543E+07   1.5450913E+07   1.5428814E+07   1.2058349E+07   1.1891663E+07
   13.3900   1.2236324E+07   1.2425453E+07   1.5412208E+07   1.5390263E+07   1.2014163E+07   1.1847007E+07   1.2276474E+07   1.2465921E+07   1.5454986E+07   1.5432853E+07   1.2051092E+07   1.1883807E+07
   13.4000   1.2229048E+07   1.2418785E+07   1.5416103E+07   1.5394144E+07   1.2007220E+07   1.1839472E+07   1.2269183E+07   1.2459252E+07   1.5458921E+07   1.5436760E+07   1.2043904E+07   1.1876024E+07
   13.4100   1.2221703E+07   1.2412034E+07   1.5419864E+07   1.5397899E+07   1.2000382E+07   1.1832044E+07   1.2261856E+07   1.2452535E+07   1.5462716E+07   1.5440534E+07   1.2036797E+07   1.1868327E+07
   13.4200   1.2214301E+07   1.2405213E+07   1.5423488E+07   1.5401528E+07   1.1993651E+07   1.1824727E+07   1.2254488E+07   1.2445765E+07   1.5466369E+07   1.5444174E+07   1.2029782E+07   1.1860728E+07
   13.4300   1.2206850E+07   1.2398330E+07   1.5426978E+07   1.5405032E+07   1.1987021E+07   1.1817516E+07   1.2247076E+07   1.2438938E+07   1.5469879E+07   1.5447680E+07   1.2022873E+07   1.1853239E+07
   13.4400   1.2199361E+07   1.2391397E+07   1.5430333E+07   1.5408408E+07   1.1980495E+07   1.1810412E+07   1.2239616E+07   1.2432048E+07   1.5473246E+07   1.5451052E+07   1.2016083E+07   1.1845874E+07
   13.4500   1.2191840E+07   1.2384420E+07   1.5433552E+07   1.5411655E+07   1.1974065E+07   1.1803411E+07   1.2232105E+07   1.2425093E+07   1.5476470E+07   1.5454291E+07   1.2009424E+07   1.1838643E+07
   13.4600   1.2184303E+07   1.2377413E+07   1.5436639E+07   1.5414778E+07   1.1967734E+07   1.1796514E+07   1.2224540E+07   1.2418068E+07   1.5479549E+07   1.5457397E+07   1.2002904E+07   1.1831557E+07
   13.4700   1.2176754E+07   1.2370382E+07   1.5439590E+07   1.5417771E+07   1.1961496E+07   1.1789716E+07   1.2216922E+07   1.2410974E+07   1.5482485E+07   1.5460371E+07   1.1996533E+07   1.1824624E+07
   13.4800   1.2169205E+07   1.2363339E+07   1.5442411E+07   1.5420640E+07   1.1955349E+07   1.1783016E+07   1.2209252E+07   1.2403812E+07   1.5485277E+07   1.5463214E+07   1.1990316E+07   1.1817848E+07
   13.4900   1.2161664E+07   1.2356291E+07   1.5445099E+07   1.5423381E+07   1.1949293E+07   1.1776414E+07   1.2201534E+07   1.2396587E+07   1.5487928E+07   1.5465926E+07   1.1984254E+07   1.1811233E+07
   13.5000   1.2154139E+07   1.2349248E+07   1.5447659E+07   1.5425998E+07   1.1943323E+07   1.1769905E+07   1.2193776E+07   1.2389305E+07   1.5490439E+07   1.5468510E+07   1.1978348E+07   1.1804778E+07
   13.5100   1.2146636E+07   1.2342215E+07   1.5450091E+07   1.5428490E+07   1.1937442E+07   1.1763493E+07   1.2185987E+07   1.2381977E+07   1.5492811E+07   1.5470965E+07   1.1972594E+07   1.1798479E+07
   13.5200   1.2139164E+07   1.2335201E+07   1.5452396E+07   1.5430860E+07   1.1931645E+07   1.1757174E+07   1.2178179E+07   1.2374614E+07   1.5495047E+07   1.5473295E+07   1.1966984E+07   1.1792331E+07
   13.5300   1.2131726E+07   1.2328210E+07   1.5454579E+07   1.5433111E+07   1.1925935E+07   1.1750950E+07   1.2170367E+07   1.2367233E+07   1.5497151E+07   1.5475499E+07   1.1961509E+07   1.1786325E+07
   13.5400   1.2124331E+07   1.2321250E+07   1.5456639E+07   1.5435241E+07   1.1920311E+07   1.1744820E+07   1.2162566E+07   1.2359849E+07   1.5499124E+07   1.5477580E+07   1.1956159E+07   1.1780450E+07
   13.5500   1.2116980E+07   1.2314323E+07   1.5458580E+07   1.5437256E+07   1.1914775E+07   1.1738786E+07   1.2154794E+07   1.2352481E+07   1.5500970E+07   1.5479539E+07   1.1950921E+07   1.1774694E+07
   13.5600   1.2109680E+07   1.2307435E+07   1.5460404E+07   1.5439156E+07   1.1909325E+07   1.1732847E+07   1.2147069E+07   1.2345148E+07   1.5502694E+07   1.5481379E+07   1.1945779E+07   1.1769045E+07
   13.5700   1.2102434E+07   1.2300590E+07   1.5462115E+07   1.5440945E+07   1.1903965E+07   1.1727009E+07   1.2139409E+07   1.2337868E+07   1.5504299E+07   1.5483102E+07   1.1940722E+07   1.1763490E+07
   13.5800   1.2095244E+07   1.2293791E+07   1.5463713E+07   1.5442625E+07   1.1898693E+07   1.1721265E+07   1.2131830E+07   1.2330659E+07   1.5505788E+07   1.5484709E+07   1.1935735E+07   1.1758015E+07
   13.5900   1.2088118E+07   1.2287043E+07   1.5465207E+07   1.5444202E+07   1.1893513E+07   1.1715623E+07   1.2124348E+07   1.2323538E+07   1.5507167E+07   1.5486204E+07   1.1930806E+07   1.1752610E+07
   13.6000   1.2081055E+07   1.2280348E+07   1.5466594E+07   1.5445673E+07   1.1888422E+07   1.1710080E+07   1.2116978E+07   1.2316519E+07   1.5508440E+07   1.5487590E+07   1.1925925E+07   1.1747263E+07
   13.6100   1.2074061E+07   1.2273713E+07   1.5467882E+07   1.5447048E+07   1.1883424E+07   1.1704637E+07   1.2109731E+07   1.2309616E+07   1.5509610E+07   1.5488870E+07   1.1921083E+07   1.1741969E+07
   13.6200   1.2067142E+07   1.2267140E+07   1.5469073E+07   1.5448328E+07   1.1878513E+07   1.1699291E+07   1.2102616E+07   1.2302836E+07   1.5510682E+07   1.5490046E+07   1.1916274E+07   1.1736720E+07
   13.6300   1.2060299E+07   1.2260635E+07   1.5470170E+07   1.5449514E+07   1.1873694E+07   1.1694045E+07   1.2095640E+07   1.2296189E+07   1.5511661E+07   1.5491124E+07   1.1911496E+07   1.1731514E+07
   13.6400   1.2053540E+07   1.2254203E+07   1.5471181E+07   1.5450615E+07   1.1868959E+07   1.1688894E+07   1.2088805E+07   1.2289676E+07   1.5512550E+07   1.5492107E+07   1.1906748E+07   1.1726352E+07
   13.6500   1.2046870E+07   1.2247851E+07   1.5472106E+07   1.5451630E+07   1.1864310E+07   1.1683836E+07   1.2082114E+07   1.2283300E+07   1.5513355E+07   1.5493000E+07   1.1902033E+07   1.1721234E+07
   13.6600   1.2040294E+07   1.2241584E+07   1.5472953E+07   1.5452567E+07   1.1859742E+07   1.1678869E+07   1.2075565E+07   1.2277058E+07   1.5514078E+07   1.5493806E+07   1.1897354E+07   1.1716165E+07
   13.6700   1.2033819E+07   1.2235409E+07   1.5473723E+07   1.5453427E+07   1.1855251E+07   1.1673989E+07   1.2069154E+07   1.2270948E+07   1.5514726E+07   1.5494532E+07   1.1892720E+07   1.1711151E+07
   13.6800   1.2027452E+07   1.2229334E+07   1.5474426E+07   1.5454217E+07   1.1850832E+07   1.1669190E+07   1.2062876E+07   1.2264963E+07   1.5515301E+07   1.5495182E+07   1.1888136E+07   1.1706200E+07
   13.6900   1.2021198E+07   1.2223364E+07   1.5475061E+07   1.5454938E+07   1.1846482E+07   1.1664470E+07   1.2056725E+07   1.2259098E+07   1.5515809E+07   1.5495761E+07   1.1883613E+07   1.1701320E+07
   13.7000   1.2015065E+07   1.2217509E+07   1.5475638E+07   1.5455598E+07   1.1842194E+07   1.1659822E+07   1.2050695E+07   1.2253347E+07   1.5516254E+07   1.5496274E+07   1.1879159E+07   1.1696519E+07
   13.7100   1.2009060E+07   1.2211775E+07   1.5476159E+07   1.5456199E+07   1.1837966E+07   1.1655243E+07   1.2044780E+07   1.2247703E+07   1.5516641E+07   1.5496728E+07   1.1874782E+07   1.1691804E+07
   13.7200   1.2003188E+07   1.2206168E+07   1.5476632E+07   1.5456747E+07   1.1833790E+07   1.1650727E+07   1.2038975E+07   1.2242161E+07   1.5516974E+07   1.5497128E+07   1.1870490E+07   1.1687182E+07
   13.7300   1.1997457E+07   1.2200697E+07   1.5477059E+07   1.5457246E+07   1.1829664E+07   1.1646270E+07   1.2033276E+07   1.2236718E+07   1.5517259E+07   1.5497478E+07   1.1866288E+07   1.1682659E+07
   13.7400   1.1991869E+07   1.2195363E+07   1.5477447E+07   1.5457700E+07   1.1825582E+07   1.1641867E+07   1.2027681E+07   1.2231371E+07   1.5517500E+07   1.5497785E+07   1.1862179E+07   1.1678237E+07
   13.7500   1.1986433E+07   1.2190178E+07   1.5477801E+07   1.5458115E+07   1.1821541E+07   1.1637516E+07   1.2022190E+07   1.2226120E+07   1.5517704E+07   1.5498054E+07   1.1858165E+07   1.1673917E+07
   13.7600   1.1981150E+07   1.2185140E+07   1.5478126E+07   1.5458495E+07   1.1817538E+07   1.1633212E+07   1.2016806E+07   1.2220969E+07   1.5517875E+07   1.5498290E+07   1.1854244E+07   1.1669698E+07
   13.7700   1.1976025E+07   1.2180257E+07   1.5478428E+07   1.5458845E+07   1.1813572E+07   1.1628955E+07   1.2011533E+07   1.2215923E+07   1.5518019E+07   1.5498498E+07   1.1850411E+07   1.1665575E+07
   13.7800   1.1971058E+07   1.2175529E+07   1.5478712E+07   1.5459171E+07   1.1809637E+07   1.1624740E+07   1.2006378E+07   1.2210989E+07   1.5518142E+07   1.5498684E+07   1.1846661E+07   1.1661541E+07
   13.7900   1.1966253E+07   1.2170961E+07   1.5478982E+07   1.5459476E+07   1.1805738E+07   1.1620570E+07   1.2001349E+07   1.2206176E+07   1.5518250E+07   1.5498852E+07   1.1842985E+07   1.1657589E+07
   13.8000   1.1961610E+07   1.2166550E+07   1.5479244E+07   1.5459767E+07   1.1801872E+07   1.1616442E+07   1.1996458E+07   1.2201496E+07   1.5518348E+07   1.5499007E+07   1.1839371E+07   1.1653708E+07
   13.8100   1.1957129E+07   1.2162301E+07   1.5479502E+07   1.5460047E+07   1.1798039E+07   1.1612356E+07   1.1991714E+07   1.2196961E+07   1.5518444E+07   1.5499155E+07   1.1835809E+07   1.1649886E+07
   13.8200   1.1952810E+07   1.2158209E+07   1.5479762E+07   1.5460323E+07   1.1794240E+07   1.1608314E+07   1.1987131E+07   1.2192583E+07   1.5518543E+07   1.5499299E+07   1.1832286E+07   1.1646112E+07
   13.8300   1.1948652E+07   1.2154278E+07   1.5480028E+07   1.5460597E+07   1.1790479E+07   1.1604317E+07   1.1982720E+07   1.2188376E+07   1.5518651E+07   1.5499444E+07   1.1828789E+07   1.1642373E+07
   13.8400   1.1944652E+07   1.2150503E+07   1.5480306E+07   1.5460877E+07   1.1786753E+07   1.1600365E+07   1.1978491E+07   1.2184352E+07   1.5518773E+07   1.5499595E+07   1.1825307E+07   1.1638659E+07
   13.8500   1.1940811E+07   1.2146885E+07   1.5480598E+07   1.5461166E+07   1.1783069E+07   1.1596461E+07   1.1974456E+07   1.2180520E+07   1.5518916E+07   1.5499757E+07   1.1821828E+07   1.1634958E+07
   13.8600   1.1937127E+07   1.2143422E+07   1.5480911E+07   1.5461470E+07   1.1779426E+07   1.1592606E+07   1.1970622E+07   1.2176892E+07   1.5519085E+07   1.5499933E+07   1.1818345E+07   1.1631262E+07
   13.8700   1.1933597E+07   1.2140113E+07   1.5481249E+07   1.5461792E+07   1.1775825E+07   1.1588801E+07   1.1966995E+07   1.2173471E+07   1.5519285E+07   1.5500129E+07   1.1814851E+07   1.1627565E+07
   13.8800   1.1930222E+07   1.2136956E+07   1.5481616E+07   1.5462137E+07   1.1772269E+07   1.1585047E+07   1.1963578E+07   1.2170264E+07   1.5519521E+07   1.5500349E+07   1.1811342E+07   1.1623862E+07
   13.8900   1.1926999E+07   1.2133951E+07   1.5482017E+07   1.5462511E+07   1.1768759E+07   1.1581346E+07   1.1960374E+07   1.2167271E+07   1.5519798E+07   1.5500597E+07   1.1807816E+07   1.1620153E+07
   13.9000   1.1923929E+07   1.2131098E+07   1.5482455E+07   1.5462916E+07   1.1765293E+07   1.1577696E+07   1.1957379E+07   1.2164491E+07   1.5520120E+07   1.5500878E+07   1.1804275E+07   1.1616439E+07
   13.9100   1.1921010E+07   1.2128396E+07   1.5482935E+07   1.5463358E+07   1.1761876E+07   1.1574101E+07   1.1954589E+07   1.2161918E+07   1.5520490E+07   1.5501197E+07   1.1800725E+07   1.1612724E+07
   13.9200   1.1918243E+07   1.2125845E+07   1.5483460E+07   1.5463840E+07   1.1758503E+07   1.1570556E+07   1.1951998E+07   1.2159547E+07   1.5520914E+07   1.5501557E+07   1.1797171E+07   1.1609013E+07
   13.9300   1.1915629E+07   1.2123448E+07   1.5484036E+07   1.5464366E+07   1.1755176E+07   1.1567063E+07   1.1949598E+07   1.2157368E+07   1.5521393E+07   1.5501964E+07   1.1793622E+07   1.1605316E+07
   13.9400   1.1913166E+07   1.2121201E+07   1.5484665E+07   1.5464940E+07   1.1751895E+07   1.1563620E+07   1.1947377E+07   1.2155371E+07   1.5521932E+07   1.5502421E+07   1.1790091E+07   1.1601642E+07
   13.9500   1.1910859E+07   1.2119111E+07   1.5485351E+07   1.5465565E+07   1.1748657E+07   1.1560227E+07   1.1945325E+07   1.2153545E+07   1.5522534E+07   1.5502934E+07   1.1786587E+07   1.1598003E+07
   13.9600   1.1908705E+07   1.2117174E+07   1.5486098E+07   1.5466245E+07   1.1745462E+07   1.1556882E+07   1.1943429E+07   1.2151876E+07   1.5523201E+07   1.5503505E+07   1.1783124E+07   1.1594408E+07
   13.9700   1.1906706E+07   1.2115394E+07   1.5486908E+07   1.5466982E+07   1.1742309E+07   1.1553583E+07   1.1941679E+07   1.2150353E+07   1.5523936E+07   1.5504140E+07   1.1779713E+07   1.1590871E+07
   13.9800   1.1904864E+07   1.2113770E+07   1.5487786E+07   1.5467781E+07   1.1739197E+07   1.1550331E+07   1.1940064E+07   1.2148965E+07   1.5524741E+07   1.5504841E+07   1.1776365E+07   1.1587401E+07
   13.9900   1.1903176E+07   1.2112304E+07   1.5488733E+07   1.5468642E+07   1.1736126E+07   1.1547126E+07   1.1938573E+07   1.2147701E+07   1.5525619E+07   1.5505612E+07   1.1773091E+07   1.1584007E+07
   14.0000   1.1901645E+07   1.2110995E+07   1.5489753E+07   1.5469570E+07   1.1733096E+07   1.1543965E+07   1.1937200E+07   1.2146554E+07   1.5526573E+07   1.5506457E+07   1.1769899E+07   1.1580697E+07
   14.0100   1.1900267E+07   1.2109841E+07   1.5490847E+07   1.5470568E+07   1.1730109E+07   1.1540851E+07   1.1935937E+07   1.2145517E+07   1.5527604E+07   1.5507378E+07   1.1766795E+07   1.1577477E+07
   14.0200   1.1899044E+07   1.2108843E+07   1.5492020E+07   1.5471637E+07   1.1727164E+07   1.1537785E+07   1.1934782E+07   1.2144587E+07   1.5528715E+07   1.5508378E+07   1.1763782E+07   1.1574350E+07
   14.0300   1.1897971E+07   1.2107996E+07   1.5493271E+07   1.5472778E+07   1.1724263E+07   1.1534767E+07   1.1933732E+07   1.2143762E+07   1.5529908E+07   1.5509460E+07   1.1760863E+07   1.1571318E+07
   14.0400   1.1897047E+07   1.2107300E+07   1.5494603E+07   1.5473996E+07   1.1721413E+07   1.1531803E+07   1.1932788E+07   1.2143042E+07   1.5531185E+07   1.5510625E+07   1.1758036E+07   1.1568379E+07
   14.0500   1.1896267E+07   1.2106751E+07   1.5496019E+07   1.5475292E+07   1.1718613E+07   1.1528893E+07   1.1931952E+07   1.2142430E+07   1.5532548E+07   1.5511875E+07   1.1755300E+07   1.1565532E+07
   14.0600   1.1895627E+07   1.2106342E+07   1.5497518E+07   1.5476667E+07   1.1715871E+07   1.1526044E+07   1.1931229E+07   1.2141931E+07   1.5533999E+07   1.5513212E+07   1.1752648E+07   1.1562771E+07
   14.0700   1.1895125E+07   1.2106072E+07   1.5499102E+07   1.5478123E+07   1.1713190E+07   1.1523259E+07   1.1930624E+07   1.2141550E+07   1.5535540E+07   1.5514636E+07   1.1750077E+07   1.1560092E+07
   14.0800   1.1894752E+07   1.2105932E+07   1.5500773E+07   1.5479662E+07   1.1710575E+07   1.1520542E+07   1.1930142E+07   1.2141293E+07   1.5537172E+07   1.5516149E+07   1.1747578E+07   1.1557488E+07
   14.0900   1.1894506E+07   1.2105919E+07   1.5502529E+07   1.5481285E+07   1.1708035E+07   1.1517904E+07   1.1929790E+07   1.2141168E+07   1.5538897E+07   1.5517752E+07   1.1745147E+07   1.1554952E+07
   14.1000   1.1894378E+07   1.2106026E+07   1.5504373E+07   1.5482991E+07   1.1705571E+07   1.1515342E+07   1.1929574E+07   1.2141180E+07   1.5540717E+07   1.5519444E+07   1.1742776E+07   1.1552480E+07
   14.1100   1.1894365E+07   1.2106246E+07   1.5506303E+07   1.5484784E+07   1.1703197E+07   1.1512872E+07   1.1929498E+07   1.2141334E+07   1.5542631E+07   1.5521227E+07   1.1740460E+07   1.1550066E+07
   14.1200   1.1894459E+07   1.2106575E+07   1.5508320E+07   1.5486662E+07   1.1700912E+07   1.1510492E+07   1.1929566E+07   1.2141634E+07   1.5544640E+07   1.5523100E+07   1.1738197E+07   1.1547707E+07
   14.1300   1.1894657E+07   1.2107005E+07   1.5510424E+07   1.5488627E+07   1.1698728E+07   1.1508214E+07   1.1929780E+07   1.2142083E+07   1.5546745E+07   1.5525064E+07   1.1735984E+07   1.1545402E+07
   14.1400   1.1894951E+07   1.2107532E+07   1.5512613E+07   1.5490677E+07   1.1696646E+07   1.1506040E+07   1.1930139E+07   1.2142679E+07   1.5548946E+07   1.5527118E+07   1.1733823E+07   1.1543150E+07
   14.1500   1.1895340E+07   1.2108151E+07   1.5514888E+07   1.5492814E+07   1.1694676E+07   1.1503976E+07   1.1930641E+07   1.2143419E+07   1.5551242E+07   1.5529262E+07   1.1731716E+07   1.1540956E+07
   14.1600   1.1895815E+07   1.2108856E+07   1.5517246E+07   1.5495036E+07   1.1692820E+07   1.1502028E+07   1.1931280E+07   1.2144299E+07   1.5553632E+07   1.5531497E+07   1.1729670E+07   1.1538825E+07
   14.1700   1.1896377E+07   1.2109645E+07   1.5519687E+07   1.5497343E+07   1.1691085E+07   1.1500201E+07   1.1932050E+07   1.2145310E+07   1.5556115E+07   1.5533821E+07   1.1727692E+07   1.1536765E+07
   14.1800   1.1897020E+07   1.2110512E+07   1.5522209E+07   1.5499733E+07   1.1689475E+07   1.1498498E+07   1.1932941E+07   1.2146443E+07   1.5558688E+07   1.5536233E+07   1.1725794E+07   1.1534786E+07
   14.1900   1.1897743E+07   1.2111457E+07   1.5524812E+07   1.5502207E+07   1.1687993E+07   1.1496923E+07   1.1933941E+07   1.2147685E+07   1.5561351E+07   1.5538734E+07   1.1723988E+07   1.1532900E+07
   14.2000   1.1898542E+07   1.2112475E+07   1.5527490E+07   1.5504760E+07   1.1686644E+07   1.1495480E+07   1.1935040E+07   1.2149024E+07   1.5564101E+07   1.5541322E+07   1.1722288E+07   1.1531121E+07
   14.2100   1.1899416E+07   1.2113565E+07   1.5530246E+07   1.5507393E+07   1.1685429E+07   1.1494172E+07   1.1936223E+07   1.2150446E+07   1.5566934E+07   1.5543996E+07   1.1720709E+07   1.1529463E+07
   14.2200   1.1900365E+07   1.2114727E+07   1.5533073E+07   1.5510101E+07   1.1684353E+07   1.1493003E+07   1.1937477E+07   1.2151936E+07   1.5569848E+07   1.5546754E+07   1.1719268E+07   1.1527942E+07
   14.2300   1.1901386E+07   1.2115956E+07   1.5535972E+07   1.5512885E+07   1.1683418E+07   1.1491974E+07   1.1938789E+07   1.2153480E+07   1.5572840E+07   1.5549595E+07   1.1717978E+07   1.1526571E+07
   14.2400   1.1902479E+07   1.2117254E+07   1.5538937E+07   1.5515738E+07   1.1682627E+07   1.1491090E+07   1.1940147E+07   1.2155066E+07   1.5575905E+07   1.5552516E+07   1.1716855E+07   1.1525365E+07
   14.2500   1.1903642E+07   1.2118618E+07   1.5541967E+07   1.5518662E+07   1.1681984E+07   1.1490353E+07   1.1941540E+07   1.2156680E+07   1.5579040E+07   1.5555516E+07   1.1715913E+07   1.1524337E+07
   14.2600   1.1904873E+07   1.2120045E+07   1.5545057E+07   1.5521650E+07   1.1681491E+07   1.1489766E+07   1.1942959E+07   1.2158314E+07   1.5582241E+07   1.5558590E+07   1.1715162E+07   1.1523498E+07
   14.2700   1.1906174E+07   1.2121535E+07   1.5548204E+07   1.5524700E+07   1.1681153E+07   1.1489335E+07   1.1944397E+07   1.2159960E+07   1.5585505E+07   1.5561737E+07   1.1714613E+07   1.1522859E+07
   14.2800   1.1907538E+07   1.2123085E+07   1.5551404E+07   1.5527808E+07   1.1680973E+07   1.1489063E+07   1.1945849E+07   1.2161611E+07   1.5588825E+07   1.5564952E+07   1.1714273E+07   1.1522425E+07
   14.2900   1.1908967E+07   1.2124692E+07   1.5554654E+07   1.5530972E+07   1.1680957E+07   1.1488954E+07   1.1947313E+07   1.2163267E+07   1.5592199E+07   1.5568231E+07   1.1714147E+07   1.1522202E+07
   14.3000   1.1910457E+07   1.2126354E+07   1.5557947E+07   1.5534185E+07   1.1681108E+07   1.1489014E+07   1.1948789E+07   1.2164925E+07   1.5595622E+07   1.5571570E+07   1.1714238E+07   1.1522194E+07
   14.3100   1.1912003E+07   1.2128066E+07   1.5561282E+07   1.5537445E+07   1.1681435E+07   1.1489249E+07   1.1950279E+07   1.2166588E+07   1.5599088E+07   1.5574964E+07   1.1714546E+07   1.1522400E+07
   14.3200   1.1913605E+07   1.2129825E+07   1.5564649E+07   1.5540746E+07   1.1681940E+07   1.1489665E+07   1.1951787E+07   1.2168261E+07   1.5602594E+07   1.5578409E+07   1.1715069E+07   1.1522821E+07
   14.3300   1.1915257E+07   1.2131625E+07   1.5568048E+07   1.5544086E+07   1.1682634E+07   1.1490268E+07   1.1953318E+07   1.2169947E+07   1.5606134E+07   1.5581898E+07   1.1715805E+07   1.1523453E+07
   14.3400   1.1916955E+07   1.2133464E+07   1.5571471E+07   1.5547458E+07   1.1683519E+07   1.1491064E+07   1.1954881E+07   1.2171655E+07   1.5609702E+07   1.5585426E+07   1.1716751E+07   1.1524294E+07
   14.3500   1.1918697E+07   1.2135336E+07   1.5574913E+07   1.5550858E+07   1.1684606E+07   1.1492063E+07   1.1956480E+07   1.2173390E+07   1.5613295E+07   1.5588987E+07   1.1717900E+07   1.1525339E+07
   14.3600   1.1920477E+07   1.2137236E+07   1.5578369E+07   1.5554282E+07   1.1685898E+07   1.1493268E+07   1.1958125E+07   1.2175161E+07   1.5616905E+07   1.5592575E+07   1.1719250E+07   1.1526585E+07
   14.3700   1.1922292E+07   1.2139159E+07   1.5581832E+07   1.5557723E+07   1.1687405E+07   1.1494688E+07   1.1959821E+07   1.2176973E+07   1.5620529E+07   1.5596185E+07   1.1720796E+07   1.1528029E+07
   14.3800   1.1924137E+07   1.2141102E+07   1.5585298E+07   1.5561177E+07   1.1689131E+07   1.1496329E+07   1.1961574E+07   1.2178832E+07   1.5624159E+07   1.5599808E+07   1.1722535E+07   1.1529669E+07
   14.3900   1.1926012E+07   1.2143062E+07   1.5588760E+07   1.5564639E+07   1.1691085E+07   1.1498198E+07   1.1963389E+07   1.2180743E+07   1.5627790E+07   1.5603441E+07   1.1724466E+07   1.1531503E+07
   14.4000   1.1927909E+07   1.2145032E+07   1.5592213E+07   1.5568103E+07   1.1693269E+07   1.1500298E+07   1.1965267E+07   1.2182707E+07   1.5631416E+07   1.5607075E+07   1.1726589E+07   1.1533533E+07
   14.4100   1.1929831E+07   1.2147012E+07   1.5595648E+07   1.5571562E+07   1.1695690E+07   1.1502638E+07   1.1967211E+07   1.2184724E+07   1.5635030E+07   1.5610705E+07   1.1728907E+07   1.1535761E+07
   14.4200   1.1931773E+07   1.2148999E+07   1.5599065E+07   1.5575014E+07   1.1698351E+07   1.1505218E+07   1.1969217E+07   1.2186793E+07   1.5638627E+07   1.5614325E+07   1.1731424E+07   1.1538192E+07
   14.4300   1.1933734E+07   1.2150990E+07   1.5602452E+07   1.5578449E+07   1.1701257E+07   1.1508046E+07   1.1971283E+07   1.2188909E+07   1.5642198E+07   1.5617928E+07   1.1734147E+07   1.1540833E+07
   14.4400   1.1935715E+07   1.2152987E+07   1.5605806E+07   1.5581865E+07   1.1704408E+07   1.1511120E+07   1.1973404E+07   1.2191066E+07   1.5645737E+07   1.5621509E+07   1.1737083E+07   1.1543691E+07
   14.4500   1.1937715E+07   1.2154987E+07   1.5609122E+07   1.5585255E+07   1.1707808E+07   1.1514447E+07   1.1975573E+07   1.2193258E+07   1.5649238E+07   1.5625061E+07   1.1740242E+07   1.1546776E+07
   14.4600   1.1939736E+07   1.2156991E+07   1.5612391E+07   1.5588611E+07   1.1711458E+07   1.1518025E+07   1.1977781E+07   1.2195473E+07   1.5652694E+07   1.5628579E+07   1.1743635E+07   1.1550100E+07
   14.4700   1.1941776E+07   1.2159000E+07   1.5615611E+07   1.5591932E+07   1.1715355E+07   1.1521853E+07   1.1980019E+07   1.2197703E+07   1.5656097E+07   1.5632057E+07   1.1747273E+07   1.1553672E+07
   14.4800   1.1943842E+07   1.2161017E+07   1.5618773E+07   1.5595206E+07   1.1719505E+07   1.1525939E+07   1.1982280E+07   1.2199938E+07   1.5659442E+07   1.5635490E+07   1.1751169E+07   1.1557505E+07
   14.4900   1.1945930E+07   1.2163040E+07   1.5621873E+07   1.5598433E+07   1.1723899E+07   1.1530272E+07   1.1984553E+07   1.2202168E+07   1.5662721E+07   1.5638871E+07   1.1755332E+07   1.1561609E+07
   14.5000   1.1948047E+07   1.2165075E+07   1.5624907E+07   1.5601605E+07   1.1728544E+07   1.1534861E+07   1.1986830E+07   1.2204383E+07   1.5665927E+07   1.5642196E+07   1.1759774E+07   1.1565995E+07
   14.5100   1.1950191E+07   1.2167119E+07   1.5627866E+07   1.5604715E+07   1.1733433E+07   1.1539699E+07   1.1989104E+07   1.2206576E+07   1.5669055E+07   1.5645459E+07   1.1764502E+07   1.1570670E+07
   14.5200   1.1952366E+07   1.2169179E+07   1.5630747E+07   1.5607759E+07   1.1738568E+07   1.1544787E+07   1.1991371E+07   1.2208740E+07   1.5672099E+07   1.5648654E+07   1.1769523E+07   1.1575641E+07
   14.5300   1.1954573E+07   1.2171251E+07   1.5633545E+07   1.5610733E+07   1.1743945E+07   1.1550123E+07   1.1993625E+07   1.2210872E+07   1.5675052E+07   1.5651776E+07   1.1774841E+07   1.1580914E+07
   14.5400   1.1956815E+07   1.2173341E+07   1.5636254E+07   1.5613630E+07   1.1749565E+07   1.1555708E+07   1.1995865E+07   1.2212968E+07   1.5677909E+07   1.5654820E+07   1.1780459E+07   1.1586489E+07
   14.5500   1.1959091E+07   1.2175446E+07   1.5638870E+07   1.5616444E+07   1.1755425E+07   1.1561539E+07   1.1998093E+07   1.2215031E+07   1.5680665E+07   1.5657781E+07   1.1786376E+07   1.1592366E+07
   14.5600   1.1961403E+07   1.2177570E+07   1.5641388E+07   1.5619174E+07   1.1761524E+07   1.1567615E+07   1.2000311E+07   1.2217062E+07   1.5683315E+07   1.5660653E+07   1.1792588E+07   1.1598542E+07
   14.5700   1.1963750E+07   1.2179710E+07   1.5643802E+07   1.5621811E+07   1.1767861E+07   1.1573937E+07   1.2002523E+07   1.2219066E+07   1.5685854E+07   1.5663430E+07   1.1799089E+07   1.1605013E+07
   14.5800   1.1966133E+07   1.2181868E+07   1.5646110E+07   1.5624353E+07   1.1774435E+07   1.1580502E+07   1.2004738E+07   1.2221051E+07   1.5688277E+07   1.5666109E+07   1.1805872E+07   1.1611771E+07
   14.5900   1.1968553E+07   1.2184043E+07   1.5648306E+07   1.5626796E+07   1.1781246E+07   1.1587311E+07   1.2006962E+07   1.2223025E+07   1.5690582E+07   1.5668683E+07   1.1812926E+07   1.1618807E+07
   14.6000   1.1971005E+07   1.2186232E+07   1.5650388E+07   1.5629135E+07   1.1788291E+07   1.1594362E+07   1.2009206E+07   1.2224997E+07   1.5692764E+07   1.5671149E+07   1.1820241E+07   1.1626109E+07
   14.6100   1.1973492E+07   1.2188436E+07   1.5652350E+07   1.5631366E+07   1.1795572E+07   1.1601656E+07   1.2011478E+07   1.2226977E+07   1.5694819E+07   1.5673501E+07   1.1827804E+07   1.1633668E+07
   14.6200   1.1976012E+07   1.2190654E+07   1.5654190E+07   1.5633488E+07   1.1803084E+07   1.1609189E+07   1.2013788E+07   1.2228976E+07   1.5696745E+07   1.5675735E+07   1.1835604E+07   1.1641471E+07
   14.6300   1.1978563E+07   1.2192884E+07   1.5655904E+07   1.5635495E+07   1.1810828E+07   1.1616961E+07   1.2016146E+07   1.2231003E+07   1.5698539E+07   1.5677847E+07   1.1843627E+07   1.1649507E+07
   14.6400   1.1981145E+07   1.2195125E+07   1.5657490E+07   1.5637385E+07   1.1818802E+07   1.1624972E+07   1.2018560E+07   1.2233067E+07   1.5700197E+07   1.5679833E+07   1.1851862E+07   1.1657764E+07
   14.6500   1.1983757E+07   1.2197377E+07   1.5658944E+07   1.5639155E+07   1.1827001E+07   1.1633215E+07   1.2021037E+07   1.2235175E+07   1.5701718E+07   1.5681690E+07   1.1860299E+07   1.1666234E+07
   14.6600   1.1986398E+07   1.2199639E+07   1.5660266E+07   1.5640804E+07   1.1835424E+07   1.1641690E+07   1.2023582E+07   1.2237334E+07   1.5703100E+07   1.5683415E+07   1.1868928E+07   1.1674906E+07
   14.6700   1.1989070E+07   1.2201912E+07   1.5661451E+07   1.5642327E+07   1.1844067E+07   1.1650394E+07   1.2026199E+07   1.2239546E+07   1.5704339E+07   1.5685005E+07   1.1877742E+07   1.1683774E+07
   14.6800   1.1991771E+07   1.2204195E+07   1.5662499E+07   1.5643725E+07   1.1852923E+07   1.1659318E+07   1.2028890E+07   1.2241814E+07   1.5705434E+07   1.5686458E+07   1.1886735E+07   1.1692832E+07
   14.6900   1.1994504E+07   1.2206492E+07   1.5663409E+07   1.5644994E+07   1.1861988E+07   1.1668461E+07   1.2031653E+07   1.2244137E+07   1.5706384E+07   1.5687771E+07   1.1895903E+07   1.1702077E+07
   14.7000   1.1997269E+07   1.2208801E+07   1.5664179E+07   1.5646134E+07   1.1871254E+07   1.1677813E+07   1.2034486E+07   1.2246513E+07   1.5707187E+07   1.5688944E+07   1.1905244E+07   1.1711505E+07
   14.7100   1.2000069E+07   1.2211128E+07   1.5664809E+07   1.5647143E+07   1.1880715E+07   1.1687368E+07   1.2037385E+07   1.2248937E+07   1.5707843E+07   1.5689976E+07   1.1914756E+07   1.1721116E+07
   14.7200   1.2002904E+07   1.2213472E+07   1.5665298E+07   1.5648020E+07   1.1890361E+07   1.1697118E+07   1.2040345E+07   1.2251405E+07   1.5708349E+07   1.5690866E+07   1.1924440E+07   1.1730909E+07
   14.7300   1.2005780E+07   1.2215839E+07   1.5665647E+07   1.5648765E+07   1.1900185E+07   1.1707054E+07   1.2043359E+07   1.2253908E+07   1.5708706E+07   1.5691613E+07   1.1934296E+07   1.1740885E+07
   14.7400   1.2008696E+07   1.2218230E+07   1.5665856E+07   1.5649377E+07   1.1910176E+07   1.1717167E+07   1.2046420E+07   1.2256441E+07   1.5708913E+07   1.5692218E+07   1.1944325E+07   1.1751044E+07
   14.7500   1.2011658E+07   1.2220650E+07   1.5665925E+07   1.5649857E+07   1.1920324E+07   1.1727446E+07   1.2049521E+07   1.2258997E+07   1.5708970E+07   1.5692682E+07   1.1954527E+07   1.1761386E+07
   14.7600   1.2014668E+07   1.2223103E+07   1.5665855E+07   1.5650204E+07   1.1930620E+07   1.1737883E+07   1.2052656E+07   1.2261568E+07   1.5708878E+07   1.5693004E+07   1.1964902E+07   1.1771910E+07
   14.7700   1.2017727E+07   1.2225590E+07   1.5665649E+07   1.5650419E+07   1.1941051E+07   1.1748465E+07   1.2055818E+07   1.2264149E+07   1.5708638E+07   1.5693187E+07   1.1975449E+07   1.1782615E+07
   14.7800   1.2020842E+07   1.2228117E+07   1.5665305E+07   1.5650502E+07   1.1951609E+07   1.1759183E+07   1.2059002E+07   1.2266736E+07   1.5708251E+07   1.5693232E+07   1.1986164E+07   1.1793496E+07
   14.7900   1.2024010E+07   1.2230684E+07   1.5664828E+07   1.5650456E+07   1.1962282E+07   1.1770026E+07   1.2062207E+07   1.2269326E+07   1.5707719E+07   1.5693140E+07   1.1997042E+07   1.1804548E+07
   14.8000   1.2027237E+07   1.2233298E+07   1.5664219E+07   1.5650280E+07   1.1973059E+07   1.1780984E+07   1.2065430E+07   1.2271919E+07   1.5707043E+07   1.5692913E+07   1.2008074E+07   1.1815763E+07
   14.8100   1.2030522E+07   1.2235957E+07   1.5663478E+07   1.5649975E+07   1.1983932E+07   1.1792046E+07   1.2068673E+07   1.2274514E+07   1.5706227E+07   1.5692553E+07   1.2019252E+07   1.1827132E+07
   14.8200   1.2033867E+07   1.2238664E+07   1.5662614E+07   1.5649549E+07   1.1994887E+07   1.1803201E+07   1.2071936E+07   1.2277117E+07   1.5705274E+07   1.5692062E+07   1.2030563E+07   1.1838642E+07
   14.8300   1.2037272E+07   1.2241420E+07   1.5661620E+07   1.5648995E+07   1.2005919E+07   1.1814443E+07   1.2075226E+07   1.2279731E+07   1.5704186E+07   1.5691443E+07   1.2041993E+07   1.1850278E+07
   14.8400   1.2040738E+07   1.2244226E+07   1.5660508E+07   1.5648323E+07   1.2017015E+07   1.1825758E+07   1.2078547E+07   1.2282364E+07   1.5702968E+07   1.5690697E+07   1.2053526E+07   1.1862026E+07
   14.8500   1.2044261E+07   1.2247080E+07   1.5659275E+07   1.5647532E+07   1.2028168E+07   1.1837139E+07   1.2081906E+07   1.2285023E+07   1.5701624E+07   1.5689829E+07   1.2065143E+07   1.1873867E+07
   14.8600   1.2047845E+07   1.2249986E+07   1.5657928E+07   1.5646625E+07   1.2039368E+07   1.1848577E+07   1.2085312E+07   1.2287719E+07   1.5700157E+07   1.5688840E+07   1.2076826E+07   1.1885783E+07
   14.8700   1.2051483E+07   1.2252937E+07   1.5656469E+07   1.5645606E+07   1.2050607E+07   1.1860062E+07   1.2088772E+07   1.2290460E+07   1.5698573E+07   1.5687733E+07   1.2088555E+07   1.1897754E+07
   14.8800   1.2055179E+07   1.2255939E+07   1.5654902E+07   1.5644478E+07   1.2061875E+07   1.1871586E+07   1.2092295E+07   1.2293256E+07   1.5696876E+07   1.5686512E+07   1.2100311E+07   1.1909761E+07
   14.8900   1.2058926E+07   1.2258984E+07   1.5653230E+07   1.5643245E+07   1.2073166E+07   1.1883141E+07   1.2095889E+07   1.2296116E+07   1.5695071E+07   1.5685180E+07   1.2112074E+07   1.1921785E+07
   14.9000   1.2062727E+07   1.2262076E+07   1.5651459E+07   1.5641910E+07   1.2084469E+07   1.1894716E+07   1.2099560E+07   1.2299048E+07   1.5693164E+07   1.5683741E+07   1.2123826E+07   1.1933807E+07
   14.9100   1.2066575E+07   1.2265210E+07   1.5649591E+07   1.5640476E+07   1.2095776E+07   1.1906303E+07   1.2103314E+07   1.2302059E+07   1.5691158E+07   1.5682198E+07   1.2135549E+07   1.1945811E+07
   14.9200   1.2070473E+07   1.2268389E+07   1.5647631E+07   1.5638947E+07   1.2107080E+07   1.1917894E+07   1.2107155E+07   1.2305154E+07   1.5689059E+07   1.5680556E+07   1.2147228E+07   1.1957780E+07
   14.9300   1.2074416E+07   1.2271609E+07   1.5645584E+07   1.5637329E+07   1.2118367E+07   1.1929475E+07   1.2111085E+07   1.2308335E+07   1.5686873E+07   1.5678818E+07   1.2158849E+07   1.1969702E+07
   14.9400   1.2078406E+07   1.2274872E+07   1.5643453E+07   1.5635624E+07   1.2129632E+07   1.1941043E+07   1.2115104E+07   1.2311604E+07   1.5684604E+07   1.5676989E+07   1.2170400E+07   1.1981563E+07
   14.9500   1.2082439E+07   1.2278176E+07   1.5641246E+07   1.5633837E+07   1.2140861E+07   1.1952580E+07   1.2119210E+07   1.2314960E+07   1.5682258E+07   1.5675074E+07   1.2181873E+07   1.1993355E+07
   14.9600   1.2086517E+07   1.2281522E+07   1.5638963E+07   1.5631971E+07   1.2152048E+07   1.1964081E+07   1.2123399E+07   1.2318399E+07   1.5679839E+07   1.5673078E+07   1.2193260E+07   1.2005069E+07
   14.9700   1.2090639E+07   1.2284912E+07   1.5636613E+07   1.5630033E+07   1.2163177E+07   1.1975531E+07   1.2127665E+07   1.2321916E+07   1.5677352E+07   1.5671004E+07   1.2204555E+07   1.2016700E+07
   14.9800   1.2094803E+07   1.2288344E+07   1.5634198E+07   1.5628023E+07   1.2174241E+07   1.1986922E+07   1.2132002E+07   1.2325505E+07   1.5674803E+07   1.5668859E+07   1.2215754E+07   1.2028242E+07
   14.9900   1.2099014E+07   1.2291823E+07   1.5631726E+07   1.5625950E+07   1.2185227E+07   1.1998241E+07   1.2136401E+07   1.2329158E+07   1.5672195E+07   1.5666647E+07   1.2226854E+07   1.2039692E+07
   15.0000   1.2103268E+07   1.2295347E+07   1.5629198E+07   1.5623813E+07   1.2196123E+07   1.2009475E+07   1.2140854E+07   1.2332867E+07   1.5669534E+07   1.5664373E+07   1.2237853E+07   1.2051048E+07
   15.0100   1.2107567E+07   1.2298918E+07   1.5626622E+07   1.5621622E+07   1.2206918E+07   1.2020615E+07   1.2145351E+07   1.2336623E+07   1.5666824E+07   1.5662043E+07   1.2248750E+07   1.2062306E+07
   15.0200   1.2111913E+07   1.2302540E+07   1.5624002E+07   1.5619377E+07   1.2217601E+07   1.2031647E+07   1.2149884E+07   1.2340418E+07   1.5664070E+07   1.5659661E+07   1.2259542E+07   1.2073465E+07
   15.0300   1.2116304E+07   1.2306211E+07   1.5621343E+07   1.5617084E+07   1.2228163E+07   1.2042562E+07   1.2154445E+07   1.2344244E+07   1.5661278E+07   1.5657233E+07   1.2270227E+07   1.2084520E+07
   15.0400   1.2120741E+07   1.2309933E+07   1.5618649E+07   1.5614746E+07   1.2238589E+07   1.2053347E+07   1.2159026E+07   1.2348095E+07   1.5658450E+07   1.5654763E+07   1.2280802E+07   1.2095469E+07
   15.0500   1.2125225E+07   1.2313707E+07   1.5615926E+07   1.5612370E+07   1.2248872E+07   1.2063994E+07   1.2163623E+07   1.2351965E+07   1.5655593E+07   1.5652256E+07   1.2291262E+07   1.2106305E+07
   15.0600   1.2129752E+07   1.2317532E+07   1.5613179E+07   1.5609957E+07   1.2259003E+07   1.2074492E+07   1.2168230E+07   1.2355850E+07   1.5652712E+07   1.5649717E+07   1.2301601E+07   1.2117022E+07
   15.0700   1.2134324E+07   1.2321409E+07   1.5610411E+07   1.5607513E+07   1.2268970E+07   1.2084831E+07   1.2172844E+07   1.2359749E+07   1.5649810E+07   1.5647151E+07   1.2311810E+07   1.2127612E+07
   15.0800   1.2138938E+07   1.2325336E+07   1.5607628E+07   1.5605042E+07   1.2278769E+07   1.2095005E+07   1.2177467E+07   1.2363662E+07   1.5646893E+07   1.5644561E+07   1.2321882E+07   1.2138065E+07
   15.0900   1.2143592E+07   1.2329310E+07   1.5604833E+07   1.5602548E+07   1.2288389E+07   1.2105003E+07   1.2182097E+07   1.2367590E+07   1.5643965E+07   1.5641953E+07   1.2331803E+07   1.2148370E+07
   15.1000   1.2148282E+07   1.2333331E+07   1.5602031E+07   1.5600033E+07   1.2297825E+07   1.2114821E+07   1.2186737E+07   1.2371537E+07   1.5641033E+07   1.5639329E+07   1.2341564E+07   1.2158515E+07
   15.1100   1.2153007E+07   1.2337397E+07   1.5599226E+07   1.5597505E+07   1.2307074E+07   1.2124453E+07   1.2191392E+07   1.2375507E+07   1.5638099E+07   1.5636694E+07   1.2351149E+07   1.2168486E+07
   15.1200   1.2157760E+07   1.2341500E+07   1.5596423E+07   1.5594964E+07   1.2316125E+07   1.2133891E+07   1.2196064E+07   1.2379505E+07   1.5635170E+07   1.5634052E+07   1.2360545E+07   1.2178269E+07
   15.1300   1.2162540E+07   1.2345642E+07   1.5593624E+07   1.5592416E+07   1.2324979E+07   1.2143133E+07   1.2200759E+07   1.2383537E+07   1.5632249E+07   1.5631405E+07   1.2369738E+07   1.2187851E+07
   15.1400   1.2167341E+07   1.2349815E+07   1.5590833E+07   1.5589863E+07   1.2333630E+07   1.2152173E+07   1.2205482E+07   1.2387609E+07   1.5629341E+07   1.5628758E+07   1.2378714E+07   1.2197217E+07
   15.1500   1.2172157E+07   1.2354015E+07   1.5588056E+07   1.5587311E+07   1.2342074E+07   1.2161007E+07   1.2210236E+07   1.2391725E+07   1.5626451E+07   1.5626114E+07   1.2387459E+07   1.2206354E+07
   15.1600   1.2176986E+07   1.2358241E+07   1.5585293E+07   1.5584762E+07   1.2350310E+07   1.2169634E+07   1.2215026E+07   1.2395891E+07   1.5623582E+07   1.5623476E+07   1.2395962E+07   1.2215251E+07
   15.1700   1.2181821E+07   1.2362484E+07   1.5582548E+07   1.5582218E+07   1.2358331E+07   1.2178046E+07   1.2219853E+07   1.2400109E+07   1.5620738E+07   1.5620846E+07   1.2404213E+07   1.2223896E+07
   15.1800   1.2186659E+07   1.2366743E+07   1.5579826E+07   1.5579685E+07   1.2366142E+07   1.2186246E+07   1.2224719E+07   1.2404381E+07   1.5617922E+07   1.5618228E+07   1.2412201E+07   1.2232280E+07
   15.1900   1.2191494E+07   1.2371012E+07   1.5577127E+07   1.5577162E+07   1.2373732E+07   1.2194226E+07   1.2229622E+07   1.2408706E+07   1.5615139E+07   1.5615625E+07   1.2419922E+07   1.2240399E+07
   15.2000   1.2196323E+07   1.2375288E+07   1.5574456E+07   1.5574656E+07   1.2381105E+07   1.2201987E+07   1.2234560E+07   1.2413082E+07   1.5612390E+07   1.5613040E+07   1.2427371E+07   1.2248245E+07
   15.2100   1.2201142E+07   1.2379567E+07   1.5571813E+07   1.5572167E+07   1.2388255E+07   1.2209524E+07   1.2239527E+07   1.2417504E+07   1.5609679E+07   1.5610476E+07   1.2434546E+07   1.2255819E+07
   15.2200   1.2205948E+07   1.2383847E+07   1.5569203E+07   1.5569697E+07   1.2395181E+07   1.2216835E+07   1.2244518E+07   1.2421967E+07   1.5607008E+07   1.5607935E+07   1.2441447E+07   1.2263119E+07
   15.2300   1.2210736E+07   1.2388123E+07   1.5566626E+07   1.5567250E+07   1.2401882E+07   1.2223918E+07   1.2249524E+07   1.2426461E+07   1.5604379E+07   1.5605420E+07   1.2448077E+07   1.2270147E+07
   15.2400   1.2215505E+07   1.2392394E+07   1.5564084E+07   1.5564825E+07   1.2408353E+07   1.2230770E+07   1.2254536E+07   1.2430978E+07   1.5601794E+07   1.5602933E+07   1.2454441E+07   1.2276908E+07
   15.2500   1.2220252E+07   1.2396658E+07   1.5561581E+07   1.5562427E+07   1.2414593E+07   1.2237388E+07   1.2259543E+07   1.2435506E+07   1.5599253E+07   1.5600477E+07   1.2460545E+07   1.2283406E+07
   15.2600   1.2224975E+07   1.2400912E+07   1.5559115E+07   1.5560054E+07   1.2420602E+07   1.2243772E+07   1.2264534E+07   1.2440034E+07   1.5596759E+07   1.5598053E+07   1.2466394E+07   1.2289648E+07
   15.2700   1.2229669E+07   1.2405152E+07   1.5556690E+07   1.5557711E+07   1.2426373E+07   1.2249916E+07   1.2269498E+07   1.2444550E+07   1.5594312E+07   1.5595664E+07   1.2471998E+07   1.2295641E+07
   15.2800   1.2234337E+07   1.2409380E+07   1.5554304E+07   1.5555396E+07   1.2431910E+07   1.2255822E+07   1.2274423E+07   1.2449043E+07   1.5591912E+07   1.5593311E+07   1.2477364E+07   1.2301392E+07
   15.2900   1.2238971E+07   1.2413591E+07   1.5551962E+07   1.5553111E+07   1.2437209E+07   1.2261486E+07   1.2279298E+07   1.2453502E+07   1.5589560E+07   1.5590995E+07   1.2482500E+07   1.2306908E+07
   15.3000   1.2243574E+07   1.2417784E+07   1.5549659E+07   1.5550856E+07   1.2442270E+07   1.2266910E+07   1.2284114E+07   1.2457916E+07   1.5587256E+07   1.5588718E+07   1.2487413E+07   1.2312196E+07
   15.3100   1.2248139E+07   1.2421955E+07   1.5547401E+07   1.5548632E+07   1.2447094E+07   1.2272093E+07   1.2288863E+07   1.2462277E+07   1.5585000E+07   1.5586481E+07   1.2492109E+07   1.2317261E+07
   15.3200   1.2252667E+07   1.2426104E+07   1.5545183E+07   1.5546438E+07   1.2451680E+07   1.2277034E+07   1.2293538E+07   1.2466578E+07   1.5582792E+07   1.5584282E+07   1.2496593E+07   1.2322108E+07
   15.3300   1.2257151E+07   1.2430224E+07   1.5543008E+07   1.5544276E+07   1.2456031E+07   1.2281736E+07   1.2298133E+07   1.2470814E+07   1.5580631E+07   1.5582124E+07   1.2500869E+07   1.2326741E+07
   15.3400   1.2261591E+07   1.2434315E+07   1.5540874E+07   1.5542144E+07   1.2460149E+07   1.2286202E+07   1.2302646E+07   1.2474981E+07   1.5578516E+07   1.5580005E+07   1.2504939E+07   1.2331161E+07
   15.3500   1.2265981E+07   1.2438370E+07   1.5538780E+07   1.5540041E+07   1.2464037E+07   1.2290433E+07   1.2307074E+07   1.2479077E+07   1.5576448E+07   1.5577924E+07   1.2508803E+07   1.2335370E+07
   15.3600   1.2270317E+07   1.2442386E+07   1.5536726E+07   1.5537968E+07   1.2467699E+07   1.2294433E+07   1.2311418E+07   1.2483102E+07   1.5574424E+07   1.5575881E+07   1.2512462E+07   1.2339366E+07
   15.3700   1.2274596E+07   1.2446358E+07   1.5534709E+07   1.5535924E+07   1.2471140E+07   1.2298209E+07   1.2315679E+07   1.2487059E+07   1.5572444E+07   1.5573875E+07   1.2515914E+07   1.2343150E+07
   15.3800   1.2278809E+07   1.2450279E+07   1.5532729E+07   1.5533907E+07   1.2474365E+07   1.2301762E+07   1.2319859E+07   1.2490948E+07   1.5570506E+07   1.5571904E+07   1.2519158E+07   1.2346718E+07
   15.3900   1.2282957E+07   1.2454147E+07   1.5530782E+07   1.5531916E+07   1.2477381E+07   1.2305103E+07   1.2323962E+07   1.2494773E+07   1.5568609E+07   1.5569965E+07   1.2522190E+07   1.2350069E+07
   15.4000   1.2287029E+07   1.2457952E+07   1.5528869E+07   1.5529950E+07   1.2480193E+07   1.2308234E+07   1.2327990E+07   1.2498537E+07   1.5566751E+07   1.5568057E+07   1.2525009E+07   1.2353202E+07
   15.4100   1.2291023E+07   1.2461692E+07   1.5526985E+07   1.5528007E+07   1.2482809E+07   1.2311163E+07   1.2331947E+07   1.2502243E+07   1.5564929E+07   1.5566178E+07   1.2527614E+07   1.2356114E+07
   15.4200   1.2294933E+07   1.2465359E+07   1.5525129E+07   1.5526086E+07   1.2485237E+07   1.2313899E+07   1.2335835E+07   1.2505895E+07   1.5563143E+07   1.5564324E+07   1.2530002E+07   1.2358806E+07
   15.4300   1.2298753E+07   1.2468948E+07   1.5523297E+07   1.5524183E+07   1.2487482E+07   1.2316446E+07   1.2339655E+07   1.2509493E+07   1.5561388E+07   1.5562494E+07   1.2532175E+07   1.2361277E+07
   15.4400   1.2302479E+07   1.2472454E+07   1.5521487E+07   1.5522297E+07   1.2489554E+07   1.2318813E+07   1.2343410E+07   1.2513037E+07   1.5559662E+07   1.5560685E+07   1.2534136E+07   1.2363531E+07
   15.4500   1.2306107E+07   1.2475871E+07   1.5519696E+07   1.5520427E+07   1.2491459E+07   1.2321009E+07   1.2347098E+07   1.2516527E+07   1.5557962E+07   1.5558893E+07   1.2535887E+07   1.2365571E+07
   15.4600   1.2309633E+07   1.2479197E+07   1.5517921E+07   1.5518568E+07   1.2493205E+07   1.2323039E+07   1.2350715E+07   1.2519960E+07   1.5556284E+07   1.5557116E+07   1.2537435E+07   1.2367404E+07
   15.4700   1.2313052E+07   1.2482424E+07   1.5516157E+07   1.5516718E+07   1.2494798E+07   1.2324909E+07   1.2354260E+07   1.2523332E+07   1.5554626E+07   1.5555350E+07   1.2538788E+07   1.2369036E+07
   15.4800   1.2316362E+07   1.2485551E+07   1.5514404E+07   1.5514876E+07   1.2496246E+07   1.2326630E+07   1.2357726E+07   1.2526635E+07   1.5552982E+07   1.5553594E+07   1.2539955E+07   1.2370479E+07
   15.4900   1.2319561E+07   1.2488575E+07   1.5512654E+07   1.5513036E+07   1.2497555E+07   1.2328204E+07   1.2361106E+07   1.2529862E+07   1.5551349E+07   1.5551842E+07   1.2540949E+07   1.2371743E+07
   15.5000   1.2322646E+07   1.2491492E+07   1.5510908E+07   1.5511198E+07   1.2498732E+07   1.2329641E+07   1.2364392E+07   1.2533006E+07   1.5549722E+07   1.5550093E+07   1.2541781E+07   1.2372841E+07
   15.5100   1.2325615E+07   1.2494301E+07   1.5509158E+07   1.5509355E+07   1.2499783E+07   1.2330944E+07   1.2367576E+07   1.2536054E+07   1.5548097E+07   1.5548343E+07   1.2542467E+07   1.2373787E+07
   15.5200   1.2328468E+07   1.2496999E+07   1.5507404E+07   1.5507508E+07   1.2500712E+07   1.2332122E+07   1.2370648E+07   1.2538999E+07   1.5546469E+07   1.5546589E+07   1.2543022E+07   1.2374596E+07
   15.5300   1.2331204E+07   1.2499586E+07   1.5505638E+07   1.5505648E+07   1.2501528E+07   1.2333179E+07   1.2373599E+07   1.2541827E+07   1.5544833E+07   1.5544827E+07   1.2543461E+07   1.2375283E+07
   15.5400   1.2333820E+07   1.2502060E+07   1.5503861E+07   1.5503778E+07   1.2502235E+07   1.2334122E+07   1.2376419E+07   1.2544531E+07   1.5543185E+07   1.5543053E+07   1.2543798E+07   1.2375863E+07
   15.5500   1.2336319E+07   1.2504421E+07   1.5502064E+07   1.5501888E+07   1.2502838E+07   1.2334957E+07   1.2379100E+07   1.2547099E+07   1.5541519E+07   1.5541265E+07   1.2544050E+07   1.2376349E+07
   15.5600   1.2338698E+07   1.2506665E+07   1.5500248E+07   1.5499980E+07   1.2503345E+07   1.2335689E+07   1.2381635E+07   1.2549523E+07   1.5539831E+07   1.5539459E+07   1.2544228E+07   1.2376756E+07
   15.5700   1.2340957E+07   1.2508794E+07   1.5498404E+07   1.5498045E+07   1.2503760E+07   1.2336325E+07   1.2384016E+07   1.2551797E+07   1.5538117E+07   1.5537630E+07   1.2544347E+07   1.2377097E+07
   15.5800   1.2343096E+07   1.2510807E+07   1.5496531E+07   1.5496084E+07   1.2504092E+07   1.2336872E+07   1.2386240E+07   1.2553915E+07   1.5536370E+07   1.5535776E+07   1.2544417E+07   1.2377381E+07
   15.5900   1.2345114E+07   1.2512700E+07   1.5494624E+07   1.5494090E+07   1.2504345E+07   1.2337336E+07   1.2388304E+07   1.2555873E+07   1.5534588E+07   1.5533891E+07   1.2544447E+07   1.2377619E+07
   15.6000   1.2347011E+07   1.2514474E+07   1.5492679E+07   1.5492061E+07   1.2504527E+07   1.2337724E+07   1.2390206E+07   1.2557669E+07   1.5532765E+07   1.5531973E+07   1.2544445E+07   1.2377817E+07
   15.6100   1.2348784E+07   1.2516127E+07   1.5490691E+07   1.5489993E+07   1.2504645E+07   1.2338045E+07   1.2391948E+07   1.2559305E+07   1.5530896E+07   1.5530017E+07   1.2544417E+07   1.2377983E+07
   15.6200   1.2350434E+07   1.2517656E+07   1.5488657E+07   1.5487882E+07   1.2504708E+07   1.2338304E+07   1.2393531E+07   1.2560780E+07   1.5528978E+07   1.5528018E+07   1.2544365E+07   1.2378120E+07
   15.6300   1.2351957E+07   1.2519059E+07   1.5486574E+07   1.5485725E+07   1.2504721E+07   1.2338511E+07   1.2394960E+07   1.2562100E+07   1.5527007E+07   1.5525974E+07   1.2544294E+07   1.2378231E+07
   15.6400   1.2353355E+07   1.2520336E+07   1.5484435E+07   1.5483517E+07   1.2504695E+07   1.2338674E+07   1.2396240E+07   1.2563269E+07   1.5524978E+07   1.5523878E+07   1.2544204E+07   1.2378318E+07
   15.6500   1.2354623E+07   1.2521482E+07   1.5482239E+07   1.5481258E+07   1.2504634E+07   1.2338799E+07   1.2397376E+07   1.2564293E+07   1.5522888E+07   1.5521729E+07   1.2544097E+07   1.2378382E+07
   15.6600   1.2355761E+07   1.2522497E+07   1.5479980E+07   1.5478941E+07   1.2504552E+07   1.2338898E+07   1.2398376E+07   1.2565177E+07   1.5520732E+07   1.5519520E+07   1.2543971E+07   1.2378424E+07
   15.6700   1.2356767E+07   1.2523377E+07   1.5477656E+07   1.5476566E+07   1.2504452E+07   1.2338974E+07   1.2399244E+07   1.2565928E+07   1.5518508E+07   1.5517249E+07   1.2543827E+07   1.2378445E+07
   15.6800   1.2357641E+07   1.2524122E+07   1.5475263E+07   1.5474127E+07   1.2504344E+07   1.2339040E+07   1.2399989E+07   1.2566552E+07   1.5516211E+07   1.5514911E+07   1.2543665E+07   1.2378444E+07
   15.6900   1.2358380E+07   1.2524728E+07   1.5472797E+07   1.5471625E+07   1.2504235E+07   1.2339101E+07   1.2400615E+07   1.2567055E+07   1.5513839E+07   1.5512503E+07   1.2543486E+07   1.2378424E+07
   15.7000   1.2358984E+07   1.2525195E+07   1.5470255E+07   1.5469053E+07   1.2504131E+07   1.2339163E+07   1.2401127E+07   1.2567440E+07   1.5511388E+07   1.5510022E+07   1.2543291E+07   1.2378386E+07
   15.7100   1.2359453E+07   1.2525523E+07   1.5467634E+07   1.5466411E+07   1.2504041E+07   1.2339236E+07   1.2401530E+07   1.2567713E+07   1.5508854E+07   1.5507463E+07   1.2543085E+07   1.2378335E+07
   15.7200   1.2359786E+07   1.2525709E+07   1.5464933E+07   1.5463696E+07   1.2503968E+07   1.2339323E+07   1.2401824E+07   1.2567873E+07   1.5506235E+07   1.5504825E+07   1.2542870E+07   1.2378273E+07
   15.7300   1.2359986E+07   1.2525758E+07   1.5462146E+07   1.5460905E+07   1.2503921E+07   1.2339433E+07   1.2402013E+07   1.2567922E+07   1.5503527E+07   1.5502103E+07   1.2542652E+07   1.2378208E+07
   15.7400   1.2360051E+07   1.2525664E+07   1.5459275E+07   1.5458038E+07   1.2503902E+07   1.2339567E+07   1.2402094E+07   1.2567860E+07   1.5500728E+07   1.5499297E+07   1.2542439E+07   1.2378146E+07
   15.7500   1.2359986E+07   1.2525435E+07   1.5456313E+07   1.5455090E+07   1.2503915E+07   1.2339731E+07   1.2402066E+07   1.2567683E+07   1.5497835E+07   1.5496403E+07   1.2542238E+07   1.2378095E+07
   15.7600   1.2359791E+07   1.2525069E+07   1.5453263E+07   1.5452062E+07   1.2503965E+07   1.2339929E+07   1.2401928E+07   1.2567389E+07   1.5494846E+07   1.5493421E+07   1.2542059E+07   1.2378064E+07
   15.7700   1.2359470E+07   1.2524570E+07   1.5450120E+07   1.5448951E+07   1.2504053E+07   1.2340163E+07   1.2401675E+07   1.2566974E+07   1.5491758E+07   1.5490347E+07   1.2541910E+07   1.2378063E+07
   15.7800   1.2359026E+07   1.2523941E+07   1.5446885E+07   1.5445757E+07   1.2504183E+07   1.2340436E+07   1.2401303E+07   1.2566432E+07   1.5488569E+07   1.5487182E+07   1.2541803E+07   1.2378102E+07
   15.7900   1.2358462E+07   1.2523186E+07   1.5443555E+07   1.5442477E+07   1.2504354E+07   1.2340749E+07   1.2400809E+07   1.2565760E+07   1.5485278E+07   1.5483924E+07   1.2541747E+07   1.2378190E+07
   15.8000   1.2357782E+07   1.2522307E+07   1.5440132E+07   1.5439112E+07   1.2504569E+07   1.2341104E+07   1.2400188E+07   1.2564953E+07   1.5481883E+07   1.5480573E+07   1.2541751E+07   1.2378337E+07
   15.8100   1.2356992E+07   1.2521310E+07   1.5436612E+07   1.5435660E+07   1.2504827E+07   1.2341501E+07   1.2399437E+07   1.2564007E+07   1.5478383E+07   1.5477128E+07   1.2541825E+07   1.2378552E+07
   15.8200   1.2356093E+07   1.2520198E+07   1.5432998E+07   1.5432122E+07   1.2505128E+07   1.2341941E+07   1.2398555E+07   1.2562919E+07   1.5474778E+07   1.5473589E+07   1.2541976E+07   1.2378841E+07
   15.8300   1.2355092E+07   1.2518975E+07   1.5429289E+07   1.5428496E+07   1.2505476E+07   1.2342425E+07   1.2397539E+07   1.2561687E+07   1.5471067E+07   1.5469957E+07   1.2542210E+07   1.2379212E+07
   15.8400   1.2353991E+07   1.2517646E+07   1.5425486E+07   1.5424785E+07   1.2505866E+07   1.2342952E+07   1.2396390E+07   1.2560313E+07   1.5467251E+07   1.5466231E+07   1.2542531E+07   1.2379667E+07
   15.8500   1.2352796E+07   1.2516216E+07   1.5421588E+07   1.5420987E+07   1.2506301E+07   1.2343523E+07   1.2395109E+07   1.2558797E+07   1.5463330E+07   1.5462413E+07   1.2542941E+07   1.2380210E+07
   15.8600   1.2351509E+07   1.2514686E+07   1.5417599E+07   1.5417105E+07   1.2506780E+07   1.2344137E+07   1.2393701E+07   1.2557144E+07   1.5459305E+07   1.5458503E+07   1.2543441E+07   1.2380840E+07
   15.8700   1.2350135E+07   1.2513061E+07   1.5413516E+07   1.5413137E+07   1.2507303E+07   1.2344795E+07   1.2392171E+07   1.2555358E+07   1.5455177E+07   1.5454502E+07   1.2544028E+07   1.2381556E+07
   15.8800   1.2348677E+07   1.2511346E+07   1.5409347E+07   1.5409089E+07   1.2507868E+07   1.2345495E+07   1.2390525E+07   1.2553446E+07   1.5450949E+07   1.5450412E+07   1.2544700E+07   1.2382355E+07
   15.8900   1.2347138E+07   1.2509543E+07   1.5405085E+07   1.5404957E+07   1.2508479E+07   1.2346241E+07   1.2388771E+07   1.2551418E+07   1.5446623E+07   1.5446234E+07   1.2545450E+07   1.2383232E+07
   15.9000   1.2345521E+07   1.2507655E+07   1.5400742E+07   1.5400749E+07   1.2509130E+07   1.2347028E+07   1.2386920E+07   1.2549283E+07   1.5442201E+07   1.5441969E+07   1.2546272E+07   1.2384180E+07
   15.9100   1.2343830E+07   1.2505686E+07   1.5396312E+07   1.5396461E+07   1.2509828E+07   1.2347861E+07   1.2384979E+07   1.2547050E+07   1.5437686E+07   1.5437621E+07   1.2547158E+07   1.2385191E+07
   15.9200   1.2342063E+07   1.2503635E+07   1.5391805E+07   1.5392102E+07   1.2510565E+07   1.2348734E+07   1.2382961E+07   1.2544733E+07   1.5433082E+07   1.5433190E+07   1.2548100E+07   1.2386258E+07
   15.9300   1.2340232E+07   1.2501513E+07   1.5387217E+07   1.5387669E+07   1.2511347E+07   1.2349651E+07   1.2380876E+07   1.2542341E+07   1.5428392E+07   1.5428680E+07   1.2549088E+07   1.2387373E+07
   15.9400   1.2338330E+07   1.2499314E+07   1.5382556E+07   1.5383170E+07   1.2512168E+07   1.2350609E+07   1.2378734E+07   1.2539886E+07   1.5423620E+07   1.5424094E+07   1.2550113E+07   1.2388525E+07
   15.9500   1.2336368E+07   1.2497049E+07   1.5377824E+07   1.5378604E+07   1.2513031E+07   1.2351607E+07   1.2376545E+07   1.2537378E+07   1.5418771E+07   1.5419435E+07   1.2551167E+07   1.2389708E+07
   15.9600   1.2334343E+07   1.2494716E+07   1.5373024E+07   1.5373977E+07   1.2513931E+07   1.2352643E+07   1.2374317E+07   1.2534826E+07   1.5413848E+07   1.5414706E+07   1.2552242E+07   1.2390913E+07
   15.9700   1.2332263E+07   1.2492323E+07   1.5368162E+07   1.5369292E+07   1.2514868E+07   1.2353716E+07   1.2372059E+07   1.2532239E+07   1.5408857E+07   1.5409910E+07   1.2553331E+07   1.2392135E+07
   15.9800   1.2330129E+07   1.2489871E+07   1.5363240E+07   1.5364552E+07   1.2515838E+07   1.2354822E+07   1.2369776E+07   1.2529625E+07   1.5403803E+07   1.5405053E+07   1.2554428E+07   1.2393367E+07
   15.9900   1.2327948E+07   1.2487366E+07   1.5358264E+07   1.5359763E+07   1.2516839E+07   1.2355959E+07   1.2367474E+07   1.2526987E+07   1.5398689E+07   1.5400139E+07   1.2555530E+07   1.2394605E+07
   16.0000   1.2325722E+07   1.2484813E+07   1.5353238E+07   1.5354928E+07   1.2517866E+07   1.2357122E+07   1.2365157E+07   1.2524331E+07   1.5393521E+07   1.5395171E+07   1.2556633E+07   1.2395846E+07
   16.0100   1.2323458E+07   1.2482218E+07   1.5348166E+07   1.5350051E+07   1.2518915E+07   1.2358308E+07   1.2362826E+07   1.2521659E+07   1.5388305E+07   1.5390156E+07   1.2557734E+07   1.2397088E+07
   16.0200   1.2321161E+07   1.2479588E+07   1.5343056E+07   1.5345138E+07   1.2519980E+07   1.2359509E+07   1.2360484E+07   1.2518972E+07   1.5383045E+07   1.5385098E+07   1.2558835E+07   1.2398330E+07
   16.0300   1.2318836E+07   1.2476927E+07   1.5337911E+07   1.5340191E+07   1.2521058E+07   1.2360724E+07   1.2358129E+07   1.2516272E+07   1.5377747E+07   1.5380002E+07   1.2559934E+07   1.2399572E+07
   16.0400   1.2316491E+07   1.2474244E+07   1.5332738E+07   1.5335219E+07   1.2522141E+07   1.2361943E+07   1.2355762E+07   1.2513558E+07   1.5372416E+07   1.5374874E+07   1.2561032E+07   1.2400814E+07
   16.0500   1.2314130E+07   1.2471544E+07   1.5327540E+07   1.5330222E+07   1.2523221E+07   1.2363162E+07   1.2353383E+07   1.2510830E+07   1.5367058E+07   1.5369721E+07   1.2562130E+07   1.2402057E+07
   16.0600   1.2311762E+07   1.2468836E+07   1.5322327E+07   1.5325211E+07   1.2524296E+07   1.2364374E+07   1.2350990E+07   1.2508086E+07   1.5361680E+07   1.5364547E+07   1.2563229E+07   1.2403301E+07
   16.0700   1.2309390E+07   1.2466125E+07   1.5317101E+07   1.5320186E+07   1.2525355E+07   1.2365572E+07   1.2348583E+07   1.2505329E+07   1.5356286E+07   1.5359358E+07   1.2564328E+07   1.2404546E+07
   16.0800   1.2307025E+07   1.2463421E+07   1.5311871E+07   1.5315155E+07   1.2526393E+07   1.2366749E+07   1.2346163E+07   1.2502557E+07   1.5350883E+07   1.5354162E+07   1.2565428E+07   1.2405791E+07
   16.0900   1.2304670E+07   1.2460728E+07   1.5306642E+07   1.5310124E+07   1.2527404E+07   1.2367899E+07   1.2343730E+07   1.2499773E+07   1.5345477E+07   1.5348963E+07   1.2566527E+07   1.2407035E+07
   16.1000   1.2302333E+07   1.2458056E+07   1.5301419E+07   1.5305095E+07   1.2528379E+07   1.2369015E+07   1.2341288E+07   1.2496980E+07   1.5340074E+07   1.5343767E+07   1.2567622E+07   1.2408273E+07
   16.1100   1.2300017E+07   1.2455409E+07   1.5296212E+07   1.5300078E+07   1.2529314E+07   1.2370092E+07   1.2338840E+07   1.2494181E+07   1.5334682E+07   1.5338582E+07   1.2568708E+07   1.2409502E+07
   16.1200   1.2297732E+07   1.2452794E+07   1.5291023E+07   1.5295077E+07   1.2530201E+07   1.2371120E+07   1.2336391E+07   1.2491384E+07   1.5329306E+07   1.5333412E+07   1.2569780E+07   1.2410716E+07
   16.1300   1.2295480E+07   1.2450218E+07   1.5285861E+07   1.5290096E+07   1.2531036E+07   1.2372098E+07   1.2333948E+07   1.2488595E+07   1.5323954E+07   1.5328265E+07   1.2570830E+07   1.2411908E+07
   16.1400   1.2293266E+07   1.2447685E+07   1.5280733E+07   1.5285145E+07   1.2531813E+07   1.2373017E+07   1.2331518E+07   1.2485823E+07   1.5318633E+07   1.5323145E+07   1.2571849E+07   1.2413067E+07
   16.1500   1.2291096E+07   1.2445201E+07   1.5275642E+07   1.5280225E+07   1.2532525E+07   1.2373873E+07   1.2329111E+07   1.2483077E+07   1.5313349E+07   1.5318060E+07   1.2572828E+07   1.2414186E+07
   16.1600   1.2288972E+07   1.2442769E+07   1.5270600E+07   1.5275346E+07   1.2533170E+07   1.2374662E+07   1.2326736E+07   1.2480369E+07   1.5308109E+07   1.5313014E+07   1.2573755E+07   1.2415252E+07
   16.1700   1.2286902E+07   1.2440397E+07   1.5265607E+07   1.5270510E+07   1.2533742E+07   1.2375378E+07   1.2324404E+07   1.2477709E+07   1.5302922E+07   1.5308014E+07   1.2574618E+07   1.2416255E+07
   16.1800   1.2284883E+07   1.2438084E+07   1.5260675E+07   1.5265728E+07   1.2534237E+07   1.2376018E+07   1.2322125E+07   1.2475111E+07   1.5297793E+07   1.5303066E+07   1.2575406E+07   1.2417182E+07
   16.1900   1.2282924E+07   1.2435838E+07   1.5255806E+07   1.5261001E+07   1.2534652E+07   1.2376578E+07   1.2319911E+07   1.2472585E+07   1.5292730E+07   1.5298175E+07   1.2576107E+07   1.2418022E+07
   16.2000   1.2281024E+07   1.2433660E+07   1.5251010E+07   1.5256339E+07   1.2534983E+07   1.2377052E+07   1.2317771E+07   1.2470142E+07   1.5287740E+07   1.5293348E+07   1.2576708E+07   1.2418764E+07
   16.2100   1.2279191E+07   1.2431556E+07   1.5246292E+07   1.5251746E+07   1.2535226E+07   1.2377440E+07   1.2315716E+07   1.2467794E+07   1.5282831E+07   1.5288589E+07   1.2577200E+07   1.2419396E+07
   16.2200   1.2277421E+07   1.2429527E+07   1.5241655E+07   1.5247226E+07   1.2535377E+07   1.2377735E+07   1.2313753E+07   1.2465549E+07   1.5278008E+07   1.5283907E+07   1.2577572E+07   1.2419910E+07
   16.2300   1.2275724E+07   1.2427579E+07   1.5237111E+07   1.5242789E+07   1.2535434E+07   1.2377934E+07   1.2311890E+07   1.2463416E+07   1.5273279E+07   1.5279305E+07   1.2577816E+07   1.2420298E+07
   16.2400   1.2274098E+07   1.2425713E+07   1.5232661E+07   1.5238436E+07   1.2535393E+07   1.2378035E+07   1.2310133E+07   1.2461402E+07   1.5268651E+07   1.5274790E+07   1.2577926E+07   1.2420551E+07
   16.2500   1.2272549E+07   1.2423935E+07   1.5228315E+07   1.5234178E+07   1.2535249E+07   1.2378033E+07   1.2308487E+07   1.2459511E+07   1.5264129E+07   1.5270367E+07   1.2577895E+07   1.2420666E+07
   16.2600   1.2271080E+07   1.2422249E+07   1.5224075E+07   1.5230015E+07   1.2534999E+07   1.2377924E+07   1.2306954E+07   1.2457747E+07   1.5259720E+07   1.5266044E+07   1.2577722E+07   1.2420639E+07
   16.2700   1.2269694E+07   1.2420657E+07   1.5219951E+07   1.5225956E+07   1.2534640E+07   1.2377704E+07   1.2305535E+07   1.2456111E+07   1.5255431E+07   1.5261824E+07   1.2577404E+07   1.2420467E+07
   16.2800   1.2268396E+07   1.2419165E+07   1.5215944E+07   1.5222005E+07   1.2534167E+07   1.2377369E+07   1.2304231E+07   1.2454604E+07   1.5251266E+07   1.5257716E+07   1.2576941E+07   1.2420150E+07
   16.2900   1.2267188E+07   1.2417777E+07   1.5212064E+07   1.5218168E+07   1.2533575E+07   1.2376915E+07   1.2303040E+07   1.2453225E+07   1.5247231E+07   1.5253723E+07   1.2576333E+07   1.2419689E+07
   16.3000   1.2266077E+07   1.2416499E+07   1.5208313E+07   1.5214447E+07   1.2532863E+07   1.2376339E+07   1.2301961E+07   1.2451972E+07   1.5243332E+07   1.5249851E+07   1.2575584E+07   1.2419085E+07
   16.3100   1.2265063E+07   1.2415332E+07   1.5204699E+07   1.5210852E+07   1.2532024E+07   1.2375635E+07   1.2300990E+07   1.2450843E+07   1.5239575E+07   1.5246107E+07   1.2574695E+07   1.2418341E+07
   16.3200   1.2264155E+07   1.2414285E+07   1.5201224E+07   1.5207382E+07   1.2531058E+07   1.2374802E+07   1.2300125E+07   1.2449834E+07   1.5235963E+07   1.5242495E+07   1.2573670E+07   1.2417460E+07
   16.3300   1.2263351E+07   1.2413358E+07   1.5197896E+07   1.5204045E+07   1.2529957E+07   1.2373833E+07   1.2299362E+07   1.2448943E+07   1.5232502E+07   1.5239021E+07   1.2572513E+07   1.2416444E+07
   16.3400   1.2262660E+07   1.2412558E+07   1.5194718E+07   1.5200844E+07   1.2528721E+07   1.2372728E+07   1.2298700E+07   1.2448168E+07   1.5229197E+07   1.5235689E+07   1.2571227E+07   1.2415297E+07
   16.3500   1.2262082E+07   1.2411887E+07   1.5191694E+07   1.5197783E+07   1.2527348E+07   1.2371484E+07   1.2298136E+07   1.2447507E+07   1.5226051E+07   1.5232504E+07   1.2569814E+07   1.2414021E+07
   16.3600   1.2261622E+07   1.2411350E+07   1.5188829E+07   1.5194868E+07   1.2525833E+07   1.2370097E+07   1.2297670E+07   1.2446959E+07   1.5223070E+07   1.5229471E+07   1.2568276E+07   1.2412617E+07
   16.3700   1.2261281E+07   1.2410949E+07   1.5186126E+07   1.5192099E+07   1.2524176E+07   1.2368567E+07   1.2297301E+07   1.2446523E+07   1.5220257E+07   1.5226594E+07   1.2566615E+07   1.2411086E+07
   16.3800   1.2261063E+07   1.2410686E+07   1.5183590E+07   1.5189482E+07   1.2522377E+07   1.2366892E+07   1.2297031E+07   1.2446203E+07   1.5217617E+07   1.5223876E+07   1.2564830E+07   1.2409429E+07
   16.3900   1.2260967E+07   1.2410563E+07   1.5181224E+07   1.5187019E+07   1.2520435E+07   1.2365074E+07   1.2296862E+07   1.2445999E+07   1.5215152E+07   1.5221321E+07   1.2562920E+07   1.2407643E+07
   16.4000   1.2260998E+07   1.2410584E+07   1.5179030E+07   1.5184714E+07   1.2518350E+07   1.2363110E+07   1.2296797E+07   1.2445916E+07   1.5212866E+07   1.5218933E+07   1.2560884E+07   1.2405728E+07
   16.4100   1.2261153E+07   1.2410745E+07   1.5177012E+07   1.5182570E+07   1.2516125E+07   1.2361005E+07   1.2296841E+07   1.2445959E+07   1.5210763E+07   1.5216713E+07   1.2558718E+07   1.2403680E+07
   16.4200   1.2261435E+07   1.2411051E+07   1.5175171E+07   1.5180588E+07   1.2513760E+07   1.2358758E+07   1.2296998E+07   1.2446132E+07   1.5208846E+07   1.5214665E+07   1.2556420E+07   1.2401497E+07
   16.4300   1.2261843E+07   1.2411498E+07   1.5173512E+07   1.5178773E+07   1.2511259E+07   1.2356372E+07   1.2297276E+07   1.2446442E+07   1.5207117E+07   1.5212791E+07   1.2553986E+07   1.2399175E+07
   16.4400   1.2262375E+07   1.2412087E+07   1.5172034E+07   1.5177125E+07   1.2508624E+07   1.2353851E+07   1.2297678E+07   1.2446896E+07   1.5205578E+07   1.5211093E+07   1.2551412E+07   1.2396710E+07
   16.4500   1.2263033E+07   1.2412820E+07   1.5170741E+07   1.5175646E+07   1.2505861E+07   1.2351198E+07   1.2298212E+07   1.2447499E+07   1.5204233E+07   1.5209571E+07   1.2548695E+07   1.2394099E+07
   16.4600   1.2263813E+07   1.2413690E+07   1.5169632E+07   1.5174339E+07   1.2502971E+07   1.2348416E+07   1.2298883E+07   1.2448257E+07   1.5203082E+07   1.5208229E+07   1.2545832E+07   1.2391340E+07
   16.4700   1.2264716E+07   1.2414700E+07   1.5168711E+07   1.5173204E+07   1.2499961E+07   1.2345512E+07   1.2299696E+07   1.2449175E+07   1.5202127E+07   1.5207066E+07   1.2542821E+07   1.2388432E+07
   16.4800   1.2265740E+07   1.2415847E+07   1.5167976E+07   1.5172243E+07   1.2496834E+07   1.2342489E+07   1.2300654E+07   1.2450256E+07   1.5201369E+07   1.5206083E+07   1.2539662E+07   1.2385373E+07
   16.4900   1.2266882E+07   1.2417128E+07   1.5167429E+07   1.5171456E+07   1.2493596E+07   1.2339350E+07   1.2301760E+07   1.2451505E+07   1.5200808E+07   1.5205282E+07   1.2536355E+07   1.2382165E+07
   16.5000   1.2268143E+07   1.2418544E+07   1.5167070E+07   1.5170846E+07   1.2490253E+07   1.2336104E+07   1.2303016E+07   1.2452921E+07   1.5200446E+07   1.5204662E+07   1.2532904E+07   1.2378811E+07
   16.5100   1.2269520E+07   1.2420092E+07   1.5166898E+07   1.5170410E+07   1.2486808E+07   1.2332753E+07   1.2304421E+07   1.2454505E+07   1.5200282E+07   1.5204223E+07   1.2529312E+07   1.2375314E+07
   16.5200   1.2271013E+07   1.2421770E+07   1.5166914E+07   1.5170149E+07   1.2483267E+07   1.2329303E+07   1.2305974E+07   1.2456254E+07   1.5200316E+07   1.5203967E+07   1.2525585E+07   1.2371681E+07
   16.5300   1.2272622E+07   1.2423580E+07   1.5167116E+07   1.5170063E+07   1.2479637E+07   1.2325760E+07   1.2307671E+07   1.2458166E+07   1.5200546E+07   1.5203891E+07   1.2521732E+07   1.2367920E+07
   16.5400   1.2274343E+07   1.2425516E+07   1.5167505E+07   1.5170152E+07   1.2475921E+07   1.2322128E+07   1.2309509E+07   1.2460234E+07   1.5200972E+07   1.5203997E+07   1.2517761E+07   1.2364039E+07
   16.5500   1.2276178E+07   1.2427581E+07   1.5168078E+07   1.5170414E+07   1.2472126E+07   1.2318414E+07   1.2311482E+07   1.2462453E+07   1.5201591E+07   1.5204283E+07   1.2513684E+07   1.2360048E+07
   16.5600   1.2278126E+07   1.2429772E+07   1.5168834E+07   1.5170849E+07   1.2468256E+07   1.2314622E+07   1.2313583E+07   1.2464817E+07   1.5202403E+07   1.5204748E+07   1.2509511E+07   1.2355959E+07
   16.5700   1.2280187E+07   1.2432089E+07   1.5169771E+07   1.5171455E+07   1.2464318E+07   1.2310758E+07   1.2315806E+07   1.2467316E+07   1.5203404E+07   1.5205391E+07   1.2505255E+07   1.2351785E+07
   16.5800   1.2282358E+07   1.2434531E+07   1.5170888E+07   1.5172230E+07   1.2460316E+07   1.2306828E+07   1.2318144E+07   1.2469944E+07   1.5204593E+07   1.5206211E+07   1.2500929E+07   1.2347537E+07
   16.5900   1.2284642E+07   1.2437097E+07   1.5172182E+07   1.5173173E+07   1.2456256E+07   1.2302837E+07   1.2320588E+07   1.2472692E+07   1.5205966E+07   1.5207206E+07   1.2496547E+07   1.2343229E+07
   16.6000   1.2287035E+07   1.2439784E+07   1.5173651E+07   1.5174281E+07   1.2452144E+07   1.2298791E+07   1.2323133E+07   1.2475552E+07   1.5207520E+07   1.5208374E+07   1.2492120E+07   1.2338873E+07
   16.6100   1.2289539E+07   1.2442595E+07   1.5175292E+07   1.5175553E+07   1.2447988E+07   1.2294697E+07   1.2325772E+07   1.2478518E+07   1.5209252E+07   1.5209712E+07   1.2487662E+07   1.2334481E+07
   16.6200   1.2292150E+07   1.2445523E+07   1.5177101E+07   1.5176984E+07   1.2443792E+07   1.2290561E+07   1.2328500E+07   1.2481584E+07   1.5211159E+07   1.5211219E+07   1.2483182E+07   1.2330064E+07
   16.6300   1.2294869E+07   1.2448570E+07   1.5179075E+07   1.5178573E+07   1.2439566E+07   1.2286393E+07   1.2331312E+07   1.2484743E+07   1.5213237E+07   1.5212892E+07   1.2478693E+07   1.2325633E+07
   16.6400   1.2297693E+07   1.2451732E+07   1.5181213E+07   1.5180318E+07   1.2435313E+07   1.2282195E+07   1.2334205E+07   1.2487993E+07   1.5215482E+07   1.5214726E+07   1.2474204E+07   1.2321197E+07
   16.6500   1.2300620E+07   1.2455006E+07   1.5183507E+07   1.5182212E+07   1.2431047E+07   1.2277981E+07   1.2337177E+07   1.2491330E+07   1.5217890E+07   1.5216720E+07   1.2469721E+07   1.2316764E+07
   16.6600   1.2303647E+07   1.2458389E+07   1.5185958E+07   1.5184256E+07   1.2426771E+07   1.2273755E+07   1.2340227E+07   1.2494752E+07   1.5220457E+07   1.5218868E+07   1.2465254E+07   1.2312342E+07
   16.6700   1.2306772E+07   1.2461879E+07   1.5188556E+07   1.5186443E+07   1.2422497E+07   1.2269528E+07   1.2343355E+07   1.2498261E+07   1.5223178E+07   1.5221167E+07   1.2460807E+07   1.2307937E+07
   16.6800   1.2309992E+07   1.2465470E+07   1.5191302E+07   1.5188773E+07   1.2418233E+07   1.2265309E+07   1.2346562E+07   1.2501855E+07   1.5226049E+07   1.5223614E+07   1.2456386E+07   1.2303553E+07
   16.6900   1.2313301E+07   1.2469157E+07   1.5194187E+07   1.5191237E+07   1.2413988E+07   1.2261107E+07   1.2349850E+07   1.2505535E+07   1.5229066E+07   1.5226203E+07   1.2451995E+07   1.2299197E+07
   16.7000   1.2316700E+07   1.2472940E+07   1.5197209E+07   1.5193835E+07   1.2409774E+07   1.2256933E+07   1.2353220E+07   1.2509304E+07   1.5232224E+07   1.5228930E+07   1.2447638E+07   1.2294872E+07
   16.7100   1.2320181E+07   1.2476810E+07   1.5200363E+07   1.5196562E+07   1.2405599E+07   1.2252794E+07   1.2356675E+07   1.2513164E+07   1.5235517E+07   1.5231789E+07   1.2443319E+07   1.2290582E+07
   16.7200   1.2323742E+07   1.2480763E+07   1.5203641E+07   1.5199412E+07   1.2401473E+07   1.2248704E+07   1.2360216E+07   1.2517114E+07   1.5238942E+07   1.5234777E+07   1.2439043E+07   1.2286332E+07
   16.7300   1.2327377E+07   1.2484796E+07   1.5207041E+07   1.5202383E+07   1.2397407E+07   1.2244670E+07   1.2363846E+07   1.2521157E+07   1.5242491E+07   1.5237888E+07   1.2434813E+07   1.2282128E+07
   16.7400   1.2331086E+07   1.2488903E+07   1.5210556E+07   1.5205468E+07   1.2393410E+07   1.2240705E+07   1.2367565E+07   1.2525293E+07   1.5246160E+07   1.5241116E+07   1.2430635E+07   1.2277973E+07
   16.7500   1.2334861E+07   1.2493079E+07   1.5214183E+07   1.5208665E+07   1.2389492E+07   1.2236815E+07   1.2371373E+07   1.2529521E+07   1.5249944E+07   1.5244457E+07   1.2426514E+07   1.2273875E+07
   16.7600   1.2338701E+07   1.2497320E+07   1.5217911E+07   1.5211966E+07   1.2385663E+07   1.2233012E+07   1.2375269E+07   1.2533840E+07   1.5253836E+07   1.5247905E+07   1.2422459E+07   1.2269841E+07
   16.7700   1.2342602E+07   1.2501623E+07   1.5221741E+07   1.5215370E+07   1.2381932E+07   1.2229305E+07   1.2379251E+07   1.2538246E+07   1.5257831E+07   1.5251455E+07   1.2418477E+07   1.2265880E+07
   16.7800   1.2346559E+07   1.2505982E+07   1.5225663E+07   1.5218868E+07   1.2378307E+07   1.2225701E+07   1.2383315E+07   1.2542736E+07   1.5261921E+07   1.5255101E+07   1.2414578E+07   1.2262001E+07
   16.7900   1.2350572E+07   1.2510395E+07   1.5229673E+07   1.5222458E+07   1.2374797E+07   1.2222212E+07   1.2387458E+07   1.2547303E+07   1.5266103E+07   1.5258838E+07   1.2410773E+07   1.2258214E+07
   16.8000   1.2354638E+07   1.2514858E+07   1.5233764E+07   1.5226133E+07   1.2371409E+07   1.2218842E+07   1.2391673E+07   1.2551942E+07   1.5270367E+07   1.5262661E+07   1.2407072E+07   1.2254532E+07
   16.8100   1.2358753E+07   1.2519368E+07   1.5237933E+07   1.5229890E+07   1.2368151E+07   1.2215601E+07   1.2395954E+07   1.2556645E+07   1.5274710E+07   1.5266564E+07   1.2403488E+07   1.2250966E+07
   16.8200   1.2362917E+07   1.2523924E+07   1.5242171E+07   1.5233721E+07   1.2365030E+07   1.2212495E+07   1.2400294E+07   1.2561403E+07   1.5279123E+07   1.5270542E+07   1.2400035E+07   1.2247530E+07
   16.8300   1.2367126E+07   1.2528521E+07   1.5246476E+07   1.5237624E+07   1.2362051E+07   1.2209530E+07   1.2404685E+07   1.2566208E+07   1.5283602E+07   1.5274590E+07   1.2396726E+07   1.2244236E+07
   16.8400   1.2371381E+07   1.2533158E+07   1.5250840E+07   1.5241592E+07   1.2359223E+07   1.2206714E+07   1.2409120E+07   1.2571052E+07   1.5288138E+07   1.5278702E+07   1.2393573E+07   1.2241098E+07
   16.8500   1.2375679E+07   1.2537834E+07   1.5255257E+07   1.5245620E+07   1.2356548E+07   1.2204052E+07   1.2413590E+07   1.2575925E+07   1.5292726E+07   1.5282874E+07   1.2390589E+07   1.2238128E+07
   16.8600   1.2380019E+07   1.2542546E+07   1.5259724E+07   1.5249704E+07   1.2354034E+07   1.2201549E+07   1.2418089E+07   1.2580821E+07   1.5297360E+07   1.5287099E+07   1.2387787E+07   1.2235338E+07
   16.8700   1.2384400E+07   1.2547292E+07   1.5264234E+07   1.5253838E+07   1.2351686E+07   1.2199212E+07   1.2422611E+07   1.2585730E+07   1.5302034E+07   1.5291374E+07   1.2385177E+07   1.2232738E+07
   16.8800   1.2388821E+07   1.2552071E+07   1.5268783E+07   1.5258017E+07   1.2349508E+07   1.2197044E+07   1.2427150E+07   1.2590647E+07   1.5306741E+07   1.5295693E+07   1.2382770E+07   1.2230340E+07
   16.8900   1.2393279E+07   1.2556880E+07   1.5273364E+07   1.5262237E+07   1.2347506E+07   1.2195052E+07   1.2431701E+07   1.2595568E+07   1.5311476E+07   1.5300051E+07   1.2380572E+07   1.2228151E+07
   16.9000   1.2397774E+07   1.2561717E+07   1.5277972E+07   1.5266493E+07   1.2345683E+07   1.2193240E+07   1.2436261E+07   1.2600487E+07   1.5316234E+07   1.5304443E+07   1.2378593E+07   1.2226178E+07
   16.9100   1.2402302E+07   1.2566579E+07   1.5282605E+07   1.5270780E+07   1.2344045E+07   1.2191612E+07   1.2440829E+07   1.2605403E+07   1.5321008E+07   1.5308864E+07   1.2376835E+07   1.2224426E+07
   16.9200   1.2406865E+07   1.2571466E+07   1.5287254E+07   1.5275094E+07   1.2342597E+07   1.2190175E+07   1.2445402E+07   1.2610313E+07   1.5325795E+07   1.5313309E+07   1.2375304E+07   1.2222899E+07
   16.9300   1.2411456E+07   1.2576373E+07   1.5291917E+07   1.5279430E+07   1.2341341E+07   1.2188930E+07   1.2449983E+07   1.2615219E+07   1.5330589E+07   1.5317773E+07   1.2374000E+07   1.2221599E+07
   16.9400   1.2416075E+07   1.2581297E+07   1.5296589E+07   1.5283785E+07   1.2340285E+07   1.2187886E+07   1.2454572E+07   1.2620121E+07   1.5335385E+07   1.5322253E+07   1.2372925E+07   1.2220527E+07
   16.9500   1.2420721E+07   1.2586237E+07   1.5301264E+07   1.5288153E+07   1.2339429E+07   1.2187042E+07   1.2459172E+07   1.2625022E+07   1.5340179E+07   1.5326742E+07   1.2372077E+07   1.2219683E+07
   16.9600   1.2425389E+07   1.2591189E+07   1.5305941E+07   1.5292533E+07   1.2338781E+07   1.2186408E+07   1.2463785E+07   1.2629924E+07   1.5344968E+07   1.5331238E+07   1.2371455E+07   1.2219065E+07
   16.9700   1.2430077E+07   1.2596149E+07   1.5310612E+07   1.5296918E+07   1.2338341E+07   1.2185981E+07   1.2468415E+07   1.2634829E+07   1.5349746E+07   1.5335735E+07   1.2371056E+07   1.2218671E+07
   16.9800   1.2434784E+07   1.2601116E+07   1.5315274E+07   1.5301305E+07   1.2338115E+07   1.2185771E+07   1.2473064E+07   1.2639742E+07   1.5354511E+07   1.5340230E+07   1.2370878E+07   1.2218499E+07
   16.9900   1.2439505E+07   1.2606085E+07   1.5319926E+07   1.5305693E+07   1.2338105E+07   1.2185776E+07   1.2477736E+07   1.2644665E+07   1.5359259E+07   1.5344719E+07   1.2370918E+07   1.2218546E+07
   17.0000   1.2444241E+07   1.2611056E+07   1.5324560E+07   1.5310075E+07   1.2338313E+07   1.2186001E+07   1.2482434E+07   1.2649601E+07   1.5363986E+07   1.5349199E+07   1.2371172E+07   1.2218810E+07
   17.0100   1.2448986E+07   1.2616025E+07   1.5329176E+07   1.5314450E+07   1.2338742E+07   1.2186447E+07   1.2487158E+07   1.2654551E+07   1.5368689E+07   1.5353665E+07   1.2371639E+07   1.2219289E+07
   17.0200   1.2453742E+07   1.2620990E+07   1.5333770E+07   1.5318815E+07   1.2339392E+07   1.2187116E+07   1.2491910E+07   1.2659516E+07   1.5373366E+07   1.5358114E+07   1.2372317E+07   1.2219981E+07
   17.0300   1.2458505E+07   1.2625949E+07   1.5338336E+07   1.5323165E+07   1.2340264E+07   1.2188008E+07   1.2496691E+07   1.2664497E+07   1.5378013E+07   1.5362544E+07   1.2373204E+07   1.2220884E+07
   17.0400   1.2463277E+07   1.2630905E+07   1.5342875E+07   1.5327500E+07   1.2341359E+07   1.2189124E+07   1.2501499E+07   1.2669492E+07   1.5382627E+07   1.5366952E+07   1.2374300E+07   1.2222000E+07
   17.0500   1.2468053E+07   1.2635850E+07   1.5347382E+07   1.5331814E+07   1.2342675E+07   1.2190462E+07   1.2506332E+07   1.2674499E+07   1.5387207E+07   1.5371336E+07   1.2375606E+07   1.2223327E+07
   17.0600   1.2472837E+07   1.2640790E+07   1.5351856E+07   1.5336109E+07   1.2344211E+07   1.2192022E+07   1.2511187E+07   1.2679515E+07   1.5391748E+07   1.5375692E+07   1.2377122E+07   1.2224868E+07
   17.0700   1.2477628E+07   1.2645723E+07   1.5356292E+07   1.5340376E+07   1.2345964E+07   1.2193801E+07   1.2516062E+07   1.2684536E+07   1.5396250E+07   1.5380019E+07   1.2378850E+07   1.2226623E+07
   17.0800   1.2482423E+07   1.2650647E+07   1.5360693E+07   1.5344621E+07   1.2347933E+07   1.2195797E+07   1.2520951E+07   1.2689559E+07   1.5400709E+07   1.5384315E+07   1.2380792E+07   1.2228594E+07
   17.0900   1.2487229E+07   1.2655569E+07   1.5365051E+07   1.5348834E+07   1.2350113E+07   1.2198007E+07   1.2525851E+07   1.2694578E+07   1.5405123E+07   1.5388578E+07   1.2382949E+07   1.2230783E+07
   17.1000   1.2492042E+07   1.2660484E+07   1.5369369E+07   1.5353018E+07   1.2352500E+07   1.2200425E+07   1.2530757E+07   1.2699589E+07   1.5409491E+07   1.5392806E+07   1.2385324E+07   1.2233192E+07
   17.1100   1.2496865E+07   1.2665396E+07   1.5373644E+07   1.5357170E+07   1.2355090E+07   1.2203049E+07   1.2535665E+07   1.2704588E+07   1.5413810E+07   1.5396998E+07   1.2387918E+07   1.2235822E+07
   17.1200   1.2501701E+07   1.2670307E+07   1.5377874E+07   1.5361288E+07   1.2357878E+07   1.2205873E+07   1.2540570E+07   1.2709570E+07   1.5418079E+07   1.5401153E+07   1.2390731E+07   1.2238673E+07
   17.1300   1.2506548E+07   1.2675217E+07   1.5382058E+07   1.5365371E+07   1.2360858E+07   1.2208892E+07   1.2545470E+07   1.2714532E+07   1.5422297E+07   1.5405269E+07   1.2393763E+07   1.2241744E+07
   17.1400   1.2511410E+07   1.2680130E+07   1.5386197E+07   1.5369417E+07   1.2364025E+07   1.2212100E+07   1.2550363E+07   1.2719472E+07   1.5426463E+07   1.5409345E+07   1.2397013E+07   1.2245036E+07
   17.1500   1.2516288E+07   1.2685046E+07   1.5390287E+07   1.5373425E+07   1.2367374E+07   1.2215493E+07   1.2555246E+07   1.2724389E+07   1.5430575E+07   1.5413381E+07   1.2400477E+07   1.2248543E+07
   17.1600   1.2521182E+07   1.2689966E+07   1.5394331E+07   1.5377395E+07   1.2370898E+07   1.2219064E+07   1.2560121E+07   1.2729282E+07   1.5434633E+07   1.5417374E+07   1.2404151E+07   1.2252262E+07
   17.1700   1.2526094E+07   1.2694892E+07   1.5398327E+07   1.5381325E+07   1.2374590E+07   1.2222807E+07   1.2564988E+07   1.2734154E+07   1.5438636E+07   1.5421325E+07   1.2408030E+07   1.2256188E+07
   17.1800   1.2531025E+07   1.2699826E+07   1.5402274E+07   1.5385216E+07   1.2378445E+07   1.2226716E+07   1.2569849E+07   1.2739007E+07   1.5442584E+07   1.5425233E+07   1.2412105E+07   1.2260312E+07
   17.1900   1.2535975E+07   1.2704769E+07   1.5406173E+07   1.5389066E+07   1.2382458E+07   1.2230785E+07   1.2574708E+07   1.2743844E+07   1.5446478E+07   1.5429097E+07   1.2416368E+07   1.2264626E+07
   17.2000   1.2540944E+07   1.2709719E+07   1.5410024E+07   1.5392876E+07   1.2386620E+07   1.2235006E+07   1.2579568E+07   1.2748671E+07   1.5450317E+07   1.5432916E+07   1.2420809E+07   1.2269120E+07
   17.2100   1.2545935E+07   1.2714680E+07   1.5413829E+07   1.5396646E+07   1.2390927E+07   1.2239377E+07   1.2584436E+07   1.2753493E+07   1.5454102E+07   1.5436690E+07   1.2425416E+07   1.2273783E+07
   17.2200   1.2550944E+07   1.2719651E+07   1.5417585E+07   1.5400376E+07   1.2395370E+07   1.2243886E+07   1.2589317E+07   1.2758317E+07   1.5457834E+07   1.5440419E+07   1.2430177E+07   1.2278604E+07
   17.2300   1.2555973E+07   1.2724631E+07   1.5421297E+07   1.5404066E+07   1.2399945E+07   1.2248530E+07   1.2594215E+07   1.2763148E+07   1.5461514E+07   1.5444104E+07   1.2435080E+07   1.2283569E+07
   17.2400   1.2561023E+07   1.2729623E+07   1.5424962E+07   1.5407716E+07   1.2404644E+07   1.2253302E+07   1.2599138E+07   1.2767994E+07   1.5465143E+07   1.5447743E+07   1.2440110E+07   1.2288667E+07
   17.2500   1.2566091E+07   1.2734624E+07   1.5428583E+07   1.5411328E+07   1.2409458E+07   1.2258192E+07   1.2604090E+07   1.2772860E+07   1.5468722E+07   1.5451338E+07   1.2445256E+07   1.2293883E+07
   17.2600   1.2571179E+07   1.2739637E+07   1.5432161E+07   1.5414902E+07   1.2414384E+07   1.2263197E+07   1.2609077E+07   1.2777753E+07   1.5472254E+07   1.5454889E+07   1.2450505E+07   1.2299206E+07
   17.2700   1.2576285E+07   1.2744661E+07   1.5435699E+07   1.5418440E+07   1.2419410E+07   1.2268305E+07   1.2614103E+07   1.2782677E+07   1.5475740E+07   1.5458397E+07   1.2455843E+07   1.2304623E+07
   17.2800   1.2581412E+07   1.2749698E+07   1.5439194E+07   1.5421941E+07   1.2424533E+07   1.2273512E+07   1.2619170E+07   1.2787635E+07   1.5479182E+07   1.5461864E+07   1.2461259E+07   1.2310123E+07
   17.2900   1.2586556E+07   1.2754745E+07   1.5442653E+07   1.5425408E+07   1.2429739E+07   1.2278805E+07   1.2624281E+07   1.2792632E+07   1.5482582E+07   1.5465290E+07   1.2466743E+07   1.2315695E+07
   17.3000   1.2591722E+07   1.2759808E+07   1.5446073E+07   1.5428841E+07   1.2435024E+07   1.2284181E+07   1.2629437E+07   1.2797667E+07   1.5485942E+07   1.5468678E+07   1.2472285E+07   1.2321329E+07
   17.3100   1.2596906E+07   1.2764883E+07   1.5449460E+07   1.5432243E+07   1.2440376E+07   1.2289626E+07   1.2634637E+07   1.2802743E+07   1.5489264E+07   1.5472028E+07   1.2477876E+07   1.2327016E+07
   17.3200   1.2602112E+07   1.2769976E+07   1.5452812E+07   1.5435612E+07   1.2445787E+07   1.2295133E+07   1.2639880E+07   1.2807857E+07   1.5492552E+07   1.5475344E+07   1.2483507E+07   1.2332749E+07
   17.3300   1.2607339E+07   1.2775084E+07   1.5456134E+07   1.5438954E+07   1.2451248E+07   1.2300693E+07   1.2645165E+07   1.2813008E+07   1.5495806E+07   1.5478626E+07   1.2489172E+07   1.2338518E+07
   17.3400   1.2612589E+07   1.2780213E+07   1.5459427E+07   1.5442267E+07   1.2456747E+07   1.2306293E+07   1.2650487E+07   1.2818194E+07   1.5499031E+07   1.5481878E+07   1.2494864E+07   1.2344319E+07
   17.3500   1.2617862E+07   1.2785361E+07   1.5462693E+07   1.5445554E+07   1.2462276E+07   1.2311926E+07   1.2655843E+07   1.2823411E+07   1.5502227E+07   1.5485101E+07   1.2500577E+07   1.2350144E+07
   17.3600   1.2623163E+07   1.2790534E+07   1.5465934E+07   1.5448816E+07   1.2467823E+07   1.2317580E+07   1.2661228E+07   1.2828656E+07   1.5505399E+07   1.5488299E+07   1.2506306E+07   1.2355987E+07
   17.3700   1.2628487E+07   1.2795729E+07   1.5469153E+07   1.5452054E+07   1.2473380E+07   1.2323246E+07   1.2666640E+07   1.2833924E+07   1.5508548E+07   1.5491473E+07   1.2512045E+07   1.2361844E+07
   17.3800   1.2633842E+07   1.2800953E+07   1.5472352E+07   1.5455271E+07   1.2478933E+07   1.2328911E+07   1.2672073E+07   1.2839213E+07   1.5511676E+07   1.5494627E+07   1.2517788E+07   1.2367706E+07
   17.3900   1.2639223E+07   1.2806203E+07   1.5475533E+07   1.5458467E+07   1.2484475E+07   1.2334568E+07   1.2677524E+07   1.2844519E+07   1.5514788E+07   1.5497762E+07   1.2523529E+07   1.2373569E+07
   17.4000   1.2644636E+07   1.2811485E+07   1.5478697E+07   1.5461644E+07   1.2489995E+07   1.2340205E+07   1.2682990E+07   1.2849839E+07   1.5517884E+07   1.5500880E+07   1.2529261E+07   1.2379424E+07
   17.4100   1.2650078E+07   1.2816798E+07   1.5481847E+07   1.5464804E+07   1.2495484E+07   1.2345814E+07   1.2688469E+07   1.2855172E+07   1.5520967E+07   1.5503985E+07   1.2534977E+07   1.2385265E+07
   17.4200   1.2655552E+07   1.2822144E+07   1.5484984E+07   1.5467947E+07   1.2500931E+07   1.2351384E+07   1.2693959E+07   1.2860516E+07   1.5524041E+07   1.5507077E+07   1.2540669E+07   1.2391083E+07
   17.4300   1.2661058E+07   1.2827523E+07   1.5488111E+07   1.5471076E+07   1.2506330E+07   1.2356908E+07   1.2699460E+07   1.2865873E+07   1.5527107E+07   1.5510159E+07   1.2546327E+07   1.2396869E+07
   17.4400   1.2666595E+07   1.2832935E+07   1.5491227E+07   1.5474189E+07   1.2511671E+07   1.2362376E+07   1.2704972E+07   1.2871243E+07   1.5530167E+07   1.5513233E+07   1.2551942E+07   1.2402612E+07
   17.4500   1.2672165E+07   1.2838384E+07   1.5494337E+07   1.5477290E+07   1.2516945E+07   1.2367780E+07   1.2710497E+07   1.2876629E+07   1.5533224E+07   1.5516300E+07   1.2557504E+07   1.2408303E+07
   17.4600   1.2677763E+07   1.2843864E+07   1.5497439E+07   1.5480378E+07   1.2522148E+07   1.2373115E+07   1.2716038E+07   1.2882033E+07   1.5536279E+07   1.5519360E+07   1.2563000E+07   1.2413930E+07
   17.4700   1.2683393E+07   1.2849379E+07   1.5500536E+07   1.5483454E+07   1.2527270E+07   1.2378372E+07   1.2721596E+07   1.2887460E+07   1.5539334E+07   1.5522416E+07   1.2568420E+07   1.2419481E+07
   17.4800   1.2689050E+07   1.2854926E+07   1.5503629E+07   1.5486520E+07   1.2532307E+07   1.2383545E+07   1.2727177E+07   1.2892913E+07   1.5542391E+07   1.5525467E+07   1.2573751E+07   1.2424946E+07
   17.4900   1.2694735E+07   1.2860506E+07   1.5506716E+07   1.5489575E+07   1.2537251E+07   1.2388628E+07   1.2732784E+07   1.2898398E+07   1.5545451E+07   1.5528513E+07   1.2578983E+07   1.2430313E+07
   17.5000   1.2700446E+07   1.2866116E+07   1.5509802E+07   1.5492620E+07   1.2542100E+07   1.2393617E+07   1.2738420E+07   1.2903918E+07   1.5548515E+07   1.5531556E+07   1.2584104E+07   1.2435570E+07
   17.5100   1.2706180E+07   1.2871755E+07   1.5512882E+07   1.5495653E+07   1.2546845E+07   1.2398504E+07   1.2744089E+07   1.2909477E+07   1.5551583E+07   1.5534595E+07   1.2589102E+07   1.2440707E+07
   17.5200   1.2711937E+07   1.2877421E+07   1.5515961E+07   1.5498678E+07   1.2551485E+07   1.2403289E+07   1.2749794E+07   1.2915079E+07   1.5554656E+07   1.5537630E+07   1.2593970E+07   1.2445715E+07
   17.5300   1.2717714E+07   1.2883114E+07   1.5519035E+07   1.5501691E+07   1.2556013E+07   1.2407962E+07   1.2755537E+07   1.2920728E+07   1.5557734E+07   1.5540660E+07   1.2598697E+07   1.2450586E+07
   17.5400   1.2723510E+07   1.2888831E+07   1.5522106E+07   1.5504693E+07   1.2560427E+07   1.2412524E+07   1.2761320E+07   1.2926424E+07   1.5560817E+07   1.5543684E+07   1.2603277E+07   1.2455311E+07
   17.5500   1.2729323E+07   1.2894571E+07   1.5525172E+07   1.5507683E+07   1.2564722E+07   1.2416968E+07   1.2767144E+07   1.2932169E+07   1.5563904E+07   1.5546701E+07   1.2607704E+07   1.2459886E+07
   17.5600   1.2735152E+07   1.2900333E+07   1.5528234E+07   1.5510661E+07   1.2568895E+07   1.2421291E+07   1.2773007E+07   1.2937962E+07   1.5566995E+07   1.5549711E+07   1.2611974E+07   1.2464306E+07
   17.5700   1.2740994E+07   1.2906114E+07   1.5531289E+07   1.5513624E+07   1.2572943E+07   1.2425491E+07   1.2778909E+07   1.2943802E+07   1.5570087E+07   1.5552711E+07   1.2616083E+07   1.2468569E+07
   17.5800   1.2746850E+07   1.2911916E+07   1.5534337E+07   1.5516572E+07   1.2576862E+07   1.2429564E+07   1.2784846E+07   1.2949685E+07   1.5573180E+07   1.5555702E+07   1.2620031E+07   1.2472672E+07
   17.5900   1.2752715E+07   1.2917734E+07   1.5537376E+07   1.5519504E+07   1.2580650E+07   1.2433506E+07   1.2790814E+07   1.2955609E+07   1.5576271E+07   1.5558680E+07   1.2623817E+07   1.2476616E+07
   17.6000   1.2758593E+07   1.2923570E+07   1.5540404E+07   1.5522416E+07   1.2584303E+07   1.2437316E+07   1.2796809E+07   1.2961567E+07   1.5579359E+07   1.5561645E+07   1.2627442E+07   1.2480401E+07
   17.6100   1.2764479E+07   1.2929421E+07   1.5543421E+07   1.5525309E+07   1.2587819E+07   1.2440990E+07   1.2802826E+07   1.2967555E+07   1.5582442E+07   1.5564593E+07   1.2630910E+07   1.2484031E+07
   17.6200   1.2770372E+07   1.2935286E+07   1.5546422E+07   1.5528179E+07   1.2591194E+07   1.2444525E+07   1.2808859E+07   1.2973566E+07   1.5585515E+07   1.5567524E+07   1.2634222E+07   1.2487507E+07
   17.6300   1.2776273E+07   1.2941165E+07   1.5549407E+07   1.5531024E+07   1.2594431E+07   1.2447923E+07   1.2814901E+07   1.2979595E+07   1.5588578E+07   1.5570435E+07   1.2637383E+07   1.2490834E+07
   17.6400   1.2782180E+07   1.2947057E+07   1.5552373E+07   1.5533841E+07   1.2597521E+07   1.2451177E+07   1.2820947E+07   1.2985634E+07   1.5591627E+07   1.5573324E+07   1.2640396E+07   1.2494014E+07
   17.6500   1.2788088E+07   1.2952957E+07   1.5555317E+07   1.5536629E+07   1.2600470E+07   1.2454291E+07   1.2826992E+07   1.2991678E+07   1.5594658E+07   1.5576187E+07   1.2643265E+07   1.2497051E+07
   17.6600   1.2794003E+07   1.2958869E+07   1.5558236E+07   1.5539383E+07   1.2603273E+07   1.2457261E+07   1.2833028E+07   1.2997721E+07   1.5597669E+07   1.5579022E+07   1.2645993E+07   1.2499949E+07
   17.6700   1.2799916E+07   1.2964785E+07   1.5561127E+07   1.5542102E+07   1.2605932E+07   1.2460089E+07   1.2839053E+07   1.3003757E+07   1.5600656E+07   1.5581826E+07   1.2648585E+07   1.2502710E+07
   17.6800   1.2805829E+07   1.2970707E+07   1.5563988E+07   1.5544782E+07   1.2608445E+07   1.2462773E+07   1.2845061E+07   1.3009783E+07   1.5603616E+07   1.5584597E+07   1.2651041E+07   1.2505338E+07
   17.6900   1.2811738E+07   1.2976631E+07   1.5566813E+07   1.5547418E+07   1.2610817E+07   1.2465318E+07   1.2851049E+07   1.3015794E+07   1.5606544E+07   1.5587329E+07   1.2653365E+07   1.2507834E+07
   17.7000   1.2817641E+07   1.2982554E+07   1.5569599E+07   1.5550008E+07   1.2613045E+07   1.2467722E+07   1.2857015E+07   1.3021788E+07   1.5609438E+07   1.5590021E+07   1.2655558E+07   1.2510200E+07
   17.7100   1.2823534E+07   1.2988472E+07   1.5572344E+07   1.5552550E+07   1.2615137E+07   1.2469990E+07   1.2862956E+07   1.3027762E+07   1.5612292E+07   1.5592669E+07   1.2657621E+07   1.2512437E+07
   17.7200   1.2829414E+07   1.2994383E+07   1.5575041E+07   1.5555037E+07   1.2617090E+07   1.2472123E+07   1.2868872E+07   1.3033715E+07   1.5615104E+07   1.5595267E+07   1.2659553E+07   1.2514546E+07
   17.7300   1.2835278E+07   1.3000280E+07   1.5577687E+07   1.5557467E+07   1.2618911E+07   1.2474127E+07   1.2874762E+07   1.3039647E+07   1.5617869E+07   1.5597813E+07   1.2661356E+07   1.2516525E+07
   17.7400   1.2841122E+07   1.3006162E+07   1.5580277E+07   1.5559836E+07   1.2620606E+07   1.2476005E+07   1.2880627E+07   1.3045557E+07   1.5620583E+07   1.5600302E+07   1.2663028E+07   1.2518376E+07
   17.7500   1.2846940E+07   1.3012021E+07   1.5582808E+07   1.5562139E+07   1.2622174E+07   1.2477760E+07   1.2886465E+07   1.3051445E+07   1.5623241E+07   1.5602730E+07   1.2664570E+07   1.2520099E+07
   17.7600   1.2852731E+07   1.3017855E+07   1.5585274E+07   1.5564372E+07   1.2623625E+07   1.2479400E+07   1.2892278E+07   1.3057311E+07   1.5625839E+07   1.5605091E+07   1.2665982E+07   1.2521694E+07
   17.7700   1.2858489E+07   1.3023659E+07   1.5587668E+07   1.5566529E+07   1.2624963E+07   1.2480928E+07   1.2898065E+07   1.3063154E+07   1.5628372E+07   1.5607382E+07   1.2667265E+07   1.2523162E+07
   17.7800   1.2864205E+07   1.3029423E+07   1.5589989E+07   1.5568609E+07   1.2626192E+07   1.2482350E+07   1.2903825E+07   1.3068974E+07   1.5630835E+07   1.5609598E+07   1.2668420E+07   1.2524505E+07
   17.7900   1.2869885E+07   1.3035151E+07   1.5592227E+07   1.5570603E+07   1.2627321E+07   1.2483675E+07   1.2909558E+07   1.3074768E+07   1.5633223E+07   1.5611732E+07   1.2669449E+07   1.2525725E+07
   17.8000   1.2875512E+07   1.3040827E+07   1.5594382E+07   1.5572512E+07   1.2628353E+07   1.2484904E+07   1.2915262E+07   1.3080536E+07   1.5635530E+07   1.5613781E+07   1.2670355E+07   1.2526825E+07
   17.8100   1.2881093E+07   1.3046456E+07   1.5596443E+07   1.5574324E+07   1.2629297E+07   1.2486047E+07   1.2920934E+07   1.3086274E+07   1.5637750E+07   1.5615739E+07   1.2671145E+07   1.2527811E+07
   17.8200   1.2886615E+07   1.3052026E+07   1.5598409E+07   1.5576040E+07   1.2630157E+07   1.2487110E+07   1.2926571E+07   1.3091976E+07   1.5639879E+07   1.5617601E+07   1.2671822E+07   1.2528689E+07
   17.8300   1.2892080E+07   1.3057537E+07   1.5600272E+07   1.5577652E+07   1.2630942E+07   1.2488099E+07   1.2932168E+07   1.3097639E+07   1.5641909E+07   1.5619362E+07   1.2672394E+07   1.2529465E+07
   17.8400   1.2897482E+07   1.3062982E+07   1.5602026E+07   1.5579156E+07   1.2631655E+07   1.2489019E+07   1.2937720E+07   1.3103257E+07   1.5643836E+07   1.5621015E+07   1.2672871E+07   1.2530149E+07
   17.8500   1.2902816E+07   1.3068358E+07   1.5603668E+07   1.5580546E+07   1.2632305E+07   1.2489878E+07   1.2943220E+07   1.3108821E+07   1.5645652E+07   1.5622556E+07   1.2673260E+07   1.2530748E+07
   17.8600   1.2908082E+07   1.3073662E+07   1.5605189E+07   1.5581817E+07   1.2632897E+07   1.2490682E+07   1.2948662E+07   1.3114325E+07   1.5647351E+07   1.5623980E+07   1.2673573E+07   1.2531275E+07
   17.8700   1.2913274E+07   1.3078887E+07   1.5606585E+07   1.5582964E+07   1.2633437E+07   1.2491438E+07   1.2954039E+07   1.3119760E+07   1.5648926E+07   1.5625279E+07   1.2673821E+07   1.2531739E+07
   17.8800   1.2918390E+07   1.3084032E+07   1.5607851E+07   1.5583983E+07   1.2633932E+07   1.2492150E+07   1.2959342E+07   1.3125118E+07   1.5650371E+07   1.5626451E+07   1.2674015E+07   1.2532153E+07
   17.8900   1.2923428E+07   1.3089093E+07   1.5608979E+07   1.5584868E+07   1.2634388E+07   1.2492827E+07   1.2964565E+07   1.3130390E+07   1.5651680E+07   1.5627487E+07   1.2674168E+07   1.2532528E+07
   17.9000   1.2928384E+07   1.3094066E+07   1.5609966E+07   1.5585613E+07   1.2634810E+07   1.2493472E+07   1.2969700E+07   1.3135567E+07   1.5652845E+07   1.5628384E+07   1.2674290E+07   1.2532876E+07
   17.9100   1.2933255E+07   1.3098949E+07   1.5610805E+07   1.5586214E+07   1.2635206E+07   1.2494096E+07   1.2974740E+07   1.3140642E+07   1.5653860E+07   1.5629135E+07   1.2674395E+07   1.2533208E+07
   17.9200   1.2938039E+07   1.3103736E+07   1.5611491E+07   1.5586665E+07   1.2635581E+07   1.2494700E+07   1.2979677E+07   1.3145607E+07   1.5654719E+07   1.5629736E+07   1.2674493E+07   1.2533536E+07
   17.9300   1.2942733E+07   1.3108426E+07   1.5612018E+07   1.5586962E+07   1.2635943E+07   1.2495297E+07   1.2984507E+07   1.3150456E+07   1.5655416E+07   1.5630180E+07   1.2674594E+07   1.2533871E+07
   17.9400   1.2947334E+07   1.3113014E+07   1.5612382E+07   1.5587101E+07   1.2636294E+07   1.2495885E+07   1.2989224E+07   1.3155182E+07   1.5655943E+07   1.5630463E+07   1.2674708E+07   1.2534221E+07
   17.9500   1.2951839E+07   1.3117497E+07   1.5612576E+07   1.5587076E+07   1.2636648E+07   1.2496480E+07   1.2993825E+07   1.3159780E+07   1.5656296E+07   1.5630579E+07   1.2674844E+07   1.2534595E+07
   17.9600   1.2956244E+07   1.3121870E+07   1.5612596E+07   1.5586882E+07   1.2637005E+07   1.2497081E+07   1.2998306E+07   1.3164248E+07   1.5656469E+07   1.5630523E+07   1.2675009E+07   1.2535001E+07
   17.9700   1.2960547E+07   1.3126131E+07   1.5612437E+07   1.5586517E+07   1.2637376E+07   1.2497701E+07   1.3002664E+07   1.3168581E+07   1.5656456E+07   1.5630290E+07   1.2675209E+07   1.2535446E+07
   17.9800   1.2964744E+07   1.3130274E+07   1.5612094E+07   1.5585975E+07   1.2637767E+07   1.2498344E+07   1.3006900E+07   1.3172779E+07   1.5656252E+07   1.5629876E+07   1.2675450E+07   1.2535935E+07
   17.9900   1.2968830E+07   1.3134296E+07   1.5611563E+07   1.5585252E+07   1.2638183E+07   1.2499016E+07   1.3011011E+07   1.3176840E+07   1.5655852E+07   1.5629276E+07   1.2675737E+07   1.2536472E+07
   18.0000   1.2972804E+07   1.3138192E+07   1.5610840E+07   1.5584346E+07   1.2638636E+07   1.2499729E+07   1.3014998E+07   1.3180763E+07   1.5655251E+07   1.5628484E+07   1.2676072E+07   1.2537062E+07
   18.0100   1.2976661E+07   1.3141959E+07   1.5609919E+07   1.5583251E+07   1.2639128E+07   1.2500484E+07   1.3018862E+07   1.3184549E+07   1.5654446E+07   1.5627499E+07   1.2676461E+07   1.2537708E+07
   18.0200   1.2980395E+07   1.3145590E+07   1.5608798E+07   1.5581966E+07   1.2639668E+07   1.2501292E+07   1.3022603E+07   1.3188197E+07   1.5653432E+07   1.5626314E+07   1.2676904E+07   1.2538414E+07
   18.0300   1.2984007E+07   1.3149085E+07   1.5607474E+07   1.5580488E+07   1.2640264E+07   1.2502159E+07   1.3026222E+07   1.3191709E+07   1.5652205E+07   1.5624927E+07   1.2677405E+07   1.2539181E+07
   18.0400   1.2987490E+07   1.3152436E+07   1.5605941E+07   1.5578811E+07   1.2640920E+07   1.2503090E+07   1.3029719E+07   1.3195084E+07   1.5650763E+07   1.5623335E+07   1.2677966E+07   1.2540014E+07
   18.0500   1.2990841E+07   1.3155640E+07   1.5604199E+07   1.5576938E+07   1.2641645E+07   1.2504093E+07   1.3033094E+07   1.3198322E+07   1.5649101E+07   1.5621535E+07   1.2678590E+07   1.2540913E+07
   18.0600   1.2994058E+07   1.3158694E+07   1.5602242E+07   1.5574861E+07   1.2642442E+07   1.2505172E+07   1.3036346E+07   1.3201421E+07   1.5647218E+07   1.5619524E+07   1.2679280E+07   1.2541884E+07
   18.0700   1.2997138E+07   1.3161596E+07   1.5600071E+07   1.5572582E+07   1.2643320E+07   1.2506336E+07   1.3039475E+07   1.3204381E+07   1.5645111E+07   1.5617300E+07   1.2680040E+07   1.2542930E+07
   18.0800   1.3000076E+07   1.3164339E+07   1.5597681E+07   1.5570097E+07   1.2644280E+07   1.2507585E+07   1.3042479E+07   1.3207200E+07   1.5642777E+07   1.5614860E+07   1.2680874E+07   1.2544054E+07
   18.0900   1.3002873E+07   1.3166925E+07   1.5595071E+07   1.5567406E+07   1.2645331E+07   1.2508929E+07   1.3045354E+07   1.3209874E+07   1.5640215E+07   1.5612205E+07   1.2681787E+07   1.2545262E+07
   18.1000   1.3005525E+07   1.3169349E+07   1.5592240E+07   1.5564506E+07   1.2646472E+07   1.2510366E+07   1.3048098E+07   1.3212400E+07   1.5637424E+07   1.5609332E+07   1.2682784E+07   1.2546558E+07
   18.1100   1.3008031E+07   1.3171610E+07   1.5589186E+07   1.5561397E+07   1.2647711E+07   1.2511904E+07   1.3050707E+07   1.3214773E+07   1.5634402E+07   1.5606241E+07   1.2683871E+07   1.2547948E+07
   18.1200   1.3010391E+07   1.3173707E+07   1.5585909E+07   1.5558080E+07   1.2649048E+07   1.2513544E+07   1.3053176E+07   1.3216988E+07   1.5631147E+07   1.5602931E+07   1.2685053E+07   1.2549439E+07
   18.1300   1.3012602E+07   1.3175638E+07   1.5582406E+07   1.5554551E+07   1.2650487E+07   1.2515289E+07   1.3055500E+07   1.3219041E+07   1.5627660E+07   1.5599403E+07   1.2686337E+07   1.2551035E+07
   18.1400   1.3014667E+07   1.3177405E+07   1.5578680E+07   1.5550812E+07   1.2652029E+07   1.2517140E+07   1.3057676E+07   1.3220927E+07   1.5623940E+07   1.5595657E+07   1.2687730E+07   1.2552744E+07
   18.1500   1.3016581E+07   1.3179004E+07   1.5574729E+07   1.5546863E+07   1.2653676E+07   1.2519100E+07   1.3059696E+07   1.3222639E+07   1.5619987E+07   1.5591692E+07   1.2689237E+07   1.2554571E+07
   18.1600   1.3018348E+07   1.3180438E+07   1.5570552E+07   1.5542703E+07   1.2655428E+07   1.2521169E+07   1.3061558E+07   1.3224173E+07   1.5615800E+07   1.5587511E+07   1.2690865E+07   1.2556521E+07
   18.1700   1.3019967E+07   1.3181706E+07   1.5566153E+07   1.5538335E+07   1.2657287E+07   1.2523347E+07   1.3063257E+07   1.3225526E+07   1.5611382E+07   1.5583113E+07   1.2692618E+07   1.2558599E+07
   18.1800   1.3021440E+07   1.3182810E+07   1.5561530E+07   1.5533758E+07   1.2659253E+07   1.2525636E+07   1.3064790E+07   1.3226693E+07   1.5606732E+07   1.5578500E+07   1.2694500E+07   1.2560809E+07
   18.1900   1.3022765E+07   1.3183748E+07   1.5556685E+07   1.5528972E+07   1.2661325E+07   1.2528034E+07   1.3066154E+07   1.3227672E+07   1.5601851E+07   1.5573674E+07   1.2696515E+07   1.2563154E+07
   18.2000   1.3023944E+07   1.3184524E+07   1.5551621E+07   1.5523982E+07   1.2663505E+07   1.2530543E+07   1.3067349E+07   1.3228461E+07   1.5596741E+07   1.5568636E+07   1.2698664E+07   1.2565636E+07
   18.2100   1.3024979E+07   1.3185138E+07   1.5546336E+07   1.5518786E+07   1.2665790E+07   1.2533161E+07   1.3068372E+07   1.3229061E+07   1.5591404E+07   1.5563389E+07   1.2700949E+07   1.2568256E+07
   18.2200   1.3025869E+07   1.3185589E+07   1.5540836E+07   1.5513388E+07   1.2668182E+07   1.2535889E+07   1.3069227E+07   1.3229471E+07   1.5585842E+07   1.5557933E+07   1.2703369E+07   1.2571012E+07
   18.2300   1.3026617E+07   1.3185881E+07   1.5535120E+07   1.5507789E+07   1.2670678E+07   1.2538724E+07   1.3069913E+07   1.3229695E+07   1.5580057E+07   1.5552271E+07   1.2705922E+07   1.2573905E+07
   18.2400   1.3027222E+07   1.3186013E+07   1.5529193E+07   1.5501993E+07   1.2673280E+07   1.2541667E+07   1.3070434E+07   1.3229735E+07   1.5574052E+07   1.5546406E+07   1.2708606E+07   1.2576930E+07
   18.2500   1.3027685E+07   1.3185986E+07   1.5523055E+07   1.5496000E+07   1.2675984E+07   1.2544716E+07   1.3070795E+07   1.3229595E+07   1.5567830E+07   1.5540340E+07   1.2711417E+07   1.2580084E+07
   18.2600   1.3028009E+07   1.3185804E+07   1.5516712E+07   1.5489815E+07   1.2678791E+07   1.2547871E+07   1.3070999E+07   1.3229282E+07   1.5561394E+07   1.5534076E+07   1.2714349E+07   1.2583361E+07
   18.2700   1.3028193E+07   1.3185465E+07   1.5510165E+07   1.5483440E+07   1.2681700E+07   1.2551130E+07   1.3071052E+07   1.3228800E+07   1.5554748E+07   1.5527617E+07   1.2717398E+07   1.2586758E+07
   18.2800   1.3028240E+07   1.3184974E+07   1.5503419E+07   1.5476879E+07   1.2684707E+07   1.2554490E+07   1.3070959E+07   1.3228155E+07   1.5547895E+07   1.5520966E+07   1.2720556E+07   1.2590267E+07
   18.2900   1.3028149E+07   1.3184329E+07   1.5496476E+07   1.5470135E+07   1.2687812E+07   1.2557950E+07   1.3070728E+07   1.3227355E+07   1.5540839E+07   1.5514125E+07   1.2723819E+07   1.2593882E+07
   18.3000   1.3027925E+07   1.3183535E+07   1.5489342E+07   1.5463213E+07   1.2691013E+07   1.2561510E+07   1.3070362E+07   1.3226405E+07   1.5533585E+07   1.5507100E+07   1.2727178E+07   1.2597598E+07
   18.3100   1.3027566E+07   1.3182591E+07   1.5482020E+07   1.5456116E+07   1.2694307E+07   1.2565163E+07   1.3069869E+07   1.3225312E+07   1.5526138E+07   1.5499893E+07   1.2730628E+07   1.2601406E+07
   18.3200   1.3027078E+07   1.3181503E+07   1.5474514E+07   1.5448846E+07   1.2697691E+07   1.2568910E+07   1.3069254E+07   1.3224082E+07   1.5518501E+07   1.5492508E+07   1.2734163E+07   1.2605303E+07
   18.3300   1.3026460E+07   1.3180271E+07   1.5466831E+07   1.5441412E+07   1.2701163E+07   1.2572745E+07   1.3068521E+07   1.3222721E+07   1.5510679E+07   1.5484951E+07   1.2737776E+07   1.2609281E+07
   18.3400   1.3025716E+07   1.3178900E+07   1.5458971E+07   1.5433814E+07   1.2704717E+07   1.2576666E+07   1.3067674E+07   1.3221232E+07   1.5502679E+07   1.5477224E+07   1.2741463E+07   1.2613335E+07
   18.3500   1.3024851E+07   1.3177394E+07   1.5450946E+07   1.5426061E+07   1.2708351E+07   1.2580668E+07   1.3066718E+07   1.3219620E+07   1.5494504E+07   1.5469334E+07   1.2745219E+07   1.2617462E+07
   18.3600   1.3023863E+07   1.3175753E+07   1.5442754E+07   1.5418153E+07   1.2712060E+07   1.2584747E+07   1.3065655E+07   1.3217890E+07   1.5486161E+07   1.5461285E+07   1.2749039E+07   1.2621656E+07
   18.3700   1.3022763E+07   1.3173986E+07   1.5434407E+07   1.5410100E+07   1.2715838E+07   1.2588897E+07   1.3064488E+07   1.3216042E+07   1.5477654E+07   1.5453083E+07   1.2752921E+07   1.2625914E+07
   18.3800   1.3021549E+07   1.3172095E+07   1.5425906E+07   1.5401902E+07   1.2719679E+07   1.2593112E+07   1.3063218E+07   1.3214081E+07   1.5468991E+07   1.5444732E+07   1.2756861E+07   1.2630232E+07
   18.3900   1.3020228E+07   1.3170086E+07   1.5417260E+07   1.5393569E+07   1.2723579E+07   1.2597386E+07   1.3061846E+07   1.3212006E+07   1.5460176E+07   1.5436239E+07   1.2760856E+07   1.2634607E+07
   18.4000   1.3018804E+07   1.3167963E+07   1.5408472E+07   1.5385103E+07   1.2727532E+07   1.2601716E+07   1.3060374E+07   1.3209821E+07   1.5451217E+07   1.5427610E+07   1.2764903E+07   1.2639037E+07
   18.4100   1.3017282E+07   1.3165733E+07   1.5399551E+07   1.5376513E+07   1.2731529E+07   1.2606090E+07   1.3058803E+07   1.3207527E+07   1.5442118E+07   1.5418850E+07   1.2769000E+07   1.2643519E+07
   18.4200   1.3015669E+07   1.3163402E+07   1.5390501E+07   1.5367800E+07   1.2735565E+07   1.2610506E+07   1.3057134E+07   1.3205124E+07   1.5432887E+07   1.5409967E+07   1.2773144E+07   1.2648049E+07
   18.4300   1.3013966E+07   1.3160974E+07   1.5381331E+07   1.5358975E+07   1.2739633E+07   1.2614955E+07   1.3055367E+07   1.3202616E+07   1.5423531E+07   1.5400965E+07   1.2777332E+07   1.2652623E+07
   18.4400   1.3012182E+07   1.3158457E+07   1.5372045E+07   1.5350039E+07   1.2743726E+07   1.2619431E+07   1.3053506E+07   1.3200004E+07   1.5414055E+07   1.5391852E+07   1.2781559E+07   1.2657238E+07
   18.4500   1.3010319E+07   1.3155854E+07   1.5362650E+07   1.5341000E+07   1.2747836E+07   1.2623924E+07   1.3051552E+07   1.3197292E+07   1.5404468E+07   1.5382635E+07   1.2785821E+07   1.2661888E+07
   18.4600   1.3008386E+07   1.3153176E+07   1.5353155E+07   1.5331866E+07   1.2751958E+07   1.2628432E+07   1.3049509E+07   1.3194483E+07   1.5394776E+07   1.5373319E+07   1.2790112E+07   1.2666569E+07
   18.4700   1.3006385E+07   1.3150423E+07   1.5343563E+07   1.5322638E+07   1.2756084E+07   1.2632944E+07   1.3047380E+07   1.3191583E+07   1.5384986E+07   1.5363912E+07   1.2794427E+07   1.2671273E+07
   18.4800   1.3004323E+07   1.3147606E+07   1.5333884E+07   1.5313327E+07   1.2760207E+07   1.2637455E+07   1.3045171E+07   1.3188596E+07   1.5375106E+07   1.5354420E+07   1.2798758E+07   1.2675993E+07
   18.4900   1.3002203E+07   1.3144726E+07   1.5324121E+07   1.5303935E+07   1.2764323E+07   1.2641959E+07   1.3042887E+07   1.3185530E+07   1.5365143E+07   1.5344850E+07   1.2803097E+07   1.2680722E+07
   18.5000   1.3000032E+07   1.3141792E+07   1.5314286E+07   1.5294473E+07   1.2768420E+07   1.2646447E+07   1.3040535E+07   1.3182391E+07   1.5355105E+07   1.5335208E+07   1.2807436E+07   1.2685451E+07
   18.5100   1.2997814E+07   1.3138808E+07   1.5304380E+07   1.5284942E+07   1.2772499E+07   1.2650917E+07   1.3038122E+07   1.3179188E+07   1.5344998E+07   1.5325500E+07   1.2811765E+07   1.2690170E+07
   18.5200   1.2995552E+07   1.3135779E+07   1.5294414E+07   1.5275351E+07   1.2776548E+07   1.2655358E+07   1.3035655E+07   1.3175930E+07   1.5334831E+07   1.5315734E+07   1.2816074E+07   1.2694870E+07
   18.5300   1.2993252E+07   1.3132710E+07   1.5284394E+07   1.5265706E+07   1.2780566E+07   1.2659769E+07   1.3033144E+07   1.3172625E+07   1.5324610E+07   1.5305915E+07   1.2820353E+07   1.2699539E+07
   18.5400   1.2990918E+07   1.3129607E+07   1.5274324E+07   1.5256011E+07   1.2784544E+07   1.2664141E+07   1.3030596E+07   1.3169284E+07   1.5314342E+07   1.5296050E+07   1.2824592E+07   1.2704170E+07
   18.5500   1.2988554E+07   1.3126474E+07   1.5264213E+07   1.5246275E+07   1.2788479E+07   1.2668470E+07   1.3028019E+07   1.3165915E+07   1.5304036E+07   1.5286144E+07   1.2828780E+07   1.2708750E+07
   18.5600   1.2986165E+07   1.3123316E+07   1.5254066E+07   1.5236502E+07   1.2792365E+07   1.2672752E+07   1.3025423E+07   1.3162528E+07   1.5293698E+07   1.5276205E+07   1.2832908E+07   1.2713271E+07
   18.5700   1.2983753E+07   1.3120138E+07   1.5243891E+07   1.5226699E+07   1.2796198E+07   1.2676979E+07   1.3022816E+07   1.3159131E+07   1.5283335E+07   1.5266237E+07   1.2836967E+07   1.2717723E+07
   18.5800   1.2981327E+07   1.3116946E+07   1.5233693E+07   1.5216870E+07   1.2799971E+07   1.2681149E+07   1.3020204E+07   1.3155733E+07   1.5272954E+07   1.5256247E+07   1.2840947E+07   1.2722099E+07
   18.5900   1.2978884E+07   1.3113740E+07   1.5223479E+07   1.5207022E+07   1.2803682E+07   1.2685255E+07   1.3017595E+07   1.3152342E+07   1.5262561E+07   1.5246240E+07   1.2844842E+07   1.2726390E+07
   18.6000   1.2976437E+07   1.3110533E+07   1.5213254E+07   1.5197161E+07   1.2807324E+07   1.2689294E+07   1.3014994E+07   1.3148964E+07   1.5252163E+07   1.5236223E+07   1.2848645E+07   1.2730589E+07
   18.6100   1.2973983E+07   1.3107323E+07   1.5203025E+07   1.5187291E+07   1.2810893E+07   1.2693260E+07   1.3012408E+07   1.3145606E+07   1.5241767E+07   1.5226201E+07   1.2852350E+07   1.2734692E+07
   18.6200   1.2971531E+07   1.3104120E+07   1.5192798E+07   1.5177419E+07   1.2814385E+07   1.2697149E+07   1.3009841E+07   1.3142272E+07   1.5231377E+07   1.5216179E+07   1.2855954E+07   1.2738694E+07
   18.6300   1.2969084E+07   1.3100926E+07   1.5182577E+07   1.5167548E+07   1.2817794E+07   1.2700955E+07   1.3007295E+07   1.3138966E+07   1.5221000E+07   1.5206163E+07   1.2859451E+07   1.2742591E+07
   18.6400   1.2966648E+07   1.3097748E+07   1.5172370E+07   1.5157685E+07   1.2821118E+07   1.2704677E+07   1.3004775E+07   1.3135693E+07   1.5210642E+07   1.5196158E+07   1.2862841E+07   1.2746382E+07
   18.6500   1.2964227E+07   1.3094591E+07   1.5162181E+07   1.5147835E+07   1.2824349E+07   1.2708305E+07   1.3002283E+07   1.3132454E+07   1.5200307E+07   1.5186168E+07   1.2866121E+07   1.2750063E+07
   18.6600   1.2961826E+07   1.3091460E+07   1.5152015E+07   1.5138001E+07   1.2827487E+07   1.2711841E+07   1.2999819E+07   1.3129251E+07   1.5190001E+07   1.5176200E+07   1.2869292E+07   1.2753635E+07
   18.6700   1.2959450E+07   1.3088361E+07   1.5141878E+07   1.5128190E+07   1.2830525E+07   1.2715276E+07   1.2997387E+07   1.3126088E+07   1.5179729E+07   1.5166258E+07   1.2872352E+07   1.2757097E+07
   18.6800   1.2957104E+07   1.3085300E+07   1.5131775E+07   1.5118404E+07   1.2833459E+07   1.2718608E+07   1.2994987E+07   1.3122964E+07   1.5169495E+07   1.5156346E+07   1.2875302E+07   1.2760449E+07
   18.6900   1.2954792E+07   1.3082280E+07   1.5121710E+07   1.5108649E+07   1.2836288E+07   1.2721836E+07   1.2992621E+07   1.3119882E+07   1.5159304E+07   1.5146469E+07   1.2878142E+07   1.2763690E+07
   18.7000   1.2952520E+07   1.3079308E+07   1.5111688E+07   1.5098929E+07   1.2839005E+07   1.2724951E+07   1.2990289E+07   1.3116844E+07   1.5149161E+07   1.5136632E+07   1.2880873E+07   1.2766822E+07
   18.7100   1.2950290E+07   1.3076387E+07   1.5101714E+07   1.5089248E+07   1.2841611E+07   1.2727956E+07   1.2987995E+07   1.3113851E+07   1.5139070E+07   1.5126838E+07   1.2883493E+07   1.2769844E+07
   18.7200   1.2948109E+07   1.3073523E+07   1.5091791E+07   1.5079609E+07   1.2844102E+07   1.2730845E+07   1.2985739E+07   1.3110905E+07   1.5129035E+07   1.5117092E+07   1.2886005E+07   1.2772756E+07
   18.7300   1.2945978E+07   1.3070719E+07   1.5081924E+07   1.5070016E+07   1.2846476E+07   1.2733618E+07   1.2983524E+07   1.3108010E+07   1.5119060E+07   1.5107398E+07   1.2888406E+07   1.2775557E+07
   18.7400   1.2943902E+07   1.3067979E+07   1.5072117E+07   1.5060473E+07   1.2848731E+07   1.2736273E+07   1.2981354E+07   1.3105169E+07   1.5109148E+07   1.5097758E+07   1.2890696E+07   1.2778247E+07
   18.7500   1.2941884E+07   1.3065307E+07   1.5062372E+07   1.5050983E+07   1.2850868E+07   1.2738810E+07   1.2979232E+07   1.3102386E+07   1.5099304E+07   1.5088177E+07   1.2892873E+07   1.2780823E+07
   18.7600   1.2939926E+07   1.3062705E+07   1.5052693E+07   1.5041549E+07   1.2852885E+07   1.2741226E+07   1.2977163E+07   1.3099665E+07   1.5089532E+07   1.5078658E+07   1.2894936E+07   1.2783284E+07
   18.7700   1.2938031E+07   1.3060175E+07   1.5043085E+07   1.5032175E+07   1.2854784E+07   1.2743526E+07   1.2975151E+07   1.3097011E+07   1.5079833E+07   1.5069203E+07   1.2896882E+07   1.2785628E+07
   18.7800   1.2936201E+07   1.3057721E+07   1.5033548E+07   1.5022863E+07   1.2856564E+07   1.2745705E+07   1.2973200E+07   1.3094429E+07   1.5070213E+07   1.5059816E+07   1.2898709E+07   1.2787854E+07
   18.7900   1.2934437E+07   1.3055344E+07   1.5024085E+07   1.5013614E+07   1.2858228E+07   1.2747770E+07   1.2971316E+07   1.3091925E+07   1.5060673E+07   1.5050499E+07   1.2900416E+07   1.2789957E+07
   18.8000   1.2932741E+07   1.3053044E+07   1.5014702E+07   1.5004435E+07   1.2859776E+07   1.2749718E+07   1.2969504E+07   1.3089504E+07   1.5051216E+07   1.5041255E+07   1.2901999E+07   1.2791938E+07
   18.8100   1.2931115E+07   1.3050824E+07   1.5005396E+07   1.4995322E+07   1.2861212E+07   1.2751554E+07   1.2967769E+07   1.3087171E+07   1.5041846E+07   1.5032086E+07   1.2903457E+07   1.2793793E+07
   18.8200   1.2929558E+07   1.3048685E+07   1.4996174E+07   1.4986284E+07   1.2862537E+07   1.2753279E+07   1.2966114E+07   1.3084930E+07   1.5032564E+07   1.5022993E+07   1.2904789E+07   1.2795523E+07
   18.8300   1.2928073E+07   1.3046626E+07   1.4987034E+07   1.4977317E+07   1.2863755E+07   1.2754897E+07   1.2964545E+07   1.3082785E+07   1.5023373E+07   1.5013979E+07   1.2905993E+07   1.2797126E+07
   18.8400   1.2926658E+07   1.3044648E+07   1.4977979E+07   1.4968426E+07   1.2864868E+07   1.2756410E+07   1.2963064E+07   1.3080741E+07   1.5014273E+07   1.5005045E+07   1.2907072E+07   1.2798602E+07
   18.8500   1.2925315E+07   1.3042752E+07   1.4969011E+07   1.4959612E+07   1.2865883E+07   1.2757824E+07   1.2961674E+07   1.3078799E+07   1.5005268E+07   1.4996192E+07   1.2908024E+07   1.2799954E+07
   18.8600   1.2924045E+07   1.3040938E+07   1.4960129E+07   1.4950875E+07   1.2866798E+07   1.2759139E+07   1.2960376E+07   1.3076962E+07   1.4996358E+07   1.4987423E+07   1.2908854E+07   1.2801183E+07
   18.8700   1.2922847E+07   1.3039207E+07   1.4951336E+07   1.4942217E+07   1.2867623E+07   1.2760362E+07   1.2959172E+07   1.3075229E+07   1.4987543E+07   1.4978738E+07   1.2909564E+07   1.2802293E+07
   18.8800   1.2921721E+07   1.3037558E+07   1.4942632E+07   1.4933639E+07   1.2868358E+07   1.2761495E+07   1.2958061E+07   1.3073600E+07   1.4978826E+07   1.4970138E+07   1.2910159E+07   1.2803288E+07
   18.8900   1.2920670E+07   1.3035992E+07   1.4934016E+07   1.4925140E+07   1.2869009E+07   1.2762544E+07   1.2957042E+07   1.3072075E+07   1.4970205E+07   1.4961624E+07   1.2910645E+07   1.2804175E+07
   18.9000   1.2919691E+07   1.3034507E+07   1.4925492E+07   1.4916724E+07   1.2869579E+07   1.2763512E+07   1.2956113E+07   1.3070650E+07   1.4961682E+07   1.4953196E+07   1.2911029E+07   1.2804959E+07
   18.9100   1.2918788E+07   1.3033107E+07   1.4917055E+07   1.4908387E+07   1.2870075E+07   1.2764405E+07   1.2955272E+07   1.3069323E+07   1.4953255E+07   1.4944855E+07   1.2911318E+07   1.2805648E+07
   18.9200   1.2917957E+07   1.3031788E+07   1.4908709E+07   1.4900133E+07   1.2870499E+07   1.2765225E+07   1.2954516E+07   1.3068091E+07   1.4944925E+07   1.4936601E+07   1.2911520E+07   1.2806251E+07
   18.9300   1.2917203E+07   1.3030554E+07   1.4900451E+07   1.4891960E+07   1.2870858E+07   1.2765981E+07   1.2953841E+07   1.3066950E+07   1.4936691E+07   1.4928433E+07   1.2911645E+07   1.2806776E+07
   18.9400   1.2916522E+07   1.3029401E+07   1.4892282E+07   1.4883867E+07   1.2871154E+07   1.2766673E+07   1.2953244E+07   1.3065895E+07   1.4928551E+07   1.4920352E+07   1.2911702E+07   1.2807233E+07
   18.9500   1.2915917E+07   1.3028331E+07   1.4884200E+07   1.4875855E+07   1.2871397E+07   1.2767312E+07   1.2952721E+07   1.3064922E+07   1.4920505E+07   1.4912357E+07   1.2911700E+07   1.2807630E+07
   18.9600   1.2915386E+07   1.3027343E+07   1.4876205E+07   1.4867922E+07   1.2871588E+07   1.2767898E+07   1.2952268E+07   1.3064027E+07   1.4912550E+07   1.4904447E+07   1.2911650E+07   1.2807978E+07
   18.9700   1.2914929E+07   1.3026436E+07   1.4868296E+07   1.4860069E+07   1.2871737E+07   1.2768442E+07   1.2951883E+07   1.3063206E+07   1.4904686E+07   1.4896621E+07   1.2911560E+07   1.2808285E+07
   18.9800   1.2914547E+07   1.3025610E+07   1.4860472E+07   1.4852293E+07   1.2871844E+07   1.2768944E+07   1.2951562E+07   1.3062456E+07   1.4896911E+07   1.4888878E+07   1.2911439E+07   1.2808561E+07
   18.9900   1.2914236E+07   1.3024862E+07   1.4852730E+07   1.4844595E+07   1.2871923E+07   1.2769417E+07   1.2951303E+07   1.3061775E+07   1.4889222E+07   1.4881218E+07   1.2911296E+07   1.2808813E+07
   19.0000   1.2914000E+07   1.3024194E+07   1.4845071E+07   1.4836973E+07   1.2871974E+07   1.2769862E+07   1.2951104E+07   1.3061159E+07   1.4881618E+07   1.4873638E+07   1.2911139E+07   1.2809051E+07
   19.0100   1.2913832E+07   1.3023600E+07   1.4837490E+07   1.4829426E+07   1.2872008E+07   1.2770290E+07   1.2950965E+07   1.3060607E+07   1.4874097E+07   1.4866137E+07   1.2910976E+07   1.2809280E+07
   19.0200   1.2913736E+07   1.3023082E+07   1.4829989E+07   1.4821954E+07   1.2872030E+07   1.2770706E+07   1.2950885E+07   1.3060118E+07   1.4866656E+07   1.4858713E+07   1.2910813E+07   1.2809509E+07
   19.0300   1.2913704E+07   1.3022633E+07   1.4822563E+07   1.4814552E+07   1.2872050E+07   1.2771119E+07   1.2950863E+07   1.3059691E+07   1.4859293E+07   1.4851364E+07   1.2910656E+07   1.2809743E+07
   19.0400   1.2913740E+07   1.3022255E+07   1.4815213E+07   1.4807222E+07   1.2872073E+07   1.2771535E+07   1.2950900E+07   1.3059327E+07   1.4852006E+07   1.4844088E+07   1.2910511E+07   1.2809989E+07
   19.0500   1.2913838E+07   1.3021942E+07   1.4807934E+07   1.4799962E+07   1.2872108E+07   1.2771963E+07   1.2950997E+07   1.3059026E+07   1.4844792E+07   1.4836884E+07   1.2910385E+07   1.2810252E+07
   19.0600   1.2913995E+07   1.3021692E+07   1.4800725E+07   1.4792769E+07   1.2872165E+07   1.2772412E+07   1.2951153E+07   1.3058787E+07   1.4837650E+07   1.4829748E+07   1.2910281E+07   1.2810537E+07
   19.0700   1.2914212E+07   1.3021504E+07   1.4793585E+07   1.4785643E+07   1.2872248E+07   1.2772887E+07   1.2951371E+07   1.3058612E+07   1.4830576E+07   1.4822679E+07   1.2910206E+07   1.2810850E+07
   19.0800   1.2914482E+07   1.3021370E+07   1.4786511E+07   1.4778582E+07   1.2872370E+07   1.2773400E+07   1.2951650E+07   1.3058500E+07   1.4823568E+07   1.4815675E+07   1.2910163E+07   1.2811197E+07
   19.0900   1.2914806E+07   1.3021291E+07   1.4779500E+07   1.4771584E+07   1.2872535E+07   1.2773955E+07   1.2951991E+07   1.3058450E+07   1.4816625E+07   1.4808734E+07   1.2910160E+07   1.2811581E+07
   19.1000   1.2915177E+07   1.3021260E+07   1.4772551E+07   1.4764648E+07   1.2872754E+07   1.2774564E+07   1.2952394E+07   1.3058464E+07   1.4809742E+07   1.4801852E+07   1.2910201E+07   1.2812011E+07
   19.1100   1.2915595E+07   1.3021276E+07   1.4765661E+07   1.4757772E+07   1.2873034E+07   1.2775233E+07   1.2952856E+07   1.3058538E+07   1.4802919E+07   1.4795030E+07   1.2910293E+07   1.2812491E+07
   19.1200   1.2916057E+07   1.3021335E+07   1.4758828E+07   1.4750954E+07   1.2873381E+07   1.2775968E+07   1.2953378E+07   1.3058671E+07   1.4796152E+07   1.4788264E+07   1.2910442E+07   1.2813029E+07
   19.1300   1.2916558E+07   1.3021433E+07   1.4752052E+07   1.4744195E+07   1.2873805E+07   1.2776779E+07   1.2953957E+07   1.3058860E+07   1.4789439E+07   1.4781552E+07   1.2910656E+07   1.2813632E+07
   19.1400   1.2917099E+07   1.3021568E+07   1.4745327E+07   1.4737489E+07   1.2874312E+07   1.2777672E+07   1.2954589E+07   1.3059102E+07   1.4782778E+07   1.4774893E+07   1.2910943E+07   1.2814307E+07
   19.1500   1.2917674E+07   1.3021737E+07   1.4738655E+07   1.4730840E+07   1.2874908E+07   1.2778654E+07   1.2955271E+07   1.3059392E+07   1.4776167E+07   1.4768286E+07   1.2911311E+07   1.2815064E+07
   19.1600   1.2918284E+07   1.3021937E+07   1.4732030E+07   1.4724241E+07   1.2875600E+07   1.2779730E+07   1.2955999E+07   1.3059726E+07   1.4769603E+07   1.4761728E+07   1.2911769E+07   1.2815910E+07
   19.1700   1.2918923E+07   1.3022163E+07   1.4725456E+07   1.4717697E+07   1.2876396E+07   1.2780908E+07   1.2956767E+07   1.3060097E+07   1.4763084E+07   1.4755218E+07   1.2912325E+07   1.2816854E+07
   19.1800   1.2919594E+07   1.3022418E+07   1.4718924E+07   1.4711199E+07   1.2877298E+07   1.2782192E+07   1.2957571E+07   1.3060500E+07   1.4756608E+07   1.4748756E+07   1.2912990E+07   1.2817906E+07
   19.1900   1.2920289E+07   1.3022695E+07   1.4712439E+07   1.4704753E+07   1.2878314E+07   1.2783588E+07   1.2958404E+07   1.3060930E+07   1.4750173E+07   1.4742340E+07   1.2913772E+07   1.2819074E+07
   19.2000   1.2921012E+07   1.3022994E+07   1.4705994E+07   1.4698353E+07   1.2879449E+07   1.2785103E+07   1.2959262E+07   1.3061378E+07   1.4743777E+07   1.4735969E+07   1.2914681E+07   1.2820368E+07
   19.2100   1.2921758E+07   1.3023313E+07   1.4699592E+07   1.4692001E+07   1.2880705E+07   1.2786738E+07   1.2960138E+07   1.3061841E+07   1.4737419E+07   1.4729641E+07   1.2915725E+07   1.2821795E+07
   19.2200   1.2922526E+07   1.3023649E+07   1.4693229E+07   1.4685693E+07   1.2882091E+07   1.2788500E+07   1.2961028E+07   1.3062311E+07   1.4731097E+07   1.4723357E+07   1.2916912E+07   1.2823364E+07
   19.2300   1.2923314E+07   1.3024001E+07   1.4686906E+07   1.4679432E+07   1.2883607E+07   1.2790392E+07   1.2961927E+07   1.3062784E+07   1.4724809E+07   1.4717115E+07   1.2918250E+07   1.2825083E+07
   19.2400   1.2924122E+07   1.3024367E+07   1.4680617E+07   1.4673211E+07   1.2885261E+07   1.2792419E+07   1.2962830E+07   1.3063256E+07   1.4718555E+07   1.4710915E+07   1.2919745E+07   1.2826956E+07
   19.2500   1.2924946E+07   1.3024744E+07   1.4674367E+07   1.4667037E+07   1.2887052E+07   1.2794583E+07   1.2963734E+07   1.3063721E+07   1.4712332E+07   1.4704756E+07   1.2921404E+07   1.2828991E+07
   19.2600   1.2925787E+07   1.3025131E+07   1.4668151E+07   1.4660902E+07   1.2888989E+07   1.2796891E+07   1.2964637E+07   1.3064178E+07   1.4706141E+07   1.4698638E+07   1.2923230E+07   1.2831191E+07
   19.2700   1.2926641E+07   1.3025527E+07   1.4661971E+07   1.4654812E+07   1.2891070E+07   1.2799342E+07   1.2965536E+07   1.3064624E+07   1.4699980E+07   1.4692559E+07   1.2925228E+07   1.2833560E+07
   19.2800   1.2927507E+07   1.3025928E+07   1.4655823E+07   1.4648761E+07   1.2893302E+07   1.2801942E+07   1.2966430E+07   1.3065057E+07   1.4693849E+07   1.4686521E+07   1.2927399E+07   1.2836100E+07
   19.2900   1.2928383E+07   1.3026333E+07   1.4649710E+07   1.4642754E+07   1.2895688E+07   1.2804694E+07   1.2967319E+07   1.3065477E+07   1.4687747E+07   1.4680521E+07   1.2929746E+07   1.2838814E+07
   19.3000   1.2929267E+07   1.3026740E+07   1.4643629E+07   1.4636786E+07   1.2898228E+07   1.2807598E+07   1.2968202E+07   1.3065885E+07   1.4681674E+07   1.4674560E+07   1.2932269E+07   1.2841701E+07
   19.3100   1.2930158E+07   1.3027147E+07   1.4637581E+07   1.4630859E+07   1.2900927E+07   1.2810660E+07   1.2969082E+07   1.3066281E+07   1.4675630E+07   1.4668638E+07   1.2934968E+07   1.2844761E+07
   19.3200   1.2931054E+07   1.3027552E+07   1.4631565E+07   1.4624974E+07   1.2903787E+07   1.2813881E+07   1.2969958E+07   1.3066665E+07   1.4669614E+07   1.4662754E+07   1.2937842E+07   1.2847995E+07
   19.3300   1.2931952E+07   1.3027953E+07   1.4625581E+07   1.4619129E+07   1.2906807E+07   1.2817259E+07   1.2970832E+07   1.3067041E+07   1.4663626E+07   1.4656909E+07   1.2940890E+07   1.2851400E+07
   19.3400   1.2932851E+07   1.3028348E+07   1.4619630E+07   1.4613327E+07   1.2909994E+07   1.2820803E+07   1.2971706E+07   1.3067408E+07   1.4657668E+07   1.4651102E+07   1.2944110E+07   1.2854975E+07
   19.3500   1.2933751E+07   1.3028737E+07   1.4613712E+07   1.4607566E+07   1.2913344E+07   1.2824507E+07   1.2972581E+07   1.3067770E+07   1.4651739E+07   1.4645334E+07   1.2947500E+07   1.2858719E+07
   19.3600   1.2934648E+07   1.3029116E+07   1.4607826E+07   1.4601847E+07   1.2916862E+07   1.2828377E+07   1.2973459E+07   1.3068127E+07   1.4645839E+07   1.4639604E+07   1.2951058E+07   1.2862628E+07
   19.3700   1.2935543E+07   1.3029486E+07   1.4601975E+07   1.4596172E+07   1.2920545E+07   1.2832409E+07   1.2974340E+07   1.3068480E+07   1.4639970E+07   1.4633914E+07   1.2954783E+07   1.2866702E+07
   19.3800   1.2936434E+07   1.3029845E+07   1.4596156E+07   1.4590539E+07   1.2924396E+07   1.2836606E+07   1.2975226E+07   1.3068831E+07   1.4634131E+07   1.4628263E+07   1.2958672E+07   1.2870939E+07
   19.3900   1.2937320E+07   1.3030193E+07   1.4590374E+07   1.4584951E+07   1.2928410E+07   1.2840964E+07   1.2976117E+07   1.3069180E+07   1.4628324E+07   1.4622653E+07   1.2962725E+07   1.2875337E+07
   19.4000   1.2938202E+07   1.3030530E+07   1.4584627E+07   1.4579408E+07   1.2932590E+07   1.2845486E+07   1.2977012E+07   1.3069526E+07   1.4622550E+07   1.4617084E+07   1.2966939E+07   1.2879894E+07
   19.4100   1.2939079E+07   1.3030855E+07   1.4578918E+07   1.4573913E+07   1.2936931E+07   1.2850165E+07   1.2977910E+07   1.3069869E+07   1.4616809E+07   1.4611558E+07   1.2971314E+07   1.2884611E+07
   19.4200   1.2939951E+07   1.3031169E+07   1.4573246E+07   1.4568463E+07   1.2941432E+07   1.2855002E+07   1.2978811E+07   1.3070209E+07   1.4611103E+07   1.4606075E+07   1.2975849E+07   1.2889485E+07
   19.4300   1.2940818E+07   1.3031473E+07   1.4567615E+07   1.4563064E+07   1.2946091E+07   1.2859993E+07   1.2979713E+07   1.3070542E+07   1.4605433E+07   1.4600636E+07   1.2980543E+07   1.2894516E+07
   19.4400   1.2941684E+07   1.3031769E+07   1.4562024E+07   1.4557713E+07   1.2950902E+07   1.2865134E+07   1.2980614E+07   1.3070869E+07   1.4599800E+07   1.4595244E+07   1.2985396E+07   1.2899702E+07
   19.4500   1.2942545E+07   1.3032055E+07   1.4556477E+07   1.4552414E+07   1.2955863E+07   1.2870423E+07   1.2981513E+07   1.3071187E+07   1.4594206E+07   1.4589899E+07   1.2990406E+07   1.2905043E+07
   19.4600   1.2943406E+07   1.3032335E+07   1.4550975E+07   1.4547168E+07   1.2960968E+07   1.2875852E+07   1.2982407E+07   1.3071495E+07   1.4588653E+07   1.4584604E+07   1.2995571E+07   1.2910538E+07
   19.4700   1.2944268E+07   1.3032612E+07   1.4545519E+07   1.4541977E+07   1.2966214E+07   1.2881419E+07   1.2983295E+07   1.3071791E+07   1.4583142E+07   1.4579361E+07   1.3000891E+07   1.2916183E+07
   19.4800   1.2945130E+07   1.3032885E+07   1.4540112E+07   1.4536841E+07   1.2971593E+07   1.2887117E+07   1.2984175E+07   1.3072074E+07   1.4577675E+07   1.4574170E+07   1.3006364E+07   1.2921978E+07
   19.4900   1.2945997E+07   1.3033159E+07   1.4534756E+07   1.4531764E+07   1.2977102E+07   1.2892941E+07   1.2985047E+07   1.3072343E+07   1.4572256E+07   1.4569035E+07   1.3011984E+07   1.2927917E+07
   19.5000   1.2946868E+07   1.3033432E+07   1.4529453E+07   1.4526745E+07   1.2982735E+07   1.2898886E+07   1.2985910E+07   1.3072598E+07   1.4566885E+07   1.4563957E+07   1.3017750E+07   1.2933998E+07
   19.5100   1.2947747E+07   1.3033711E+07   1.4524207E+07   1.4521790E+07   1.2988483E+07   1.2904944E+07   1.2986765E+07   1.3072840E+07   1.4561566E+07   1.4558939E+07   1.3023656E+07   1.2940216E+07
   19.5200   1.2948633E+07   1.3033994E+07   1.4519016E+07   1.4516895E+07   1.2994343E+07   1.2911111E+07   1.2987611E+07   1.3073070E+07   1.4556301E+07   1.4553983E+07   1.3029696E+07   1.2946564E+07
   19.5300   1.2949530E+07   1.3034287E+07   1.4513889E+07   1.4512070E+07   1.3000307E+07   1.2917378E+07   1.2988452E+07   1.3073291E+07   1.4551094E+07   1.4549091E+07   1.3035863E+07   1.2953035E+07
   19.5400   1.2950439E+07   1.3034590E+07   1.4508822E+07   1.4507309E+07   1.3006369E+07   1.2923740E+07   1.2989289E+07   1.3073506E+07   1.4545946E+07   1.4544266E+07   1.3042150E+07   1.2959622E+07
   19.5500   1.2951361E+07   1.3034904E+07   1.4503822E+07   1.4502619E+07   1.3012520E+07   1.2930190E+07   1.2990126E+07   1.3073717E+07   1.4540861E+07   1.4539510E+07   1.3048547E+07   1.2966316E+07
   19.5600   1.2952299E+07   1.3035234E+07   1.4498890E+07   1.4498001E+07   1.3018756E+07   1.2936720E+07   1.2990966E+07   1.3073931E+07   1.4535842E+07   1.4534825E+07   1.3055046E+07   1.2973107E+07
   19.5700   1.2953254E+07   1.3035580E+07   1.4494029E+07   1.4493457E+07   1.3025070E+07   1.2943325E+07   1.2991813E+07   1.3074150E+07   1.4530893E+07   1.4530215E+07   1.3061635E+07   1.2979986E+07
   19.5800   1.2954225E+07   1.3035944E+07   1.4489242E+07   1.4488990E+07   1.3031452E+07   1.2949995E+07   1.2992672E+07   1.3074381E+07   1.4526016E+07   1.4525680E+07   1.3068304E+07   1.2986941E+07
   19.5900   1.2955218E+07   1.3036329E+07   1.4484532E+07   1.4484602E+07   1.3037898E+07   1.2956726E+07   1.2993548E+07   1.3074630E+07   1.4521215E+07   1.4521224E+07   1.3075042E+07   1.2993961E+07
   19.6000   1.2956231E+07   1.3036736E+07   1.4479901E+07   1.4480295E+07   1.3044398E+07   1.2963508E+07   1.2994445E+07   1.3074901E+07   1.4516494E+07   1.4516849E+07   1.3081838E+07   1.3001036E+07
   19.6100   1.2957266E+07   1.3037168E+07   1.4475352E+07   1.4476071E+07   1.3050946E+07   1.2970335E+07   1.2995369E+07   1.3075201E+07   1.4511855E+07   1.4512558E+07   1.3088680E+07   1.3008155E+07
   19.6200   1.2958326E+07   1.3037627E+07   1.4470890E+07   1.4471934E+07   1.3057535E+07   1.2977199E+07   1.2996323E+07   1.3075534E+07   1.4507302E+07   1.4508353E+07   1.3095557E+07   1.3015305E+07
   19.6300   1.2959413E+07   1.3038116E+07   1.4466512E+07   1.4467883E+07   1.3064156E+07   1.2984092E+07   1.2997311E+07   1.3075905E+07   1.4502838E+07   1.4504236E+07   1.3102459E+07   1.3022477E+07
   19.6400   1.2960527E+07   1.3038636E+07   1.4462229E+07   1.4463925E+07   1.3070799E+07   1.2991004E+07   1.2998339E+07   1.3076319E+07   1.4498466E+07   1.4500210E+07   1.3109374E+07   1.3029661E+07
   19.6500   1.2961671E+07   1.3039190E+07   1.4458037E+07   1.4460058E+07   1.3077461E+07   1.2997931E+07   1.2999407E+07   1.3076780E+07   1.4494190E+07   1.4496277E+07   1.3116294E+07   1.3036845E+07
   19.6600   1.2962848E+07   1.3039782E+07   1.4453942E+07   1.4456286E+07   1.3084127E+07   1.3004859E+07   1.3000520E+07   1.3077290E+07   1.4490012E+07   1.4492439E+07   1.3123209E+07   1.3044022E+07
   19.6700   1.2964058E+07   1.3040413E+07   1.4449946E+07   1.4452610E+07   1.3090794E+07   1.3011785E+07   1.3001679E+07   1.3077853E+07   1.4485936E+07   1.4488700E+07   1.3130110E+07   1.3051183E+07
   19.6800   1.2965307E+07   1.3041088E+07   1.4446052E+07   1.4449034E+07   1.3097450E+07   1.3018696E+07   1.3002886E+07   1.3078471E+07   1.4481964E+07   1.4485061E+07   1.3136990E+07   1.3058319E+07
   19.6900   1.2966594E+07   1.3041809E+07   1.4442261E+07   1.4445558E+07   1.3104087E+07   1.3025585E+07   1.3004141E+07   1.3079144E+07   1.4478099E+07   1.4481524E+07   1.3143840E+07   1.3065423E+07
   19.7000   1.2967924E+07   1.3042580E+07   1.4438579E+07   1.4442186E+07   1.3110695E+07   1.3032442E+07   1.3005446E+07   1.3079875E+07   1.4474343E+07   1.4478092E+07   1.3150654E+07   1.3072487E+07
   19.7100   1.2969298E+07   1.3043403E+07   1.4435004E+07   1.4438917E+07   1.3117266E+07   1.3039259E+07   1.3006800E+07   1.3080664E+07   1.4470700E+07   1.4474767E+07   1.3157424E+07   1.3079505E+07
   19.7200   1.2970721E+07   1.3044284E+07   1.4431543E+07   1.4435756E+07   1.3123791E+07   1.3046026E+07   1.3008204E+07   1.3081511E+07   1.4467172E+07   1.4471551E+07   1.3164145E+07   1.3086470E+07
   19.7300   1.2972194E+07   1.3045223E+07   1.4428195E+07   1.4432702E+07   1.3130259E+07   1.3052733E+07   1.3009659E+07   1.3082418E+07   1.4463760E+07   1.4468445E+07   1.3170809E+07   1.3093376E+07
   19.7400   1.2973720E+07   1.3046226E+07   1.4424965E+07   1.4429759E+07   1.3136663E+07   1.3059374E+07   1.3011163E+07   1.3083384E+07   1.4460468E+07   1.4465452E+07   1.3177411E+07   1.3100215E+07
   19.7500   1.2975303E+07   1.3047295E+07   1.4421851E+07   1.4426925E+07   1.3142992E+07   1.3065936E+07   1.3012717E+07   1.3084412E+07   1.4457297E+07   1.4462574E+07   1.3183943E+07   1.3106981E+07
   19.7600   1.2976942E+07   1.3048433E+07   1.4418861E+07   1.4424207E+07   1.3149239E+07   1.3072414E+07   1.3014323E+07   1.3085502E+07   1.4454249E+07   1.4459812E+07   1.3190398E+07   1.3113668E+07
   19.7700   1.2978644E+07   1.3049643E+07   1.4415992E+07   1.4421600E+07   1.3155394E+07   1.3078797E+07   1.3015982E+07   1.3086655E+07   1.4451327E+07   1.4457167E+07   1.3196770E+07   1.3120267E+07
   19.7800   1.2980407E+07   1.3050929E+07   1.4413248E+07   1.4419110E+07   1.3161449E+07   1.3085077E+07   1.3017694E+07   1.3087874E+07   1.4448532E+07   1.4454640E+07   1.3203049E+07   1.3126771E+07
   19.7900   1.2982236E+07   1.3052291E+07   1.4410631E+07   1.4416736E+07   1.3167398E+07   1.3091248E+07   1.3019462E+07   1.3089162E+07   1.4445865E+07   1.4452234E+07   1.3209229E+07   1.3133171E+07
   19.8000   1.2984131E+07   1.3053733E+07   1.4408140E+07   1.4414479E+07   1.3173230E+07   1.3097299E+07   1.3021289E+07   1.3090520E+07   1.4443330E+07   1.4449949E+07   1.3215301E+07   1.3139460E+07
   19.8100   1.2986092E+07   1.3055255E+07   1.4405780E+07   1.4412342E+07   1.3178941E+07   1.3103226E+07   1.3023176E+07   1.3091954E+07   1.4440927E+07   1.4447787E+07   1.3221255E+07   1.3145628E+07
   19.8200   1.2988124E+07   1.3056862E+07   1.4403549E+07   1.4410322E+07   1.3184520E+07   1.3109020E+07   1.3025128E+07   1.3093465E+07   1.4438657E+07   1.4445747E+07   1.3227082E+07   1.3151666E+07
   19.8300   1.2990224E+07   1.3058550E+07   1.4401450E+07   1.4408423E+07   1.3189965E+07   1.3114676E+07   1.3027148E+07   1.3095059E+07   1.4436523E+07   1.4443831E+07   1.3232773E+07   1.3157565E+07
   19.8400   1.2992396E+07   1.3060326E+07   1.4399485E+07   1.4406645E+07   1.3195267E+07   1.3120186E+07   1.3029238E+07   1.3096738E+07   1.4434526E+07   1.4442038E+07   1.3238318E+07   1.3163315E+07
   19.8500   1.2994636E+07   1.3062185E+07   1.4397650E+07   1.4404986E+07   1.3200420E+07   1.3125546E+07   1.3031403E+07   1.3098508E+07   1.4432666E+07   1.4440371E+07   1.3243709E+07   1.3168909E+07
   19.8600   1.2996949E+07   1.3064132E+07   1.4395952E+07   1.4403450E+07   1.3205421E+07   1.3130750E+07   1.3033645E+07   1.3100372E+07   1.4430944E+07   1.4438828E+07   1.3248936E+07   1.3174335E+07
   19.8700   1.2999331E+07   1.3066164E+07   1.4394386E+07   1.4402033E+07   1.3210261E+07   1.3135790E+07   1.3035968E+07   1.3102333E+07   1.4429362E+07   1.4437410E+07   1.3253990E+07   1.3179587E+07
   19.8800   1.3001783E+07   1.3068283E+07   1.4392956E+07   1.4400740E+07   1.3214938E+07   1.3140665E+07   1.3038375E+07   1.3104394E+07   1.4427919E+07   1.4436118E+07   1.3258864E+07   1.3184656E+07
   19.8900   1.3004306E+07   1.3070487E+07   1.4391660E+07   1.4399566E+07   1.3219447E+07   1.3145369E+07   1.3040865E+07   1.3106557E+07   1.4426617E+07   1.4434950E+07   1.3263550E+07   1.3189535E+07
   19.9000   1.3006899E+07   1.3072779E+07   1.4390499E+07   1.4398514E+07   1.3223782E+07   1.3149896E+07   1.3043442E+07   1.3108824E+07   1.4425455E+07   1.4433906E+07   1.3268042E+07   1.3194218E+07
   19.9100   1.3009559E+07   1.3075154E+07   1.4389472E+07   1.4397582E+07   1.3227939E+07   1.3154243E+07   1.3046106E+07   1.3111196E+07   1.4424433E+07   1.4432987E+07   1.3272334E+07   1.3198699E+07
   19.9200   1.3012289E+07   1.3077616E+07   1.4388578E+07   1.4396769E+07   1.3231916E+07   1.3158407E+07   1.3048855E+07   1.3113673E+07   1.4423552E+07   1.4432191E+07   1.3276421E+07   1.3202974E+07
   19.9300   1.3015085E+07   1.3080162E+07   1.4387819E+07   1.4396077E+07   1.3235707E+07   1.3162383E+07   1.3051690E+07   1.3116253E+07   1.4422810E+07   1.4431518E+07   1.3280301E+07   1.3207039E+07
   19.9400   1.3017948E+07   1.3082791E+07   1.4387192E+07   1.4395501E+07   1.3239310E+07   1.3166167E+07   1.3054608E+07   1.3118935E+07   1.4422207E+07   1.4430968E+07   1.3283970E+07   1.3210891E+07
   19.9500   1.3020878E+07   1.3085505E+07   1.4386696E+07   1.4395042E+07   1.3242721E+07   1.3169756E+07   1.3057606E+07   1.3121717E+07   1.4421741E+07   1.4430539E+07   1.3287427E+07   1.3214529E+07
   19.9600   1.3023870E+07   1.3088299E+07   1.4386332E+07   1.4394701E+07   1.3245937E+07   1.3173148E+07   1.3060683E+07   1.3124594E+07   1.4421413E+07   1.4430230E+07   1.3290671E+07   1.3217951E+07
   19.9700   1.3026929E+07   1.3091177E+07   1.4386094E+07   1.4394471E+07   1.3248954E+07   1.3176338E+07   1.3063832E+07   1.3127565E+07   1.4421219E+07   1.4430040E+07   1.3293701E+07   1.3221157E+07
   19.9800   1.3030048E+07   1.3094133E+07   1.4385987E+07   1.4394356E+07   1.3251772E+07   1.3179327E+07   1.3067052E+07   1.3130623E+07   1.4421159E+07   1.4429967E+07   1.3296517E+07   1.3224147E+07
   19.9900   1.3033230E+07   1.3097168E+07   1.4386004E+07   1.4394351E+07   1.3254386E+07   1.3182109E+07   1.3070338E+07   1.3133766E+07   1.4421231E+07   1.4430010E+07   1.3299122E+07   1.3226922E+07
   20.0000   1.3036472E+07   1.3100281E+07   1.4386144E+07   1.4394455E+07   1.3256795E+07   1.3184684E+07   1.3073685E+07   1.3136989E+07   1.4421432E+07   1.4430168E+07   1.3301515E+07   1.3229483E+07
   20.0100   1.3039771E+07   1.3103470E+07   1.4386408E+07   1.4394666E+07   1.3258999E+07   1.3187050E+07   1.3077088E+07   1.3140286E+07   1.4421761E+07   1.4430438E+07   1.3303697E+07   1.3231831E+07
   20.0200   1.3043127E+07   1.3106732E+07   1.4386789E+07   1.4394980E+07   1.3260995E+07   1.3189207E+07   1.3080545E+07   1.3143654E+07   1.4422214E+07   1.4430817E+07   1.3305671E+07   1.3233967E+07
   20.0300   1.3046537E+07   1.3110066E+07   1.4387288E+07   1.4395398E+07   1.3262784E+07   1.3191153E+07   1.3084051E+07   1.3147089E+07   1.4422790E+07   1.4431304E+07   1.3307436E+07   1.3235891E+07
   20.0400   1.3049998E+07   1.3113469E+07   1.4387901E+07   1.4395914E+07   1.3264365E+07   1.3192890E+07   1.3087602E+07   1.3150587E+07   1.4423484E+07   1.4431896E+07   1.3308995E+07   1.3237606E+07
   20.0500   1.3053509E+07   1.3116938E+07   1.4388625E+07   1.4396527E+07   1.3265738E+07   1.3194415E+07   1.3091195E+07   1.3154145E+07   1.4424295E+07   1.4432590E+07   1.3310347E+07   1.3239111E+07
   20.0600   1.3057065E+07   1.3120469E+07   1.4389456E+07   1.4397232E+07   1.3266905E+07   1.3195732E+07   1.3094828E+07   1.3157759E+07   1.4425219E+07   1.4433383E+07   1.3311494E+07   1.3240408E+07
   20.0700   1.3060664E+07   1.3124060E+07   1.4390392E+07   1.4398030E+07   1.3267867E+07   1.3196842E+07   1.3098498E+07   1.3161426E+07   1.4426253E+07   1.4434272E+07   1.3312437E+07   1.3241496E+07
   20.0800   1.3064303E+07   1.3127707E+07   1.4391428E+07   1.4398912E+07   1.3268627E+07   1.3197746E+07   1.3102202E+07   1.3165145E+07   1.4427392E+07   1.4435253E+07   1.3313174E+07   1.3242377E+07
   20.0900   1.3067977E+07   1.3131405E+07   1.4392563E+07   1.4399880E+07   1.3269184E+07   1.3198446E+07   1.3105938E+07   1.3168913E+07   1.4428634E+07   1.4436324E+07   1.3313708E+07   1.3243051E+07
   20.1000   1.3071684E+07   1.3135151E+07   1.4393788E+07   1.4400926E+07   1.3269545E+07   1.3198947E+07   1.3109706E+07   1.3172727E+07   1.4429974E+07   1.4437479E+07   1.3314038E+07   1.3243519E+07
   20.1100   1.3075416E+07   1.3138939E+07   1.4395104E+07   1.4402049E+07   1.3269709E+07   1.3199249E+07   1.3113503E+07   1.3176587E+07   1.4431408E+07   1.4438715E+07   1.3314165E+07   1.3243781E+07
   20.1200   1.3079175E+07   1.3142766E+07   1.4396503E+07   1.4403244E+07   1.3269685E+07   1.3199359E+07   1.3117326E+07   1.3180490E+07   1.4432932E+07   1.4440028E+07   1.3314090E+07   1.3243838E+07
   20.1300   1.3082949E+07   1.3146624E+07   1.4397983E+07   1.4404508E+07   1.3269472E+07   1.3199278E+07   1.3121175E+07   1.3184433E+07   1.4434541E+07   1.4441413E+07   1.3313815E+07   1.3243692E+07
   20.1400   1.3086739E+07   1.3150513E+07   1.4399537E+07   1.4405835E+07   1.3269077E+07   1.3199013E+07   1.3125047E+07   1.3188414E+07   1.4436230E+07   1.4442866E+07   1.3313341E+07   1.3243346E+07
   20.1500   1.3090539E+07   1.3154423E+07   1.4401163E+07   1.4407224E+07   1.3268504E+07   1.3198566E+07   1.3128939E+07   1.3192430E+07   1.4437995E+07   1.4444382E+07   1.3312672E+07   1.3242801E+07
   20.1600   1.3094343E+07   1.3158351E+07   1.4402855E+07   1.4408667E+07   1.3267756E+07   1.3197942E+07   1.3132848E+07   1.3196476E+07   1.4439830E+07   1.4445957E+07   1.3311810E+07   1.3242062E+07
   20.1700   1.3098147E+07   1.3162292E+07   1.4404608E+07   1.4410162E+07   1.3266841E+07   1.3197149E+07   1.3136770E+07   1.3200549E+07   1.4441730E+07   1.4447585E+07   1.3310761E+07   1.3241133E+07
   20.1800   1.3101947E+07   1.3166239E+07   1.4406417E+07   1.4411704E+07   1.3265760E+07   1.3196186E+07   1.3140700E+07   1.3204644E+07   1.4443690E+07   1.4449262E+07   1.3309528E+07   1.3240018E+07
   20.1900   1.3105737E+07   1.3170189E+07   1.4408277E+07   1.4413289E+07   1.3264521E+07   1.3195063E+07   1.3144635E+07   1.3208755E+07   1.4445703E+07   1.4450983E+07   1.3308118E+07   1.3238725E+07
   20.2000   1.3109514E+07   1.3174136E+07   1.4410185E+07   1.4414913E+07   1.3263127E+07   1.3193783E+07   1.3148567E+07   1.3212876E+07   1.4447766E+07   1.4452742E+07   1.3306539E+07   1.3237259E+07
   20.2100   1.3113272E+07   1.3178075E+07   1.4412132E+07   1.4416570E+07   1.3261585E+07   1.3192351E+07   1.3152492E+07   1.3217001E+07   1.4449870E+07   1.4454536E+07   1.3304796E+07   1.3235629E+07
   20.2200   1.3117007E+07   1.3182001E+07   1.4414117E+07   1.4418257E+07   1.3259898E+07   1.3190771E+07   1.3156402E+07   1.3221121E+07   1.4452012E+07   1.4456358E+07   1.3302898E+07   1.3233840E+07
   20.2300   1.3120714E+07   1.3185907E+07   1.4416133E+07   1.4419969E+07   1.3258073E+07   1.3189050E+07   1.3160292E+07   1.3225229E+07   1.4454185E+07   1.4458204E+07   1.3300853E+07   1.3231903E+07
   20.2400   1.3124389E+07   1.3189790E+07   1.4418176E+07   1.4421702E+07   1.3256113E+07   1.3187192E+07   1.3164152E+07   1.3229318E+07   1.4456382E+07   1.4460069E+07   1.3298671E+07   1.3229825E+07
   20.2500   1.3128028E+07   1.3193645E+07   1.4420240E+07   1.4423450E+07   1.3254023E+07   1.3185201E+07   1.3167978E+07   1.3233380E+07   1.4458600E+07   1.4461948E+07   1.3296358E+07   1.3227614E+07
   20.2600   1.3131625E+07   1.3197466E+07   1.4422322E+07   1.4425212E+07   1.3251811E+07   1.3183085E+07   1.3171760E+07   1.3237406E+07   1.4460831E+07   1.4463836E+07   1.3293925E+07   1.3225281E+07
   20.2700   1.3135176E+07   1.3201249E+07   1.4424417E+07   1.4426982E+07   1.3249478E+07   1.3180846E+07   1.3175493E+07   1.3241389E+07   1.4463071E+07   1.4465730E+07   1.3291380E+07   1.3222831E+07
   20.2800   1.3138676E+07   1.3204986E+07   1.4426519E+07   1.4428756E+07   1.3247032E+07   1.3178490E+07   1.3179169E+07   1.3245321E+07   1.4465314E+07   1.4467624E+07   1.3288730E+07   1.3220275E+07
   20.2900   1.3142120E+07   1.3208674E+07   1.4428624E+07   1.4430530E+07   1.3244477E+07   1.3176022E+07   1.3182782E+07   1.3249195E+07   1.4467556E+07   1.4469513E+07   1.3285983E+07   1.3217618E+07
   20.3000   1.3145503E+07   1.3212307E+07   1.4430730E+07   1.4432301E+07   1.3241817E+07   1.3173447E+07   1.3186326E+07   1.3253005E+07   1.4469790E+07   1.4471395E+07   1.3283146E+07   1.3214868E+07
   20.3100   1.3148821E+07   1.3215880E+07   1.4432830E+07   1.4434066E+07   1.3239060E+07   1.3170771E+07   1.3189794E+07   1.3256743E+07   1.4472013E+07   1.4473265E+07   1.3280226E+07   1.3212032E+07
   20.3200   1.3152067E+07   1.3219385E+07   1.4434921E+07   1.4435819E+07   1.3236209E+07   1.3167997E+07   1.3193183E+07   1.3260404E+07   1.4474220E+07   1.4475119E+07   1.3277228E+07   1.3209114E+07
   20.3300   1.3155237E+07   1.3222819E+07   1.4437000E+07   1.4437560E+07   1.3233270E+07   1.3165133E+07   1.3196486E+07   1.3263984E+07   1.4476408E+07   1.4476953E+07   1.3274157E+07   1.3206120E+07
   20.3400   1.3158324E+07   1.3226173E+07   1.4439063E+07   1.4439284E+07   1.3230247E+07   1.3162182E+07   1.3199699E+07   1.3267476E+07   1.4478571E+07   1.4478765E+07   1.3271018E+07   1.3203053E+07
   20.3500   1.3161324E+07   1.3229444E+07   1.4441105E+07   1.4440988E+07   1.3227147E+07   1.3159149E+07   1.3202818E+07   1.3270877E+07   1.4480708E+07   1.4480550E+07   1.3267813E+07   1.3199918E+07
   20.3600   1.3164230E+07   1.3232624E+07   1.4443125E+07   1.4442671E+07   1.3223975E+07   1.3156040E+07   1.3205840E+07   1.3274181E+07   1.4482814E+07   1.4482307E+07   1.3264547E+07   1.3196718E+07
   20.3700   1.3167037E+07   1.3235707E+07   1.4445117E+07   1.4444327E+07   1.3220735E+07   1.3152860E+07   1.3208761E+07   1.3277386E+07   1.4484886E+07   1.4484033E+07   1.3261222E+07   1.3193454E+07
   20.3800   1.3169740E+07   1.3238688E+07   1.4447081E+07   1.4445958E+07   1.3217433E+07   1.3149613E+07   1.3211576E+07   1.3280488E+07   1.4486922E+07   1.4485725E+07   1.3257840E+07   1.3190131E+07
   20.3900   1.3172332E+07   1.3241559E+07   1.4449012E+07   1.4447558E+07   1.3214072E+07   1.3146304E+07   1.3214283E+07   1.3283481E+07   1.4488920E+07   1.4487382E+07   1.3254404E+07   1.3186749E+07
   20.4000   1.3174809E+07   1.3244317E+07   1.4450908E+07   1.4449127E+07   1.3210660E+07   1.3142939E+07   1.3216877E+07   1.3286363E+07   1.4490877E+07   1.4489001E+07   1.3250915E+07   1.3183311E+07
   20.4100   1.3177165E+07   1.3246954E+07   1.4452767E+07   1.4450662E+07   1.3207199E+07   1.3139519E+07   1.3219354E+07   1.3289128E+07   1.4492791E+07   1.4490580E+07   1.3247377E+07   1.3179819E+07
   20.4200   1.3179395E+07   1.3249465E+07   1.4454585E+07   1.4452161E+07   1.3203693E+07   1.3136051E+07   1.3221711E+07   1.3291774E+07   1.4494661E+07   1.4492119E+07   1.3243791E+07   1.3176275E+07
   20.4300   1.3181493E+07   1.3251846E+07   1.4456363E+07   1.4453624E+07   1.3200148E+07   1.3132538E+07   1.3223942E+07   1.3294294E+07   1.4496484E+07   1.4493616E+07   1.3240161E+07   1.3172682E+07
   20.4400   1.3183456E+07   1.3254091E+07   1.4458095E+07   1.4455047E+07   1.3196566E+07   1.3128984E+07   1.3226043E+07   1.3296683E+07   1.4498259E+07   1.4495069E+07   1.3236489E+07   1.3169043E+07
   20.4500   1.3185279E+07   1.3256195E+07   1.4459781E+07   1.4456429E+07   1.3192951E+07   1.3125391E+07   1.3228008E+07   1.3298937E+07   1.4499985E+07   1.4496479E+07   1.3232778E+07   1.3165360E+07
   20.4600   1.3186957E+07   1.3258154E+07   1.4461420E+07   1.4457771E+07   1.3189307E+07   1.3121763E+07   1.3229832E+07   1.3301049E+07   1.4501661E+07   1.4497844E+07   1.3229033E+07   1.3161638E+07
   20.4700   1.3188489E+07   1.3259966E+07   1.4463009E+07   1.4459069E+07   1.3185633E+07   1.3118100E+07   1.3231510E+07   1.3303014E+07   1.4503285E+07   1.4499163E+07   1.3225256E+07   1.3157879E+07
   20.4800   1.3189867E+07   1.3261624E+07   1.4464547E+07   1.4460322E+07   1.3181937E+07   1.3114409E+07   1.3233036E+07   1.3304825E+07   1.4504856E+07   1.4500435E+07   1.3221453E+07   1.3154088E+07
   20.4900   1.3191094E+07   1.3263128E+07   1.4466033E+07   1.4461531E+07   1.3178215E+07   1.3110687E+07   1.3234403E+07   1.3306477E+07   1.4506372E+07   1.4501661E+07   1.3217627E+07   1.3150268E+07
   20.5000   1.3192162E+07   1.3264473E+07   1.4467464E+07   1.4462692E+07   1.3174474E+07   1.3106939E+07   1.3235607E+07   1.3307964E+07   1.4507834E+07   1.4502840E+07   1.3213782E+07   1.3146423E+07
   20.5100   1.3193072E+07   1.3265657E+07   1.4468840E+07   1.4463806E+07   1.3170712E+07   1.3103166E+07   1.3236642E+07   1.3309280E+07   1.4509240E+07   1.4503971E+07   1.3209924E+07   1.3142558E+07
   20.5200   1.3193821E+07   1.3266679E+07   1.4470161E+07   1.4464872E+07   1.3166932E+07   1.3099367E+07   1.3237504E+07   1.3310421E+07   1.4510588E+07   1.4505053E+07   1.3206054E+07   1.3138676E+07
   20.5300   1.3194406E+07   1.3267535E+07   1.4471424E+07   1.4465888E+07   1.3163136E+07   1.3095547E+07   1.3238187E+07   1.3311381E+07   1.4511878E+07   1.4506086E+07   1.3202178E+07   1.3134779E+07
   20.5400   1.3194827E+07   1.3268226E+07   1.4472629E+07   1.4466854E+07   1.3159322E+07   1.3091702E+07   1.3238689E+07   1.3312156E+07   1.4513109E+07   1.4507070E+07   1.3198298E+07   1.3130872E+07
   20.5500   1.3195083E+07   1.3268748E+07   1.4473775E+07   1.4467768E+07   1.3155493E+07   1.3087837E+07   1.3239006E+07   1.3312745E+07   1.4514280E+07   1.4508004E+07   1.3194416E+07   1.3126956E+07
   20.5600   1.3195171E+07   1.3269102E+07   1.4474861E+07   1.4468632E+07   1.3151649E+07   1.3083951E+07   1.3239136E+07   1.3313144E+07   1.4515389E+07   1.4508886E+07   1.3190534E+07   1.3123033E+07
   20.5700   1.3195092E+07   1.3269287E+07   1.4475885E+07   1.4469441E+07   1.3147790E+07   1.3080043E+07   1.3239079E+07   1.3313352E+07   1.4516437E+07   1.4509717E+07   1.3186655E+07   1.3119105E+07
   20.5800   1.3194845E+07   1.3269300E+07   1.4476849E+07   1.4470199E+07   1.3143918E+07   1.3076116E+07   1.3238833E+07   1.3313368E+07   1.4517423E+07   1.4510496E+07   1.3182777E+07   1.3115171E+07
   20.5900   1.3194430E+07   1.3269144E+07   1.4477750E+07   1.4470902E+07   1.3140031E+07   1.3072168E+07   1.3238398E+07   1.3313193E+07   1.4518344E+07   1.4511221E+07   1.3178901E+07   1.3111233E+07
   20.6000   1.3193845E+07   1.3268815E+07   1.4478588E+07   1.4471551E+07   1.3136132E+07   1.3068202E+07   1.3237777E+07   1.3312828E+07   1.4519202E+07   1.4511892E+07   1.3175027E+07   1.3107288E+07
   20.6100   1.3193092E+07   1.3268316E+07   1.4479365E+07   1.4472146E+07   1.3132219E+07   1.3064216E+07   1.3236971E+07   1.3312275E+07   1.4519994E+07   1.4512509E+07   1.3171152E+07   1.3103336E+07
   20.6200   1.3192171E+07   1.3267646E+07   1.4480076E+07   1.4472684E+07   1.3128293E+07   1.3060212E+07   1.3235983E+07   1.3311537E+07   1.4520721E+07   1.4513069E+07   1.3167274E+07   1.3099375E+07
   20.6300   1.3191080E+07   1.3266805E+07   1.4480725E+07   1.4473169E+07   1.3124353E+07   1.3056187E+07   1.3234816E+07   1.3310617E+07   1.4521382E+07   1.4513572E+07   1.3163392E+07   1.3095403E+07
   20.6400   1.3189823E+07   1.3265795E+07   1.4481308E+07   1.4473596E+07   1.3120401E+07   1.3052143E+07   1.3233472E+07   1.3309518E+07   1.4521976E+07   1.4514018E+07   1.3159503E+07   1.3091418E+07
   20.6500   1.3188398E+07   1.3264615E+07   1.4481827E+07   1.4473968E+07   1.3116433E+07   1.3048079E+07   1.3231957E+07   1.3308244E+07   1.4522503E+07   1.4514406E+07   1.3155604E+07   1.3087416E+07
   20.6600   1.3186808E+07   1.3263266E+07   1.4482282E+07   1.4474283E+07   1.3112453E+07   1.3043996E+07   1.3230273E+07   1.3306799E+07   1.4522962E+07   1.4514735E+07   1.3151691E+07   1.3083395E+07
   20.6700   1.3185053E+07   1.3261752E+07   1.4482672E+07   1.4474540E+07   1.3108455E+07   1.3039890E+07   1.3228425E+07   1.3305188E+07   1.4523355E+07   1.4515004E+07   1.3147763E+07   1.3079353E+07
   20.6800   1.3183135E+07   1.3260071E+07   1.4482999E+07   1.4474744E+07   1.3104442E+07   1.3035763E+07   1.3226416E+07   1.3303413E+07   1.4523680E+07   1.4515214E+07   1.3143816E+07   1.3075287E+07
   20.6900   1.3181058E+07   1.3258229E+07   1.4483259E+07   1.4474888E+07   1.3100410E+07   1.3031612E+07   1.3224249E+07   1.3301479E+07   1.4523937E+07   1.4515364E+07   1.3139848E+07   1.3071194E+07
   20.7000   1.3178820E+07   1.3256225E+07   1.4483457E+07   1.4474977E+07   1.3096359E+07   1.3027436E+07   1.3221929E+07   1.3299389E+07   1.4524127E+07   1.4515453E+07   1.3135856E+07   1.3067073E+07
   20.7100   1.3176428E+07   1.3254064E+07   1.4483591E+07   1.4475010E+07   1.3092287E+07   1.3023234E+07   1.3219458E+07   1.3297145E+07   1.4524250E+07   1.4515482E+07   1.3131838E+07   1.3062921E+07
   20.7200   1.3173882E+07   1.3251748E+07   1.4483661E+07   1.4474986E+07   1.3088191E+07   1.3019002E+07   1.3216838E+07   1.3294752E+07   1.4524307E+07   1.4515451E+07   1.3127793E+07   1.3058737E+07
   20.7300   1.3171187E+07   1.3249281E+07   1.4483670E+07   1.4474907E+07   1.3084068E+07   1.3014739E+07   1.3214072E+07   1.3292211E+07   1.4524297E+07   1.4515360E+07   1.3123718E+07   1.3054519E+07
   20.7400   1.3168346E+07   1.3246666E+07   1.4483616E+07   1.4474771E+07   1.3079918E+07   1.3010444E+07   1.3211162E+07   1.3289524E+07   1.4524222E+07   1.4515210E+07   1.3119613E+07   1.3050266E+07
   20.7500   1.3165362E+07   1.3243907E+07   1.4483501E+07   1.4474581E+07   1.3075735E+07   1.3006111E+07   1.3208111E+07   1.3286694E+07   1.4524083E+07   1.4515001E+07   1.3115476E+07   1.3045976E+07
   20.7600   1.3162240E+07   1.3241010E+07   1.4483326E+07   1.4474336E+07   1.3071516E+07   1.3001738E+07   1.3204920E+07   1.3283723E+07   1.4523880E+07   1.4514734E+07   1.3111306E+07   1.3041649E+07
   20.7700   1.3158984E+07   1.3237977E+07   1.4483092E+07   1.4474036E+07   1.3067260E+07   1.2997324E+07   1.3201591E+07   1.3280614E+07   1.4523614E+07   1.4514410E+07   1.3107101E+07   1.3037283E+07
   20.7800   1.3155600E+07   1.3234814E+07   1.4482799E+07   1.4473683E+07   1.3062962E+07   1.2992863E+07   1.3198127E+07   1.3277367E+07   1.4523287E+07   1.4514030E+07   1.3102859E+07   1.3032877E+07
   20.7900   1.3152090E+07   1.3231527E+07   1.4482449E+07   1.4473277E+07   1.3058617E+07   1.2988353E+07   1.3194531E+07   1.3273987E+07   1.4522900E+07   1.4513596E+07   1.3098580E+07   1.3028428E+07
   20.8000   1.3148459E+07   1.3228118E+07   1.4482043E+07   1.4472819E+07   1.3054225E+07   1.2983791E+07   1.3190804E+07   1.3270477E+07   1.4522454E+07   1.4513107E+07   1.3094260E+07   1.3023936E+07
   20.8100   1.3144715E+07   1.3224596E+07   1.4481581E+07   1.4472309E+07   1.3049778E+07   1.2979171E+07   1.3186950E+07   1.3266839E+07   1.4521951E+07   1.4512566E+07   1.3089898E+07   1.3019396E+07
   20.8200   1.3140859E+07   1.3220961E+07   1.4481067E+07   1.4471748E+07   1.3045276E+07   1.2974493E+07   1.3182974E+07   1.3263078E+07   1.4521393E+07   1.4511973E+07   1.3085490E+07   1.3014807E+07
   20.8300   1.3136899E+07   1.3217224E+07   1.4480499E+07   1.4471136E+07   1.3040713E+07   1.2969750E+07   1.3178880E+07   1.3259198E+07   1.4520780E+07   1.4511330E+07   1.3081032E+07   1.3010165E+07
   20.8400   1.3132837E+07   1.3213387E+07   1.4479881E+07   1.4470477E+07   1.3036088E+07   1.2964943E+07   1.3174672E+07   1.3255206E+07   1.4520115E+07   1.4510638E+07   1.3076521E+07   1.3005466E+07
   20.8500   1.3128681E+07   1.3209454E+07   1.4479213E+07   1.4469768E+07   1.3031394E+07   1.2960065E+07   1.3170356E+07   1.3251106E+07   1.4519400E+07   1.4509897E+07   1.3071952E+07   1.3000706E+07
   20.8600   1.3124434E+07   1.3205434E+07   1.4478496E+07   1.4469012E+07   1.3026631E+07   1.2955115E+07   1.3165939E+07   1.3246905E+07   1.4518636E+07   1.4509111E+07   1.3067321E+07   1.2995880E+07
   20.8700   1.3120102E+07   1.3201329E+07   1.4477733E+07   1.4468210E+07   1.3021794E+07   1.2950090E+07   1.3161426E+07   1.3242610E+07   1.4517825E+07   1.4508278E+07   1.3062621E+07   1.2990983E+07
   20.8800   1.3115688E+07   1.3197144E+07   1.4476924E+07   1.4467363E+07   1.3016881E+07   1.2944986E+07   1.3156825E+07   1.3238229E+07   1.4516969E+07   1.4507401E+07   1.3057847E+07   1.2986011E+07
   20.8900   1.3111200E+07   1.3192887E+07   1.4476070E+07   1.4466470E+07   1.3011889E+07   1.2939801E+07   1.3152143E+07   1.3233769E+07   1.4516069E+07   1.4506480E+07   1.3052995E+07   1.2980958E+07
   20.9000   1.3106639E+07   1.3188559E+07   1.4475175E+07   1.4465536E+07   1.3006815E+07   1.2934534E+07   1.3147388E+07   1.3229238E+07   1.4515127E+07   1.4505517E+07   1.3048058E+07   1.2975818E+07
   20.9100   1.3102014E+07   1.3184170E+07   1.4474238E+07   1.4464557E+07   1.3001656E+07   1.2929180E+07   1.3142567E+07   1.3224643E+07   1.4514145E+07   1.4504512E+07   1.3043031E+07   1.2970587E+07
   20.9200   1.3097325E+07   1.3179719E+07   1.4473262E+07   1.4463539E+07   1.2996411E+07   1.2923739E+07   1.3137687E+07   1.3219993E+07   1.4513125E+07   1.4503467E+07   1.3037909E+07   1.2965260E+07
   20.9300   1.3092583E+07   1.3175218E+07   1.4472247E+07   1.4462480E+07   1.2991076E+07   1.2918207E+07   1.3132756E+07   1.3215295E+07   1.4512067E+07   1.4502381E+07   1.3032687E+07   1.2959833E+07
   20.9400   1.3087787E+07   1.3170665E+07   1.4471197E+07   1.4461383E+07   1.2985649E+07   1.2912582E+07   1.3127781E+07   1.3210556E+07   1.4510974E+07   1.4501257E+07   1.3027361E+07   1.2954301E+07
   20.9500   1.3082945E+07   1.3166070E+07   1.4470109E+07   1.4460246E+07   1.2980128E+07   1.2906864E+07   1.3122768E+07   1.3205784E+07   1.4509847E+07   1.4500095E+07   1.3021927E+07   1.2948662E+07
   20.9600   1.3078062E+07   1.3161438E+07   1.4468990E+07   1.4459075E+07   1.2974511E+07   1.2901049E+07   1.3117723E+07   1.3200984E+07   1.4508687E+07   1.4498896E+07   1.3016383E+07   1.2942912E+07
   20.9700   1.3073141E+07   1.3156771E+07   1.4467838E+07   1.4457867E+07   1.2968795E+07   1.2895134E+07   1.3112653E+07   1.3196163E+07   1.4507496E+07   1.4497660E+07   1.3010725E+07   1.2937049E+07
   20.9800   1.3068189E+07   1.3152076E+07   1.4466655E+07   1.4456625E+07   1.2962980E+07   1.2889121E+07   1.3107562E+07   1.3191325E+07   1.4506275E+07   1.4496390E+07   1.3004952E+07   1.2931072E+07
   20.9900   1.3063212E+07   1.3147360E+07   1.4465445E+07   1.4455351E+07   1.2957060E+07   1.2883003E+07   1.3102455E+07   1.3186477E+07   1.4505026E+07   1.4495085E+07   1.2999063E+07   1.2924980E+07
   21.0000   1.3058211E+07   1.3142625E+07   1.4464205E+07   1.4454043E+07   1.2951037E+07   1.2876783E+07   1.3097337E+07   1.3181621E+07   1.4503749E+07   1.4493747E+07   1.2993057E+07   1.2918773E+07
   21.0100   1.3053196E+07   1.3137880E+07   1.4462942E+07   1.4452706E+07   1.2944906E+07   1.2870455E+07   1.3092211E+07   1.3176763E+07   1.4502446E+07   1.4492377E+07   1.2986935E+07   1.2912449E+07
   21.0200   1.3048168E+07   1.3133126E+07   1.4461653E+07   1.4451339E+07   1.2938667E+07   1.2864021E+07   1.3087080E+07   1.3171905E+07   1.4501119E+07   1.4490977E+07   1.2980695E+07   1.2906011E+07
   21.0300   1.3043135E+07   1.3128372E+07   1.4460343E+07   1.4449944E+07   1.2932317E+07   1.2857477E+07   1.3081949E+07   1.3167050E+07   1.4499768E+07   1.4489546E+07   1.2974340E+07   1.2899457E+07
   21.0400   1.3038100E+07   1.3123620E+07   1.4459012E+07   1.4448522E+07   1.2925856E+07   1.2850822E+07   1.3076820E+07   1.3162203E+07   1.4498395E+07   1.4488087E+07   1.2967868E+07   1.2892790E+07
   21.0500   1.3033067E+07   1.3118876E+07   1.4457661E+07   1.4447074E+07   1.2919280E+07   1.2844056E+07   1.3071696E+07   1.3157366E+07   1.4497002E+07   1.4486601E+07   1.2961283E+07   1.2886010E+07
   21.0600   1.3028042E+07   1.3114145E+07   1.4456294E+07   1.4445603E+07   1.2912591E+07   1.2837176E+07   1.3066580E+07   1.3152542E+07   1.4495590E+07   1.4485090E+07   1.2954583E+07   1.2879118E+07
   21.0700   1.3023029E+07   1.3109431E+07   1.4454911E+07   1.4444108E+07   1.2905787E+07   1.2830185E+07   1.3061475E+07   1.3147734E+07   1.4494161E+07   1.4483554E+07   1.2947770E+07   1.2872114E+07
   21.0800   1.3018032E+07   1.3104737E+07   1.4453513E+07   1.4442592E+07   1.2898865E+07   1.2823077E+07   1.3056384E+07   1.3142945E+07   1.4492716E+07   1.4481996E+07   1.2940844E+07   1.2865000E+07
   21.0900   1.3013054E+07   1.3100069E+07   1.4452105E+07   1.4441058E+07   1.2891829E+07   1.2815857E+07   1.3051310E+07   1.3138178E+07   1.4491257E+07   1.4480416E+07   1.2933805E+07   1.2857774E+07
   21.1000   1.3008100E+07   1.3095430E+07   1.4450683E+07   1.4439503E+07   1.2884676E+07   1.2808522E+07   1.3046258E+07   1.3133438E+07   1.4489786E+07   1.4478817E+07   1.2926654E+07   1.2850439E+07
   21.1100   1.3003171E+07   1.3090821E+07   1.4449255E+07   1.4437934E+07   1.2877406E+07   1.2801073E+07   1.3041230E+07   1.3128727E+07   1.4488305E+07   1.4477200E+07   1.2919389E+07   1.2842992E+07
   21.1200   1.2998273E+07   1.3086249E+07   1.4447818E+07   1.4436348E+07   1.2870023E+07   1.2793513E+07   1.3036230E+07   1.3124051E+07   1.4486815E+07   1.4475567E+07   1.2912012E+07   1.2835435E+07
   21.1300   1.2993406E+07   1.3081714E+07   1.4446377E+07   1.4434749E+07   1.2862524E+07   1.2785840E+07   1.3031262E+07   1.3119411E+07   1.4485319E+07   1.4473920E+07   1.2904520E+07   1.2827766E+07
   21.1400   1.2988573E+07   1.3077218E+07   1.4444930E+07   1.4433137E+07   1.2854913E+07   1.2778057E+07   1.3026330E+07   1.3114814E+07   1.4483819E+07   1.4472260E+07   1.2896914E+07   1.2819985E+07
   21.1500   1.2983776E+07   1.3072764E+07   1.4443482E+07   1.4431515E+07   1.2847192E+07   1.2770166E+07   1.3021438E+07   1.3110261E+07   1.4482317E+07   1.4470589E+07   1.2889193E+07   1.2812092E+07
   21.1600   1.2979018E+07   1.3068354E+07   1.4442032E+07   1.4429883E+07   1.2839361E+07   1.2762169E+07   1.3016589E+07   1.3105759E+07   1.4480814E+07   1.4468909E+07   1.2881356E+07   1.2804086E+07
   21.1700   1.2974298E+07   1.3063989E+07   1.4440584E+07   1.4428245E+07   1.2831424E+07   1.2754067E+07   1.3011787E+07   1.3101309E+07   1.4479313E+07   1.4467222E+07   1.2873403E+07   1.2795967E+07
   21.1800   1.2969621E+07   1.3059671E+07   1.4439135E+07   1.4426599E+07   1.2823384E+07   1.2745865E+07   1.3007035E+07   1.3096915E+07   1.4477815E+07   1.4465529E+07   1.2865335E+07   1.2787736E+07
   21.1900   1.2964985E+07   1.3055399E+07   1.4437692E+07   1.4424951E+07   1.2815242E+07   1.2737564E+07   1.3002337E+07   1.3092581E+07   1.4476323E+07   1.4463832E+07   1.2857152E+07   1.2779393E+07
   21.2000   1.2960393E+07   1.3051177E+07   1.4436253E+07   1.4423298E+07   1.2807003E+07   1.2729168E+07   1.2997693E+07   1.3088308E+07   1.4474838E+07   1.4462134E+07   1.2848857E+07   1.2770940E+07
   21.2100   1.2955843E+07   1.3047003E+07   1.4434820E+07   1.4421644E+07   1.2798668E+07   1.2720679E+07   1.2993106E+07   1.3084098E+07   1.4473362E+07   1.4460435E+07   1.2840449E+07   1.2762379E+07
   21.2200   1.2951340E+07   1.3042880E+07   1.4433394E+07   1.4419990E+07   1.2790245E+07   1.2712103E+07   1.2988578E+07   1.3079953E+07   1.4471897E+07   1.4458737E+07   1.2831934E+07   1.2753712E+07
   21.2300   1.2946881E+07   1.3038806E+07   1.4431978E+07   1.4418337E+07   1.2781731E+07   1.2703439E+07   1.2984109E+07   1.3075873E+07   1.4470443E+07   1.4457042E+07   1.2823313E+07   1.2744943E+07
   21.2400   1.2942469E+07   1.3034784E+07   1.4430570E+07   1.4416686E+07   1.2773137E+07   1.2694698E+07   1.2979698E+07   1.3071857E+07   1.4469002E+07   1.4455352E+07   1.2814591E+07   1.2736076E+07
   21.2500   1.2938102E+07   1.3030812E+07   1.4429174E+07   1.4415041E+07   1.2764461E+07   1.2685877E+07   1.2975346E+07   1.3067905E+07   1.4467576E+07   1.4453667E+07   1.2805773E+07   1.2727117E+07
   21.2600   1.2933783E+07   1.3026893E+07   1.4427789E+07   1.4413399E+07   1.2755711E+07   1.2676985E+07   1.2971051E+07   1.3064017E+07   1.4466165E+07   1.4451989E+07   1.2796866E+07   1.2718069E+07
   21.2700   1.2929510E+07   1.3023023E+07   1.4426418E+07   1.4411765E+07   1.2746889E+07   1.2668022E+07   1.2966813E+07   1.3060189E+07   1.4464770E+07   1.4450319E+07   1.2787874E+07   1.2708940E+07
   21.2800   1.2925286E+07   1.3019207E+07   1.4425060E+07   1.4410137E+07   1.2738001E+07   1.2658996E+07   1.2962629E+07   1.3056421E+07   1.4463392E+07   1.4448660E+07   1.2778804E+07   1.2699736E+07
   21.2900   1.2921109E+07   1.3015440E+07   1.4423717E+07   1.4408519E+07   1.2729052E+07   1.2649910E+07   1.2958497E+07   1.3052710E+07   1.4462031E+07   1.4447011E+07   1.2769665E+07   1.2690464E+07
   21.3000   1.2916979E+07   1.3011726E+07   1.4422390E+07   1.4406911E+07   1.2720045E+07   1.2640769E+07   1.2954416E+07   1.3049054E+07   1.4460688E+07   1.4445374E+07   1.2760462E+07   1.2681132E+07
   21.3100   1.2912896E+07   1.3008062E+07   1.4421079E+07   1.4405313E+07   1.2710986E+07   1.2631578E+07   1.2950383E+07   1.3045449E+07   1.4459365E+07   1.4443749E+07   1.2751205E+07   1.2671746E+07
   21.3200   1.2908861E+07   1.3004449E+07   1.4419784E+07   1.4403727E+07   1.2701880E+07   1.2622342E+07   1.2946396E+07   1.3041894E+07   1.4458059E+07   1.4442139E+07   1.2741899E+07   1.2662314E+07
   21.3300   1.2904871E+07   1.3000884E+07   1.4418508E+07   1.4402154E+07   1.2692733E+07   1.2613065E+07   1.2942453E+07   1.3038386E+07   1.4456774E+07   1.4440543E+07   1.2732553E+07   1.2652843E+07
   21.3400   1.2900928E+07   1.2997369E+07   1.4417250E+07   1.4400595E+07   1.2683550E+07   1.2603756E+07   1.2938552E+07   1.3034923E+07   1.4455507E+07   1.4438962E+07   1.2723175E+07   1.2643341E+07
   21.3500   1.2897029E+07   1.2993900E+07   1.4416010E+07   1.4399049E+07   1.2674337E+07   1.2594417E+07   1.2934692E+07   1.3031503E+07   1.4454261E+07   1.4437398E+07   1.2713771E+07   1.2633814E+07
   21.3600   1.2893175E+07   1.2990479E+07   1.4414790E+07   1.4397521E+07   1.2665100E+07   1.2585057E+07   1.2930871E+07   1.3028123E+07   1.4453034E+07   1.4435850E+07   1.2704348E+07   1.2624271E+07
   21.3700   1.2889362E+07   1.2987100E+07   1.4413589E+07   1.4396007E+07   1.2655846E+07   1.2575680E+07   1.2927088E+07   1.3024784E+07   1.4451827E+07   1.4434319E+07   1.2694913E+07   1.2614716E+07
   21.3800   1.2885591E+07   1.2983765E+07   1.4412409E+07   1.4394512E+07   1.2646581E+07   1.2566294E+07   1.2923342E+07   1.3021483E+07   1.4450641E+07   1.4432807E+07   1.2685472E+07   1.2605156E+07
   21.3900   1.2881858E+07   1.2980469E+07   1.4411249E+07   1.4393035E+07   1.2637311E+07   1.2556904E+07   1.2919633E+07   1.3018219E+07   1.4449475E+07   1.4431312E+07   1.2676032E+07   1.2595598E+07
   21.4000   1.2878162E+07   1.2977211E+07   1.4410110E+07   1.4391577E+07   1.2628044E+07   1.2547518E+07   1.2915960E+07   1.3014993E+07   1.4448330E+07   1.4429837E+07   1.2666597E+07   1.2586047E+07
   21.4100   1.2874503E+07   1.2973991E+07   1.4408992E+07   1.4390138E+07   1.2618788E+07   1.2538144E+07   1.2912322E+07   1.3011802E+07   1.4447205E+07   1.4428381E+07   1.2657174E+07   1.2576508E+07
   21.4200   1.2870874E+07   1.2970800E+07   1.4407897E+07   1.4388721E+07   1.2609547E+07   1.2528786E+07   1.2908719E+07   1.3008646E+07   1.4446101E+07   1.4426946E+07   1.2647769E+07   1.2566987E+07
   21.4300   1.2867277E+07   1.2967642E+07   1.4406822E+07   1.4387325E+07   1.2600333E+07   1.2519455E+07   1.2905151E+07   1.3005524E+07   1.4445019E+07   1.4425531E+07   1.2638386E+07   1.2557491E+07
   21.4400   1.2863706E+07   1.2964509E+07   1.4405771E+07   1.4385951E+07   1.2591149E+07   1.2510154E+07   1.2901616E+07   1.3002436E+07   1.4443959E+07   1.4424138E+07   1.2629033E+07   1.2548023E+07
   21.4500   1.2860163E+07   1.2961402E+07   1.4404741E+07   1.4384601E+07   1.2582004E+07   1.2500893E+07   1.2898113E+07   1.2999379E+07   1.4442920E+07   1.4422766E+07   1.2619714E+07   1.2538591E+07
   21.4600   1.2856640E+07   1.2958315E+07   1.4403734E+07   1.4383274E+07   1.2572906E+07   1.2491679E+07   1.2894642E+07   1.2996352E+07   1.4441904E+07   1.4421418E+07   1.2610435E+07   1.2529200E+07
   21.4700   1.2853138E+07   1.2955248E+07   1.4402751E+07   1.4381973E+07   1.2563860E+07   1.2482516E+07   1.2891200E+07   1.2993354E+07   1.4440911E+07   1.4420094E+07   1.2601203E+07   1.2519856E+07
   21.4800   1.2849652E+07   1.2952194E+07   1.4401789E+07   1.4380697E+07   1.2554878E+07   1.2473417E+07   1.2887785E+07   1.2990380E+07   1.4439941E+07   1.4418794E+07   1.2592025E+07   1.2510566E+07
   21.4900   1.2846184E+07   1.2949155E+07   1.4400852E+07   1.4379448E+07   1.2545960E+07   1.2464381E+07   1.2884394E+07   1.2987429E+07   1.4438994E+07   1.4417519E+07   1.2582908E+07   1.2501337E+07
   21.5000   1.2842726E+07   1.2946124E+07   1.4399939E+07   1.4378226E+07   1.2537119E+07   1.2455422E+07   1.2881024E+07   1.2984497E+07   1.4438071E+07   1.4416271E+07   1.2573859E+07   1.2492175E+07
   21.5100   1.2839278E+07   1.2943101E+07   1.4399050E+07   1.4377031E+07   1.2528357E+07   1.2446541E+07   1.2877673E+07   1.2981579E+07   1.4437172E+07   1.4415051E+07   1.2564886E+07   1.2483089E+07
   21.5200   1.2835839E+07   1.2940082E+07   1.4398184E+07   1.4375865E+07   1.2519685E+07   1.2437748E+07   1.2874334E+07   1.2978673E+07   1.4436298E+07   1.4413858E+07   1.2555997E+07   1.2474086E+07
   21.5300   1.2832405E+07   1.2937065E+07   1.4397344E+07   1.4374729E+07   1.2511106E+07   1.2429047E+07   1.2871006E+07   1.2975772E+07   1.4435449E+07   1.4412696E+07   1.2547199E+07   1.2465174E+07
   21.5400   1.2828974E+07   1.2934048E+07   1.4396528E+07   1.4373623E+07   1.2502627E+07   1.2420446E+07   1.2867684E+07   1.2972873E+07   1.4434625E+07   1.4411563E+07   1.2538502E+07   1.2456361E+07
   21.5500   1.2825545E+07   1.2931028E+07   1.4395737E+07   1.4372547E+07   1.2494256E+07   1.2411950E+07   1.2864362E+07   1.2969971E+07   1.4433826E+07   1.4410463E+07   1.2529913E+07   1.2447654E+07
   21.5600   1.2822116E+07   1.2928003E+07   1.4394971E+07   1.4371503E+07   1.2485996E+07   1.2403564E+07   1.2861038E+07   1.2967062E+07   1.4433054E+07   1.4409394E+07   1.2521440E+07   1.2439063E+07
   21.5700   1.2818685E+07   1.2924971E+07   1.4394230E+07   1.4370491E+07   1.2477855E+07   1.2395295E+07   1.2857706E+07   1.2964140E+07   1.4432307E+07   1.4408359E+07   1.2513092E+07   1.2430593E+07
   21.5800   1.2815249E+07   1.2921929E+07   1.4393514E+07   1.4369510E+07   1.2469836E+07   1.2387146E+07   1.2854363E+07   1.2961201E+07   1.4431586E+07   1.4407358E+07   1.2504876E+07   1.2422253E+07
   21.5900   1.2811809E+07   1.2918879E+07   1.4392825E+07   1.4368564E+07   1.2461948E+07   1.2379126E+07   1.2851006E+07   1.2958242E+07   1.4430893E+07   1.4406392E+07   1.2496799E+07   1.2414050E+07
   21.6000   1.2808362E+07   1.2915814E+07   1.4392161E+07   1.4367650E+07   1.2454193E+07   1.2371238E+07   1.2847631E+07   1.2955259E+07   1.4430225E+07   1.4405462E+07   1.2488869E+07   1.2405991E+07
   21.6100   1.2804905E+07   1.2912734E+07   1.4391523E+07   1.4366771E+07   1.2446578E+07   1.2363487E+07   1.2844235E+07   1.2952249E+07   1.4429585E+07   1.4404567E+07   1.2481091E+07   1.2398080E+07
   21.6200   1.2801439E+07   1.2909639E+07   1.4390909E+07   1.4365925E+07   1.2439110E+07   1.2355881E+07   1.2840817E+07   1.2949210E+07   1.4428971E+07   1.4403710E+07   1.2473471E+07   1.2390326E+07
   21.6300   1.2797961E+07   1.2906526E+07   1.4390322E+07   1.4365115E+07   1.2431790E+07   1.2348419E+07   1.2837375E+07   1.2946140E+07   1.4428384E+07   1.4402890E+07   1.2466015E+07   1.2382731E+07
   21.6400   1.2794470E+07   1.2903392E+07   1.4389761E+07   1.4364339E+07   1.2424627E+07   1.2341113E+07   1.2833908E+07   1.2943037E+07   1.4427824E+07   1.4402107E+07   1.2458727E+07   1.2375301E+07
   21.6500   1.2790964E+07   1.2900237E+07   1.4389225E+07   1.4363598E+07   1.2417623E+07   1.2333963E+07   1.2830416E+07   1.2939901E+07   1.4427290E+07   1.4401362E+07   1.2451611E+07   1.2368040E+07
   21.6600   1.2787444E+07   1.2897061E+07   1.4388716E+07   1.4362894E+07   1.2410784E+07   1.2326975E+07   1.2826898E+07   1.2936732E+07   1.4426784E+07   1.4400655E+07   1.2444671E+07   1.2360952E+07
   21.6700   1.2783905E+07   1.2893857E+07   1.4388230E+07   1.4362224E+07   1.2404114E+07   1.2320154E+07   1.2823354E+07   1.2933529E+07   1.4426303E+07   1.4399985E+07   1.2437910E+07   1.2354039E+07
   21.6800   1.2780350E+07   1.2890631E+07   1.4387771E+07   1.4361591E+07   1.2397618E+07   1.2313504E+07   1.2819786E+07   1.2930294E+07   1.4425850E+07   1.4399353E+07   1.2431331E+07   1.2347305E+07
   21.6900   1.2776775E+07   1.2887375E+07   1.4387337E+07   1.4360994E+07   1.2391299E+07   1.2307028E+07   1.2816195E+07   1.2927027E+07   1.4425422E+07   1.4398759E+07   1.2424936E+07   1.2340752E+07
   21.7000   1.2773180E+07   1.2884093E+07   1.4386928E+07   1.4360433E+07   1.2385164E+07   1.2300732E+07   1.2812580E+07   1.2923729E+07   1.4425020E+07   1.4398203E+07   1.2418728E+07   1.2334383E+07
   21.7100   1.2769564E+07   1.2880780E+07   1.4386544E+07   1.4359908E+07   1.2379213E+07   1.2294618E+07   1.2808944E+07   1.2920401E+07   1.4424644E+07   1.4397683E+07   1.2412709E+07   1.2328199E+07
   21.7200   1.2765928E+07   1.2877439E+07   1.4386184E+07   1.4359420E+07   1.2373452E+07   1.2288691E+07   1.2805288E+07   1.2917043E+07   1.4424293E+07   1.4397201E+07   1.2406881E+07   1.2322204E+07
   21.7300   1.2762269E+07   1.2874066E+07   1.4385850E+07   1.4358968E+07   1.2367883E+07   1.2282952E+07   1.2801612E+07   1.2913657E+07   1.4423967E+07   1.4396755E+07   1.2401246E+07   1.2316398E+07
   21.7400   1.2758591E+07   1.2870665E+07   1.4385539E+07   1.4358553E+07   1.2362508E+07   1.2277406E+07   1.2797916E+07   1.2910243E+07   1.4423666E+07   1.4396346E+07   1.2395807E+07   1.2310786E+07
   21.7500   1.2754887E+07   1.2867230E+07   1.4385254E+07   1.4358175E+07   1.2357332E+07   1.2272054E+07   1.2794203E+07   1.2906802E+07   1.4423389E+07   1.4395973E+07   1.2390566E+07   1.2305368E+07
   21.7600   1.2751166E+07   1.2863768E+07   1.4384991E+07   1.4357831E+07   1.2352354E+07   1.2266898E+07   1.2790472E+07   1.2903334E+07   1.4423136E+07   1.4395636E+07   1.2385525E+07   1.2300147E+07
   21.7700   1.2747422E+07   1.2860274E+07   1.4384754E+07   1.4357525E+07   1.2347579E+07   1.2261941E+07   1.2786723E+07   1.2899839E+07   1.4422906E+07   1.4395335E+07   1.2380686E+07   1.2295127E+07
   21.7800   1.2743660E+07   1.2856752E+07   1.4384539E+07   1.4357255E+07   1.2343005E+07   1.2257182E+07   1.2782956E+07   1.2896316E+07   1.4422700E+07   1.4395069E+07   1.2376052E+07   1.2290309E+07
   21.7900   1.2739878E+07   1.2853201E+07   1.4384349E+07   1.4357020E+07   1.2338635E+07   1.2252625E+07   1.2779172E+07   1.2892766E+07   1.4422517E+07   1.4394839E+07   1.2371626E+07   1.2285695E+07
   21.8000   1.2736079E+07   1.2849624E+07   1.4384183E+07   1.4356823E+07   1.2334468E+07   1.2248268E+07   1.2775369E+07   1.2889189E+07   1.4422357E+07   1.4394645E+07   1.2367410E+07   1.2281288E+07
   21.8100   1.2732263E+07   1.2846021E+07   1.4384038E+07   1.4356658E+07   1.2330505E+07   1.2244113E+07   1.2771549E+07   1.2885583E+07   1.4422219E+07   1.4394485E+07   1.2363405E+07   1.2277090E+07
   21.8200   1.2728434E+07   1.2842395E+07   1.4383921E+07   1.4356533E+07   1.2326747E+07   1.2240159E+07   1.2767710E+07   1.2881949E+07   1.4422103E+07   1.4394361E+07   1.2359614E+07   1.2273103E+07
   21.8300   1.2724592E+07   1.2838745E+07   1.4383823E+07   1.4356440E+07   1.2323191E+07   1.2236406E+07   1.2763853E+07   1.2878287E+07   1.4422010E+07   1.4394272E+07   1.2356037E+07   1.2269327E+07
   21.8400   1.2720741E+07   1.2835078E+07   1.4383751E+07   1.4356385E+07   1.2319840E+07   1.2232854E+07   1.2759978E+07   1.2874596E+07   1.4421938E+07   1.4394217E+07   1.2352676E+07   1.2265765E+07
   21.8500   1.2716878E+07   1.2831390E+07   1.4383701E+07   1.4356362E+07   1.2316688E+07   1.2229500E+07   1.2756087E+07   1.2870879E+07   1.4421889E+07   1.4394198E+07   1.2349532E+07   1.2262416E+07
   21.8600   1.2713012E+07   1.2827689E+07   1.4383676E+07   1.4356377E+07   1.2313740E+07   1.2226347E+07   1.2752179E+07   1.2867135E+07   1.4421862E+07   1.4394214E+07   1.2346603E+07   1.2259280E+07
   21.8700   1.2709140E+07   1.2823973E+07   1.4383672E+07   1.4356424E+07   1.2310989E+07   1.2223389E+07   1.2748256E+07   1.2863367E+07   1.4421857E+07   1.4394265E+07   1.2343889E+07   1.2256356E+07
   21.8800   1.2705268E+07   1.2820248E+07   1.4383693E+07   1.4356507E+07   1.2308436E+07   1.2220628E+07   1.2744321E+07   1.2859575E+07   1.4421875E+07   1.4394351E+07   1.2341388E+07   1.2253643E+07
   21.8900   1.2701395E+07   1.2816513E+07   1.4383737E+07   1.4356624E+07   1.2306080E+07   1.2218061E+07   1.2740375E+07   1.2855764E+07   1.4421915E+07   1.4394471E+07   1.2339099E+07   1.2251139E+07
   21.9000   1.2697527E+07   1.2812774E+07   1.4383803E+07   1.4356774E+07   1.2303917E+07   1.2215686E+07   1.2736423E+07   1.2851936E+07   1.4421978E+07   1.4394626E+07   1.2337017E+07   1.2248841E+07
   21.9100   1.2693663E+07   1.2809029E+07   1.4383894E+07   1.4356958E+07   1.2301946E+07   1.2213501E+07   1.2732466E+07   1.2848094E+07   1.4422063E+07   1.4394816E+07   1.2335141E+07   1.2246746E+07
   21.9200   1.2689808E+07   1.2805286E+07   1.4384007E+07   1.4357175E+07   1.2300163E+07   1.2211504E+07   1.2728509E+07   1.2844242E+07   1.4422172E+07   1.4395040E+07   1.2333467E+07   1.2244851E+07
   21.9300   1.2685963E+07   1.2801543E+07   1.4384144E+07   1.4357425E+07   1.2298570E+07   1.2209694E+07   1.2724555E+07   1.2840385E+07   1.4422304E+07   1.4395298E+07   1.2331989E+07   1.2243151E+07
   21.9400   1.2682132E+07   1.2797806E+07   1.4384304E+07   1.4357708E+07   1.2297158E+07   1.2208065E+07   1.2720610E+07   1.2836527E+07   1.4422460E+07   1.4395590E+07   1.2330703E+07   1.2241641E+07
   21.9500   1.2678316E+07   1.2794075E+07   1.4384486E+07   1.4358024E+07   1.2295932E+07   1.2206621E+07   1.2716677E+07   1.2832673E+07   1.4422640E+07   1.4395915E+07   1.2329604E+07   1.2240318E+07
   21.9600   1.2674519E+07   1.2790355E+07   1.4384693E+07   1.4358371E+07   1.2294880E+07   1.2205350E+07   1.2712762E+07   1.2828829E+07   1.4422843E+07   1.4396274E+07   1.2328688E+07   1.2239176E+07
   21.9700   1.2670742E+07   1.2786648E+07   1.4384921E+07   1.4358749E+07   1.2294008E+07   1.2204259E+07   1.2708869E+07   1.2824997E+07   1.4423071E+07   1.4396665E+07   1.2327948E+07   1.2238210E+07
   21.9800   1.2666991E+07   1.2782958E+07   1.4385173E+07   1.4359160E+07   1.2293305E+07   1.2203337E+07   1.2705001E+07   1.2821185E+07   1.4423322E+07   1.4397089E+07   1.2327380E+07   1.2237415E+07
   21.9900   1.2663264E+07   1.2779285E+07   1.4385448E+07   1.4359601E+07   1.2292774E+07   1.2202585E+07   1.2701165E+07   1.2817395E+07   1.4423598E+07   1.4397544E+07   1.2326978E+07   1.2236787E+07
   22.0000   1.2659570E+07   1.2775636E+07   1.4385745E+07   1.4360072E+07   1.2292407E+07   1.2201999E+07   1.2697363E+07   1.2813633E+07   1.4423898E+07   1.4398031E+07   1.2326739E+07   1.2236322E+07
   22.0100   1.2655907E+07   1.2772012E+07   1.4386065E+07   1.4360574E+07   1.2292201E+07   1.2201573E+07   1.2693600E+07   1.2809903E+07   1.4424222E+07   1.4398548E+07   1.2326656E+07   1.2236013E+07
   22.0200   1.2652282E+07   1.2768418E+07   1.4386408E+07   1.4361104E+07   1.2292152E+07   1.2201306E+07   1.2689880E+07   1.2806208E+07   1.4424570E+07   1.4399095E+07   1.2326726E+07   1.2235858E+07
   22.0300   1.2648695E+07   1.2764856E+07   1.4386773E+07   1.4361663E+07   1.2292258E+07   1.2201192E+07   1.2686204E+07   1.2802551E+07   1.4424941E+07   1.4399672E+07   1.2326945E+07   1.2235853E+07
   22.0400   1.2645153E+07   1.2761331E+07   1.4387160E+07   1.4362251E+07   1.2292510E+07   1.2201227E+07   1.2682578E+07   1.2798937E+07   1.4425336E+07   1.4400278E+07   1.2327309E+07   1.2235993E+07
   22.0500   1.2641656E+07   1.2757845E+07   1.4387570E+07   1.4362867E+07   1.2292907E+07   1.2201407E+07   1.2679003E+07   1.2795368E+07   1.4425754E+07   1.4400911E+07   1.2327814E+07   1.2236276E+07
   22.0600   1.2638210E+07   1.2754403E+07   1.4388002E+07   1.4363510E+07   1.2293442E+07   1.2201727E+07   1.2675481E+07   1.2791847E+07   1.4426194E+07   1.4401573E+07   1.2328456E+07   1.2236698E+07
   22.0700   1.2634818E+07   1.2751011E+07   1.4388456E+07   1.4364178E+07   1.2294110E+07   1.2202181E+07   1.2672016E+07   1.2788376E+07   1.4426657E+07   1.4402261E+07   1.2329232E+07   1.2237255E+07
   22.0800   1.2631483E+07   1.2747668E+07   1.4388931E+07   1.4364873E+07   1.2294909E+07   1.2202767E+07   1.2668610E+07   1.2784957E+07   1.4427143E+07   1.4402975E+07   1.2330139E+07   1.2237945E+07
   22.0900   1.2628208E+07   1.2744382E+07   1.4389429E+07   1.4365594E+07   1.2295829E+07   1.2203477E+07   1.2665265E+07   1.2781595E+07   1.4427649E+07   1.4403715E+07   1.2331172E+07   1.2238763E+07
   22.1000   1.2625000E+07   1.2741156E+07   1.4389947E+07   1.4366339E+07   1.2296867E+07   1.2204306E+07   1.2661983E+07   1.2778290E+07   1.4428178E+07   1.4404480E+07   1.2332329E+07   1.2239706E+07
   22.1100   1.2621857E+07   1.2737990E+07   1.4390489E+07   1.4367109E+07   1.2298020E+07   1.2205253E+07   1.2658767E+07   1.2775045E+07   1.4428727E+07   1.4405269E+07   1.2333604E+07   1.2240771E+07
   22.1200   1.2618787E+07   1.2734893E+07   1.4391050E+07   1.4367901E+07   1.2299278E+07   1.2206308E+07   1.2655620E+07   1.2771864E+07   1.4429297E+07   1.4406081E+07   1.2334994E+07   1.2241952E+07
   22.1300   1.2615792E+07   1.2731866E+07   1.4391633E+07   1.4368717E+07   1.2300639E+07   1.2207468E+07   1.2652543E+07   1.2768749E+07   1.4429887E+07   1.4406916E+07   1.2336494E+07   1.2243246E+07
   22.1400   1.2612872E+07   1.2728910E+07   1.4392237E+07   1.4369555E+07   1.2302098E+07   1.2208729E+07   1.2649541E+07   1.2765703E+07   1.4430497E+07   1.4407773E+07   1.2338099E+07   1.2244647E+07
   22.1500   1.2610034E+07   1.2726032E+07   1.4392862E+07   1.4370414E+07   1.2303648E+07   1.2210084E+07   1.2646615E+07   1.2762730E+07   1.4431127E+07   1.4408651E+07   1.2339803E+07   1.2246151E+07
   22.1600   1.2607278E+07   1.2723232E+07   1.4393507E+07   1.4371294E+07   1.2305284E+07   1.2211529E+07   1.2643770E+07   1.2759833E+07   1.4431777E+07   1.4409550E+07   1.2341601E+07   1.2247752E+07
   22.1700   1.2604608E+07   1.2720515E+07   1.4394173E+07   1.4372196E+07   1.2307005E+07   1.2213061E+07   1.2641009E+07   1.2757017E+07   1.4432447E+07   1.4410469E+07   1.2343486E+07   1.2249443E+07
   22.1800   1.2602026E+07   1.2717882E+07   1.4394859E+07   1.4373117E+07   1.2308799E+07   1.2214672E+07   1.2638336E+07   1.2754284E+07   1.4433136E+07   1.4411407E+07   1.2345453E+07   1.2251220E+07
   22.1900   1.2599530E+07   1.2715333E+07   1.4395565E+07   1.4374057E+07   1.2310670E+07   1.2216361E+07   1.2635753E+07   1.2751640E+07   1.4433845E+07   1.4412364E+07   1.2347494E+07   1.2253075E+07
   22.2000   1.2597130E+07   1.2712877E+07   1.4396291E+07   1.4375015E+07   1.2312604E+07   1.2218119E+07   1.2633265E+07   1.2749086E+07   1.4434573E+07   1.4413340E+07   1.2349604E+07   1.2255002E+07
   22.2100   1.2594820E+07   1.2710508E+07   1.4397037E+07   1.4375993E+07   1.2314606E+07   1.2219948E+07   1.2630874E+07   1.2746628E+07   1.4435321E+07   1.4414333E+07   1.2351775E+07   1.2256996E+07
   22.2200   1.2592604E+07   1.2708231E+07   1.4397801E+07   1.4376987E+07   1.2316663E+07   1.2221837E+07   1.2628585E+07   1.2744269E+07   1.4436088E+07   1.4415343E+07   1.2354002E+07   1.2259049E+07
   22.2300   1.2590486E+07   1.2706050E+07   1.4398585E+07   1.4377998E+07   1.2318777E+07   1.2223786E+07   1.2626399E+07   1.2742012E+07   1.4436875E+07   1.4416370E+07   1.2356277E+07   1.2261156E+07
   22.2400   1.2588463E+07   1.2703962E+07   1.4399387E+07   1.4379026E+07   1.2320940E+07   1.2225789E+07   1.2624319E+07   1.2739860E+07   1.4437680E+07   1.4417413E+07   1.2358596E+07   1.2263310E+07
   22.2500   1.2586536E+07   1.2701969E+07   1.4400207E+07   1.4380069E+07   1.2323150E+07   1.2227843E+07   1.2622348E+07   1.2737815E+07   1.4438505E+07   1.4418471E+07   1.2360951E+07   1.2265506E+07
   22.2600   1.2584711E+07   1.2700075E+07   1.4401046E+07   1.4381127E+07   1.2325402E+07   1.2229943E+07   1.2620487E+07   1.2735878E+07   1.4439350E+07   1.4419544E+07   1.2363339E+07   1.2267740E+07
   22.2700   1.2582981E+07   1.2698276E+07   1.4401902E+07   1.4382200E+07   1.2327693E+07   1.2232087E+07   1.2618737E+07   1.2734053E+07   1.4440213E+07   1.4420632E+07   1.2365754E+07   1.2270006E+07
   22.2800   1.2581355E+07   1.2696578E+07   1.4402775E+07   1.4383286E+07   1.2330015E+07   1.2234268E+07   1.2617099E+07   1.2732339E+07   1.4441095E+07   1.4421734E+07   1.2368191E+07   1.2272299E+07
   22.2900   1.2579825E+07   1.2694977E+07   1.4403665E+07   1.4384386E+07   1.2332371E+07   1.2236486E+07   1.2615573E+07   1.2730736E+07   1.4441995E+07   1.4422850E+07   1.2370647E+07   1.2274617E+07
   22.3000   1.2578397E+07   1.2693477E+07   1.4404572E+07   1.4385499E+07   1.2334751E+07   1.2238732E+07   1.2614159E+07   1.2729245E+07   1.4442914E+07   1.4423978E+07   1.2373119E+07   1.2276955E+07
   22.3100   1.2577070E+07   1.2692076E+07   1.4405494E+07   1.4386622E+07   1.2337155E+07   1.2241008E+07   1.2612855E+07   1.2727865E+07   1.4443850E+07   1.4425119E+07   1.2375603E+07   1.2279311E+07
   22.3200   1.2575842E+07   1.2690775E+07   1.4406432E+07   1.4387757E+07   1.2339578E+07   1.2243308E+07   1.2611661E+07   1.2726594E+07   1.4444803E+07   1.4426272E+07   1.2378097E+07   1.2281683E+07
   22.3300   1.2574716E+07   1.2689575E+07   1.4407385E+07   1.4388903E+07   1.2342016E+07   1.2245627E+07   1.2610575E+07   1.2725431E+07   1.4445773E+07   1.4427436E+07   1.2380599E+07   1.2284067E+07
   22.3400   1.2573689E+07   1.2688474E+07   1.4408350E+07   1.4390057E+07   1.2344467E+07   1.2247964E+07   1.2609594E+07   1.2724375E+07   1.4446758E+07   1.4428611E+07   1.2383108E+07   1.2286463E+07
   22.3500   1.2572762E+07   1.2687473E+07   1.4409331E+07   1.4391221E+07   1.2346926E+07   1.2250314E+07   1.2608718E+07   1.2723422E+07   1.4447759E+07   1.4429795E+07   1.2385621E+07   1.2288868E+07
   22.3600   1.2571935E+07   1.2686571E+07   1.4410323E+07   1.4392391E+07   1.2349391E+07   1.2252674E+07   1.2607944E+07   1.2722572E+07   1.4448775E+07   1.4430989E+07   1.2388136E+07   1.2291281E+07
   22.3700   1.2571205E+07   1.2685769E+07   1.4411328E+07   1.4393570E+07   1.2351860E+07   1.2255044E+07   1.2607269E+07   1.2721823E+07   1.4449804E+07   1.4432191E+07   1.2390653E+07   1.2293701E+07
   22.3800   1.2570574E+07   1.2685064E+07   1.4412343E+07   1.4394753E+07   1.2354327E+07   1.2257416E+07   1.2606692E+07   1.2721171E+07   1.4450845E+07   1.4433400E+07   1.2393170E+07   1.2296124E+07
   22.3900   1.2570039E+07   1.2684455E+07   1.4413370E+07   1.4395943E+07   1.2356794E+07   1.2259793E+07   1.2606210E+07   1.2720615E+07   1.4451899E+07   1.4434616E+07   1.2395685E+07   1.2298551E+07
   22.4000   1.2569599E+07   1.2683943E+07   1.4414405E+07   1.4397135E+07   1.2359254E+07   1.2262169E+07   1.2605822E+07   1.2720153E+07   1.4452963E+07   1.4435838E+07   1.2398197E+07   1.2300980E+07
   22.4100   1.2569250E+07   1.2683523E+07   1.4415450E+07   1.4398332E+07   1.2361710E+07   1.2264544E+07   1.2605525E+07   1.2719783E+07   1.4454037E+07   1.4437064E+07   1.2400704E+07   1.2303407E+07
   22.4200   1.2568995E+07   1.2683196E+07   1.4416502E+07   1.4399531E+07   1.2364155E+07   1.2266914E+07   1.2605318E+07   1.2719503E+07   1.4455119E+07   1.4438294E+07   1.2403204E+07   1.2305833E+07
   22.4300   1.2568826E+07   1.2682956E+07   1.4417560E+07   1.4400731E+07   1.2366594E+07   1.2269282E+07   1.2605200E+07   1.2719313E+07   1.4456209E+07   1.4439526E+07   1.2405695E+07   1.2308254E+07
   22.4400   1.2568745E+07   1.2682805E+07   1.4418625E+07   1.4401932E+07   1.2369018E+07   1.2271639E+07   1.2605168E+07   1.2719210E+07   1.4457305E+07   1.4440759E+07   1.2408174E+07   1.2310668E+07
   22.4500   1.2568745E+07   1.2682736E+07   1.4419693E+07   1.4403132E+07   1.2371433E+07   1.2273993E+07   1.2605221E+07   1.2719193E+07   1.4458407E+07   1.4441992E+07   1.2410641E+07   1.2313073E+07
   22.4600   1.2568827E+07   1.2682749E+07   1.4420767E+07   1.4404332E+07   1.2373835E+07   1.2276337E+07   1.2605358E+07   1.2719260E+07   1.4459513E+07   1.4443224E+07   1.2413092E+07   1.2315468E+07
   22.4700   1.2568986E+07   1.2682840E+07   1.4421840E+07   1.4405527E+07   1.2376222E+07   1.2278671E+07   1.2605576E+07   1.2719410E+07   1.4460621E+07   1.4444453E+07   1.2415526E+07   1.2317850E+07
   22.4800   1.2569218E+07   1.2683004E+07   1.4422917E+07   1.4406721E+07   1.2378599E+07   1.2280998E+07   1.2605875E+07   1.2719640E+07   1.4461731E+07   1.4445679E+07   1.2417940E+07   1.2320217E+07
   22.4900   1.2569520E+07   1.2683240E+07   1.4423993E+07   1.4407909E+07   1.2380959E+07   1.2283313E+07   1.2606251E+07   1.2719949E+07   1.4462842E+07   1.4446900E+07   1.2420334E+07   1.2322568E+07
   22.5000   1.2569888E+07   1.2683541E+07   1.4425068E+07   1.4409092E+07   1.2383307E+07   1.2285620E+07   1.2606702E+07   1.2720334E+07   1.4463951E+07   1.4448114E+07   1.2422706E+07   1.2324901E+07
   22.5100   1.2570319E+07   1.2683906E+07   1.4426140E+07   1.4410269E+07   1.2385641E+07   1.2287916E+07   1.2607226E+07   1.2720792E+07   1.4465059E+07   1.4449322E+07   1.2425055E+07   1.2327216E+07
   22.5200   1.2570810E+07   1.2684331E+07   1.4427210E+07   1.4411439E+07   1.2387960E+07   1.2290201E+07   1.2607818E+07   1.2721320E+07   1.4466163E+07   1.4450521E+07   1.2427381E+07   1.2329511E+07
   22.5300   1.2571352E+07   1.2684807E+07   1.4428274E+07   1.4412600E+07   1.2390269E+07   1.2292478E+07   1.2608476E+07   1.2721914E+07   1.4467263E+07   1.4451711E+07   1.2429683E+07   1.2331787E+07
   22.5400   1.2571946E+07   1.2685337E+07   1.4429333E+07   1.4413752E+07   1.2392562E+07   1.2294744E+07   1.2609194E+07   1.2722569E+07   1.4468357E+07   1.4452891E+07   1.2431963E+07   1.2334044E+07
   22.5500   1.2572587E+07   1.2685911E+07   1.4430383E+07   1.4414893E+07   1.2394843E+07   1.2297000E+07   1.2609968E+07   1.2723281E+07   1.4469444E+07   1.4454060E+07   1.2434220E+07   1.2336282E+07
   22.5600   1.2573268E+07   1.2686528E+07   1.4431426E+07   1.4416023E+07   1.2397112E+07   1.2299247E+07   1.2610794E+07   1.2724045E+07   1.4470522E+07   1.4455216E+07   1.2436456E+07   1.2338502E+07
   22.5700   1.2573988E+07   1.2687182E+07   1.4432459E+07   1.4417140E+07   1.2399369E+07   1.2301485E+07   1.2611665E+07   1.2724855E+07   1.4471591E+07   1.4456359E+07   1.2438672E+07   1.2340706E+07
   22.5800   1.2574740E+07   1.2687869E+07   1.4433481E+07   1.4418245E+07   1.2401615E+07   1.2303713E+07   1.2612575E+07   1.2725704E+07   1.4472649E+07   1.4457488E+07   1.2440871E+07   1.2342895E+07
   22.5900   1.2575522E+07   1.2688586E+07   1.4434490E+07   1.4419335E+07   1.2403847E+07   1.2305931E+07   1.2613520E+07   1.2726588E+07   1.4473695E+07   1.4458603E+07   1.2443054E+07   1.2345070E+07
   22.6000   1.2576328E+07   1.2689326E+07   1.4435487E+07   1.4420410E+07   1.2406072E+07   1.2308144E+07   1.2614492E+07   1.2727498E+07   1.4474727E+07   1.4459702E+07   1.2445224E+07   1.2347235E+07
   22.6100   1.2577154E+07   1.2690087E+07   1.4436468E+07   1.4421468E+07   1.2408286E+07   1.2310346E+07   1.2615485E+07   1.2728430E+07   1.4475745E+07   1.4460784E+07   1.2447382E+07   1.2349390E+07
   22.6200   1.2577997E+07   1.2690863E+07   1.4437434E+07   1.4422509E+07   1.2410490E+07   1.2312542E+07   1.2616493E+07   1.2729376E+07   1.4476746E+07   1.4461849E+07   1.2449532E+07   1.2351539E+07
   22.6300   1.2578849E+07   1.2691649E+07   1.4438382E+07   1.4423532E+07   1.2412686E+07   1.2314731E+07   1.2617510E+07   1.2730330E+07   1.4477730E+07   1.4462896E+07   1.2451675E+07   1.2353682E+07
   22.6400   1.2579711E+07   1.2692442E+07   1.4439311E+07   1.4424535E+07   1.2414875E+07   1.2316914E+07   1.2618529E+07   1.2731286E+07   1.4478696E+07   1.4463924E+07   1.2453814E+07   1.2355822E+07
   22.6500   1.2580573E+07   1.2693236E+07   1.4440221E+07   1.4425518E+07   1.2417056E+07   1.2319090E+07   1.2619545E+07   1.2732237E+07   1.4479642E+07   1.4464933E+07   1.2455950E+07   1.2357960E+07
   22.6600   1.2581433E+07   1.2694027E+07   1.4441109E+07   1.4426479E+07   1.2419233E+07   1.2321263E+07   1.2620552E+07   1.2733179E+07   1.4480566E+07   1.4465920E+07   1.2458086E+07   1.2360098E+07
   22.6700   1.2582287E+07   1.2694810E+07   1.4441975E+07   1.4427418E+07   1.2421403E+07   1.2323430E+07   1.2621545E+07   1.2734105E+07   1.4481468E+07   1.4466886E+07   1.2460222E+07   1.2362237E+07
   22.6800   1.2583126E+07   1.2695579E+07   1.4442816E+07   1.4428333E+07   1.2423572E+07   1.2325597E+07   1.2622519E+07   1.2735012E+07   1.4482347E+07   1.4467830E+07   1.2462360E+07   1.2364379E+07
   22.6900   1.2583952E+07   1.2696332E+07   1.4443632E+07   1.4429224E+07   1.2425737E+07   1.2327760E+07   1.2623470E+07   1.2735893E+07   1.4483200E+07   1.4468750E+07   1.2464500E+07   1.2366523E+07
   22.7000   1.2584755E+07   1.2697061E+07   1.4444421E+07   1.4430089E+07   1.2427903E+07   1.2329924E+07   1.2624393E+07   1.2736744E+07   1.4484028E+07   1.4469646E+07   1.2466645E+07   1.2368670E+07
   22.7100   1.2585532E+07   1.2697762E+07   1.4445181E+07   1.4430927E+07   1.2430068E+07   1.2332087E+07   1.2625284E+07   1.2737563E+07   1.4484827E+07   1.4470515E+07   1.2468793E+07   1.2370821E+07
   22.7200   1.2586278E+07   1.2698431E+07   1.4445912E+07   1.4431737E+07   1.2432237E+07   1.2334254E+07   1.2626139E+07   1.2738343E+07   1.4485597E+07   1.4471358E+07   1.2470946E+07   1.2372976E+07
   22.7300   1.2586989E+07   1.2699063E+07   1.4446612E+07   1.4432519E+07   1.2434407E+07   1.2336422E+07   1.2626955E+07   1.2739083E+07   1.4486337E+07   1.4472173E+07   1.2473103E+07   1.2375135E+07
   22.7400   1.2587659E+07   1.2699652E+07   1.4447278E+07   1.4433269E+07   1.2436585E+07   1.2338597E+07   1.2627728E+07   1.2739778E+07   1.4487045E+07   1.4472958E+07   1.2475266E+07   1.2377298E+07
   22.7500   1.2588286E+07   1.2700196E+07   1.4447913E+07   1.4433990E+07   1.2438768E+07   1.2340777E+07   1.2628455E+07   1.2740425E+07   1.4487719E+07   1.4473713E+07   1.2477434E+07   1.2379466E+07
   22.7600   1.2588861E+07   1.2700686E+07   1.4448510E+07   1.4434677E+07   1.2440960E+07   1.2342965E+07   1.2629133E+07   1.2741020E+07   1.4488359E+07   1.4474437E+07   1.2479608E+07   1.2381639E+07
   22.7700   1.2589385E+07   1.2701122E+07   1.4449070E+07   1.4435331E+07   1.2443162E+07   1.2345161E+07   1.2629758E+07   1.2741561E+07   1.4488962E+07   1.4475126E+07   1.2481787E+07   1.2383817E+07
   22.7800   1.2589849E+07   1.2701496E+07   1.4449593E+07   1.4435951E+07   1.2445375E+07   1.2347367E+07   1.2630326E+07   1.2742042E+07   1.4489527E+07   1.4475782E+07   1.2483974E+07   1.2386000E+07
   22.7900   1.2590252E+07   1.2701806E+07   1.4450075E+07   1.4436535E+07   1.2447600E+07   1.2349584E+07   1.2630834E+07   1.2742461E+07   1.4490053E+07   1.4476402E+07   1.2486169E+07   1.2388191E+07
   22.8000   1.2590589E+07   1.2702047E+07   1.4450516E+07   1.4437082E+07   1.2449837E+07   1.2351811E+07   1.2631278E+07   1.2742813E+07   1.4490538E+07   1.4476985E+07   1.2488373E+07   1.2390389E+07
   22.8100   1.2590857E+07   1.2702217E+07   1.4450915E+07   1.4437590E+07   1.2452092E+07   1.2354054E+07   1.2631655E+07   1.2743095E+07   1.4490980E+07   1.4477529E+07   1.2490588E+07   1.2392596E+07
   22.8200   1.2591052E+07   1.2702310E+07   1.4451269E+07   1.4438060E+07   1.2454357E+07   1.2356306E+07   1.2631960E+07   1.2743303E+07   1.4491378E+07   1.4478034E+07   1.2492815E+07   1.2394813E+07
   22.8300   1.2591171E+07   1.2702324E+07   1.4451578E+07   1.4438490E+07   1.2456642E+07   1.2358576E+07   1.2632189E+07   1.2743431E+07   1.4491730E+07   1.4478498E+07   1.2495055E+07   1.2397043E+07
   22.8400   1.2591212E+07   1.2702257E+07   1.4451841E+07   1.4438877E+07   1.2458940E+07   1.2360857E+07   1.2632338E+07   1.2743477E+07   1.4492034E+07   1.4478920E+07   1.2497312E+07   1.2399286E+07
   22.8500   1.2591169E+07   1.2702103E+07   1.4452056E+07   1.4439223E+07   1.2461255E+07   1.2363152E+07   1.2632403E+07   1.2743435E+07   1.4492290E+07   1.4479298E+07   1.2499586E+07   1.2401544E+07
   22.8600   1.2591044E+07   1.2701863E+07   1.4452220E+07   1.4439524E+07   1.2463587E+07   1.2365463E+07   1.2632380E+07   1.2743301E+07   1.4492495E+07   1.4479632E+07   1.2501879E+07   1.2403820E+07
   22.8700   1.2590830E+07   1.2701531E+07   1.4452336E+07   1.4439782E+07   1.2465935E+07   1.2367787E+07   1.2632265E+07   1.2743071E+07   1.4492649E+07   1.4479920E+07   1.2504193E+07   1.2406114E+07
   22.8800   1.2590529E+07   1.2701109E+07   1.4452399E+07   1.4439992E+07   1.2468298E+07   1.2370124E+07   1.2632054E+07   1.2742742E+07   1.4492749E+07   1.4480162E+07   1.2506529E+07   1.2408427E+07
   22.8900   1.2590134E+07   1.2700589E+07   1.4452409E+07   1.4440156E+07   1.2470679E+07   1.2372477E+07   1.2631744E+07   1.2742310E+07   1.4492794E+07   1.4480355E+07   1.2508890E+07   1.2410762E+07
   22.9000   1.2589650E+07   1.2699976E+07   1.4452365E+07   1.4440272E+07   1.2473074E+07   1.2374841E+07   1.2631332E+07   1.2741772E+07   1.4492784E+07   1.4480500E+07   1.2511274E+07   1.2413118E+07
   22.9100   1.2589068E+07   1.2699262E+07   1.4452267E+07   1.4440339E+07   1.2475484E+07   1.2377218E+07   1.2630816E+07   1.2741125E+07   1.4492717E+07   1.4480595E+07   1.2513683E+07   1.2415496E+07
   22.9200   1.2588392E+07   1.2698450E+07   1.4452112E+07   1.4440357E+07   1.2477909E+07   1.2379606E+07   1.2630192E+07   1.2740367E+07   1.4492592E+07   1.4480639E+07   1.2516118E+07   1.2417896E+07
   22.9300   1.2587617E+07   1.2697536E+07   1.4451902E+07   1.4440324E+07   1.2480346E+07   1.2382006E+07   1.2629460E+07   1.2739496E+07   1.4492407E+07   1.4480631E+07   1.2518576E+07   1.2420317E+07
   22.9400   1.2586744E+07   1.2696520E+07   1.4451631E+07   1.4440237E+07   1.2482797E+07   1.2384415E+07   1.2628617E+07   1.2738510E+07   1.4492163E+07   1.4480571E+07   1.2521058E+07   1.2422759E+07
   22.9500   1.2585769E+07   1.2695399E+07   1.4451305E+07   1.4440101E+07   1.2485260E+07   1.2386835E+07   1.2627664E+07   1.2737409E+07   1.4491857E+07   1.4480457E+07   1.2523563E+07   1.2425219E+07
   22.9600   1.2584695E+07   1.2694175E+07   1.4450915E+07   1.4439907E+07   1.2487733E+07   1.2389262E+07   1.2626599E+07   1.2736193E+07   1.4491490E+07   1.4480288E+07   1.2526087E+07   1.2427697E+07
   22.9700   1.2583518E+07   1.2692844E+07   1.4450469E+07   1.4439664E+07   1.2490217E+07   1.2391697E+07   1.2625423E+07   1.2734861E+07   1.4491061E+07   1.4480064E+07   1.2528630E+07   1.2430190E+07
   22.9800   1.2582240E+07   1.2691409E+07   1.4449958E+07   1.4439361E+07   1.2492709E+07   1.2394139E+07   1.2624136E+07   1.2733414E+07   1.4490569E+07   1.4479785E+07   1.2531188E+07   1.2432696E+07
   22.9900   1.2580856E+07   1.2689864E+07   1.4449386E+07   1.4439004E+07   1.2495209E+07   1.2396586E+07   1.2622738E+07   1.2731852E+07   1.4490013E+07   1.4479448E+07   1.2533759E+07   1.2435212E+07
   23.0000   1.2579372E+07   1.2688215E+07   1.4448751E+07   1.4438590E+07   1.2497716E+07   1.2399036E+07   1.2621231E+07   1.2730178E+07   1.4489393E+07   1.4479054E+07   1.2536341E+07   1.2437735E+07
   23.0100   1.2577782E+07   1.2686458E+07   1.4448053E+07   1.4438118E+07   1.2500228E+07   1.2401490E+07   1.2619615E+07   1.2728391E+07   1.4488709E+07   1.4478603E+07   1.2538929E+07   1.2440262E+07
   23.0200   1.2576090E+07   1.2684595E+07   1.4447290E+07   1.4437587E+07   1.2502743E+07   1.2403944E+07   1.2617892E+07   1.2726494E+07   1.4487960E+07   1.4478092E+07   1.2541521E+07   1.2442791E+07
   23.0300   1.2574295E+07   1.2682624E+07   1.4446461E+07   1.4436997E+07   1.2505263E+07   1.2406401E+07   1.2616064E+07   1.2724487E+07   1.4487146E+07   1.4477522E+07   1.2544114E+07   1.2445318E+07
   23.0400   1.2572397E+07   1.2680549E+07   1.4445567E+07   1.4436347E+07   1.2507780E+07   1.2408852E+07   1.2614131E+07   1.2722373E+07   1.4486266E+07   1.4476891E+07   1.2546706E+07   1.2447841E+07
   23.0500   1.2570398E+07   1.2678368E+07   1.4444607E+07   1.4435636E+07   1.2510297E+07   1.2411302E+07   1.2612095E+07   1.2720153E+07   1.4485320E+07   1.4476200E+07   1.2549292E+07   1.2450357E+07
   23.0600   1.2568299E+07   1.2676085E+07   1.4443581E+07   1.4434864E+07   1.2512810E+07   1.2413745E+07   1.2609957E+07   1.2717828E+07   1.4484306E+07   1.4475447E+07   1.2551872E+07   1.2452864E+07
   23.0700   1.2566099E+07   1.2673697E+07   1.4442486E+07   1.4434030E+07   1.2515318E+07   1.2416181E+07   1.2607720E+07   1.2715400E+07   1.4483226E+07   1.4474632E+07   1.2554442E+07   1.2455359E+07
   23.0800   1.2563805E+07   1.2671212E+07   1.4441326E+07   1.4433134E+07   1.2517815E+07   1.2418605E+07   1.2605383E+07   1.2712871E+07   1.4482077E+07   1.4473754E+07   1.2557001E+07   1.2457842E+07
   23.0900   1.2561411E+07   1.2668624E+07   1.4440097E+07   1.4432174E+07   1.2520303E+07   1.2421017E+07   1.2602949E+07   1.2710241E+07   1.4480861E+07   1.4472812E+07   1.2559546E+07   1.2460308E+07
   23.1000   1.2558927E+07   1.2665943E+07   1.4438801E+07   1.4431152E+07   1.2522777E+07   1.2423414E+07   1.2600420E+07   1.2707513E+07   1.4479575E+07   1.4471806E+07   1.2562076E+07   1.2462758E+07
   23.1100   1.2556349E+07   1.2663167E+07   1.4437438E+07   1.4430066E+07   1.2525232E+07   1.2425791E+07   1.2597796E+07   1.2704687E+07   1.4478221E+07   1.4470735E+07   1.2564589E+07   1.2465189E+07
   23.1200   1.2553683E+07   1.2660299E+07   1.4436005E+07   1.4428916E+07   1.2527669E+07   1.2428148E+07   1.2595079E+07   1.2701766E+07   1.4476797E+07   1.4469598E+07   1.2567083E+07   1.2467600E+07
   23.1300   1.2550930E+07   1.2657343E+07   1.4434507E+07   1.4427702E+07   1.2530081E+07   1.2430479E+07   1.2592271E+07   1.2698752E+07   1.4475303E+07   1.4468395E+07   1.2569557E+07   1.2469988E+07
   23.1400   1.2548093E+07   1.2654300E+07   1.4432941E+07   1.4426424E+07   1.2532466E+07   1.2432781E+07   1.2589373E+07   1.2695645E+07   1.4473739E+07   1.4467126E+07   1.2572007E+07   1.2472353E+07
   23.1500   1.2545176E+07   1.2651176E+07   1.4431308E+07   1.4425082E+07   1.2534822E+07   1.2435054E+07   1.2586389E+07   1.2692450E+07   1.4472104E+07   1.4465790E+07   1.2574433E+07   1.2474692E+07
   23.1600   1.2542179E+07   1.2647969E+07   1.4429609E+07   1.4423676E+07   1.2537141E+07   1.2437290E+07   1.2583320E+07   1.2689168E+07   1.4470400E+07   1.4464387E+07   1.2576832E+07   1.2477003E+07
   23.1700   1.2539108E+07   1.2644687E+07   1.4427845E+07   1.4422208E+07   1.2539424E+07   1.2439487E+07   1.2580169E+07   1.2685801E+07   1.4468625E+07   1.4462917E+07   1.2579201E+07   1.2479283E+07
   23.1800   1.2535964E+07   1.2641332E+07   1.4426015E+07   1.4420675E+07   1.2541664E+07   1.2441643E+07   1.2576939E+07   1.2682354E+07   1.4466781E+07   1.4461380E+07   1.2581537E+07   1.2481529E+07
   23.1900   1.2532750E+07   1.2637904E+07   1.4424123E+07   1.4419082E+07   1.2543858E+07   1.2443751E+07   1.2573634E+07   1.2678829E+07   1.4464868E+07   1.4459776E+07   1.2583836E+07   1.2483739E+07
   23.2000   1.2529469E+07   1.2634411E+07   1.4422167E+07   1.4417425E+07   1.2546004E+07   1.2445811E+07   1.2570256E+07   1.2675230E+07   1.4462886E+07   1.4458106E+07   1.2586095E+07   1.2485908E+07
   23.2100   1.2526124E+07   1.2630852E+07   1.4420151E+07   1.4415709E+07   1.2548095E+07   1.2447816E+07   1.2566809E+07   1.2671562E+07   1.4460837E+07   1.4456369E+07   1.2588310E+07   1.2488032E+07
   23.2200   1.2522719E+07   1.2627233E+07   1.4418075E+07   1.4413933E+07   1.2550128E+07   1.2449763E+07   1.2563298E+07   1.2667828E+07   1.4458722E+07   1.4454567E+07   1.2590475E+07   1.2490107E+07
   23.2300   1.2519254E+07   1.2623554E+07   1.4415940E+07   1.4412099E+07   1.2552100E+07   1.2451649E+07   1.2559727E+07   1.2664033E+07   1.4456543E+07   1.4452701E+07   1.2592586E+07   1.2492127E+07
   23.2400   1.2515735E+07   1.2619822E+07   1.4413750E+07   1.4410207E+07   1.2554007E+07   1.2453469E+07   1.2556099E+07   1.2660182E+07   1.4454300E+07   1.4450772E+07   1.2594637E+07   1.2494089E+07
   23.2500   1.2512162E+07   1.2616036E+07   1.4411504E+07   1.4408260E+07   1.2555843E+07   1.2455220E+07   1.2552419E+07   1.2656279E+07   1.4451996E+07   1.4448781E+07   1.2596623E+07   1.2495985E+07
   23.2600   1.2508538E+07   1.2612201E+07   1.4409206E+07   1.4406260E+07   1.2557607E+07   1.2456898E+07   1.2548690E+07   1.2652328E+07   1.4449634E+07   1.4446730E+07   1.2598538E+07   1.2497811E+07
   23.2700   1.2504868E+07   1.2608321E+07   1.4406857E+07   1.4404206E+07   1.2559293E+07   1.2458498E+07   1.2544918E+07   1.2648334E+07   1.4447216E+07   1.4444622E+07   1.2600376E+07   1.2499561E+07
   23.2800   1.2501150E+07   1.2604395E+07   1.4404460E+07   1.4402103E+07   1.2560898E+07   1.2460018E+07   1.2541105E+07   1.2644301E+07   1.4444744E+07   1.4442457E+07   1.2602131E+07   1.2501230E+07
   23.2900   1.2497393E+07   1.2600432E+07   1.4402016E+07   1.4399950E+07   1.2562417E+07   1.2461452E+07   1.2537255E+07   1.2640233E+07   1.4442221E+07   1.4440239E+07   1.2603799E+07   1.2502811E+07
   23.3000   1.2493592E+07   1.2596428E+07   1.4399531E+07   1.4397754E+07   1.2563847E+07   1.2462797E+07   1.2533372E+07   1.2636135E+07   1.4439650E+07   1.4437969E+07   1.2605373E+07   1.2504300E+07
   23.3100   1.2489757E+07   1.2592392E+07   1.4397003E+07   1.4395511E+07   1.2565182E+07   1.2464048E+07   1.2529459E+07   1.2632009E+07   1.4437035E+07   1.4435652E+07   1.2606848E+07   1.2505690E+07
   23.3200   1.2485884E+07   1.2588321E+07   1.4394438E+07   1.4393228E+07   1.2566422E+07   1.2465203E+07   1.2525518E+07   1.2627858E+07   1.4434379E+07   1.4433289E+07   1.2608219E+07   1.2506977E+07
   23.3300   1.2481980E+07   1.2584224E+07   1.4391837E+07   1.4390904E+07   1.2567557E+07   1.2466254E+07   1.2521551E+07   1.2623685E+07   1.4431685E+07   1.4430883E+07   1.2609481E+07   1.2508157E+07
   23.3400   1.2478046E+07   1.2580099E+07   1.4389204E+07   1.4388545E+07   1.2568589E+07   1.2467203E+07   1.2517561E+07   1.2619494E+07   1.4428956E+07   1.4428438E+07   1.2610630E+07   1.2509224E+07
   23.3500   1.2474084E+07   1.2575951E+07   1.4386540E+07   1.4386150E+07   1.2569509E+07   1.2468040E+07   1.2513549E+07   1.2615285E+07   1.4426197E+07   1.4425958E+07   1.2611661E+07   1.2510174E+07
   23.3600   1.2470099E+07   1.2571784E+07   1.4383850E+07   1.4383725E+07   1.2570316E+07   1.2468765E+07   1.2509518E+07   1.2611061E+07   1.4423411E+07   1.4423444E+07   1.2612571E+07   1.2511004E+07
   23.3700   1.2466090E+07   1.2567600E+07   1.4381135E+07   1.4381269E+07   1.2571006E+07   1.2469372E+07   1.2505467E+07   1.2606824E+07   1.4420601E+07   1.4420901E+07   1.2613357E+07   1.2511710E+07
   23.3800   1.2462063E+07   1.2563401E+07   1.4378399E+07   1.4378787E+07   1.2571574E+07   1.2469858E+07   1.2501399E+07   1.2602574E+07   1.4417771E+07   1.4418331E+07   1.2614015E+07   1.2512288E+07
   23.3900   1.2458020E+07   1.2559192E+07   1.4375645E+07   1.4376279E+07   1.2572017E+07   1.2470220E+07   1.2497314E+07   1.2598315E+07   1.4414924E+07   1.4415739E+07   1.2614542E+07   1.2512736E+07
   23.4000   1.2453962E+07   1.2554975E+07   1.4372876E+07   1.4373751E+07   1.2572333E+07   1.2470455E+07   1.2493214E+07   1.2594046E+07   1.4412064E+07   1.4413126E+07   1.2614935E+07   1.2513050E+07
   23.4100   1.2449893E+07   1.2550753E+07   1.4370094E+07   1.4371202E+07   1.2572515E+07   1.2470556E+07   1.2489101E+07   1.2589771E+07   1.4409194E+07   1.4410497E+07   1.2615192E+07   1.2513229E+07
   23.4200   1.2445816E+07   1.2546529E+07   1.4367301E+07   1.4368637E+07   1.2572565E+07   1.2470526E+07   1.2484975E+07   1.2585490E+07   1.4406317E+07   1.4407854E+07   1.2615311E+07   1.2513268E+07
   23.4300   1.2441733E+07   1.2542306E+07   1.4364502E+07   1.4366058E+07   1.2572476E+07   1.2470357E+07   1.2480838E+07   1.2581205E+07   1.4403437E+07   1.4405200E+07   1.2615288E+07   1.2513167E+07
   23.4400   1.2437646E+07   1.2538087E+07   1.4361698E+07   1.4363465E+07   1.2572246E+07   1.2470048E+07   1.2476692E+07   1.2576919E+07   1.4400555E+07   1.4402537E+07   1.2615122E+07   1.2512923E+07
   23.4500   1.2433558E+07   1.2533873E+07   1.4358893E+07   1.4360865E+07   1.2571876E+07   1.2469599E+07   1.2472539E+07   1.2572634E+07   1.4397675E+07   1.4399869E+07   1.2614811E+07   1.2512533E+07
   23.4600   1.2429471E+07   1.2529670E+07   1.4356088E+07   1.4358255E+07   1.2571360E+07   1.2469004E+07   1.2468382E+07   1.2568353E+07   1.4394800E+07   1.4397196E+07   1.2614353E+07   1.2511996E+07
   23.4700   1.2425386E+07   1.2525475E+07   1.4353286E+07   1.4355641E+07   1.2570698E+07   1.2468264E+07   1.2464224E+07   1.2564079E+07   1.4391932E+07   1.4394523E+07   1.2613744E+07   1.2511309E+07
   23.4800   1.2421309E+07   1.2521297E+07   1.4350489E+07   1.4353023E+07   1.2569889E+07   1.2467378E+07   1.2460066E+07   1.2559814E+07   1.4389073E+07   1.4391850E+07   1.2612985E+07   1.2510470E+07
   23.4900   1.2417237E+07   1.2517131E+07   1.4347700E+07   1.4350405E+07   1.2568931E+07   1.2466343E+07   1.2455914E+07   1.2555563E+07   1.4386226E+07   1.4389180E+07   1.2612072E+07   1.2509478E+07
   23.5000   1.2413175E+07   1.2512985E+07   1.4344921E+07   1.4347787E+07   1.2567824E+07   1.2465159E+07   1.2451768E+07   1.2551328E+07   1.4383392E+07   1.4386514E+07   1.2611003E+07   1.2508331E+07
   23.5100   1.2409124E+07   1.2508858E+07   1.4342154E+07   1.4345173E+07   1.2566567E+07   1.2463826E+07   1.2447634E+07   1.2547113E+07   1.4380573E+07   1.4383855E+07   1.2609779E+07   1.2507028E+07
   23.5200   1.2405085E+07   1.2504751E+07   1.4339401E+07   1.4342563E+07   1.2565160E+07   1.2462342E+07   1.2443514E+07   1.2542922E+07   1.4377771E+07   1.4381202E+07   1.2608396E+07   1.2505568E+07
   23.5300   1.2401060E+07   1.2500668E+07   1.4336663E+07   1.4339959E+07   1.2563603E+07   1.2460710E+07   1.2439411E+07   1.2538757E+07   1.4374988E+07   1.4378559E+07   1.2606855E+07   1.2503949E+07
   23.5400   1.2397052E+07   1.2496610E+07   1.4333945E+07   1.4337366E+07   1.2561896E+07   1.2458928E+07   1.2435328E+07   1.2534622E+07   1.4372226E+07   1.4375925E+07   1.2605154E+07   1.2502172E+07
   23.5500   1.2393058E+07   1.2492575E+07   1.4331245E+07   1.4334781E+07   1.2560040E+07   1.2456998E+07   1.2431269E+07   1.2530520E+07   1.4369485E+07   1.4373303E+07   1.2603294E+07   1.2500235E+07
   23.5600   1.2389085E+07   1.2488570E+07   1.4328567E+07   1.4332210E+07   1.2558036E+07   1.2454919E+07   1.2427235E+07   1.2526454E+07   1.4366767E+07   1.4370694E+07   1.2601275E+07   1.2498140E+07
   23.5700   1.2385129E+07   1.2484591E+07   1.4325913E+07   1.4329653E+07   1.2555884E+07   1.2452692E+07   1.2423230E+07   1.2522425E+07   1.4364073E+07   1.4368099E+07   1.2599097E+07   1.2495887E+07
   23.5800   1.2381196E+07   1.2480644E+07   1.4323282E+07   1.4327110E+07   1.2553586E+07   1.2450321E+07   1.2419254E+07   1.2518435E+07   1.4361405E+07   1.4365519E+07   1.2596761E+07   1.2493477E+07
   23.5900   1.2377282E+07   1.2476726E+07   1.4320679E+07   1.4324585E+07   1.2551143E+07   1.2447804E+07   1.2415309E+07   1.2514486E+07   1.4358765E+07   1.4362956E+07   1.2594270E+07   1.2490912E+07
   23.6000   1.2373391E+07   1.2472840E+07   1.4318103E+07   1.4322078E+07   1.2548557E+07   1.2445144E+07   1.2411396E+07   1.2510579E+07   1.4356152E+07   1.4360411E+07   1.2591624E+07   1.2488194E+07
   23.6100   1.2369524E+07   1.2468986E+07   1.4315557E+07   1.4319592E+07   1.2545827E+07   1.2442341E+07   1.2407516E+07   1.2506714E+07   1.4353570E+07   1.4357885E+07   1.2588827E+07   1.2485325E+07
   23.6200   1.2365681E+07   1.2465166E+07   1.4313042E+07   1.4317128E+07   1.2542960E+07   1.2439400E+07   1.2403668E+07   1.2502891E+07   1.4351018E+07   1.4355380E+07   1.2585881E+07   1.2482308E+07
   23.6300   1.2361862E+07   1.2461379E+07   1.4310559E+07   1.4314686E+07   1.2539952E+07   1.2436319E+07   1.2399854E+07   1.2499111E+07   1.4348498E+07   1.4352897E+07   1.2582790E+07   1.2479145E+07
   23.6400   1.2358070E+07   1.2457627E+07   1.4308110E+07   1.4312270E+07   1.2536810E+07   1.2433104E+07   1.2396071E+07   1.2495372E+07   1.4346012E+07   1.4350438E+07   1.2579556E+07   1.2475841E+07
   23.6500   1.2354303E+07   1.2453910E+07   1.4305696E+07   1.4309879E+07   1.2533534E+07   1.2429754E+07   1.2392321E+07   1.2491674E+07   1.4343561E+07   1.4348004E+07   1.2576184E+07   1.2472399E+07
   23.6600   1.2350564E+07   1.2450229E+07   1.4303319E+07   1.4307517E+07   1.2530125E+07   1.2426273E+07   1.2388600E+07   1.2488016E+07   1.4341146E+07   1.4345597E+07   1.2572676E+07   1.2468822E+07
   23.6700   1.2346851E+07   1.2446584E+07   1.4300978E+07   1.4305182E+07   1.2526590E+07   1.2422664E+07   1.2384910E+07   1.2484396E+07   1.4338769E+07   1.4343219E+07   1.2569038E+07   1.2465113E+07
   23.6800   1.2343165E+07   1.2442974E+07   1.4298679E+07   1.4302880E+07   1.2522928E+07   1.2418928E+07   1.2381248E+07   1.2480813E+07   1.4336430E+07   1.4340870E+07   1.2565272E+07   1.2461278E+07
   23.6900   1.2339508E+07   1.2439402E+07   1.4296417E+07   1.4300607E+07   1.2519144E+07   1.2415070E+07   1.2377613E+07   1.2477267E+07   1.4334132E+07   1.4338554E+07   1.2561383E+07   1.2457319E+07
   23.7000   1.2335877E+07   1.2435865E+07   1.4294197E+07   1.4298368E+07   1.2515240E+07   1.2411093E+07   1.2374005E+07   1.2473756E+07   1.4331875E+07   1.4336271E+07   1.2557375E+07   1.2453240E+07
   23.7100   1.2332274E+07   1.2432364E+07   1.4292020E+07   1.4296163E+07   1.2511220E+07   1.2406999E+07   1.2370423E+07   1.2470279E+07   1.4329662E+07   1.4334024E+07   1.2553251E+07   1.2449045E+07
   23.7200   1.2328698E+07   1.2428898E+07   1.4289886E+07   1.4293994E+07   1.2507089E+07   1.2402792E+07   1.2366865E+07   1.2466834E+07   1.4327493E+07   1.4331813E+07   1.2549016E+07   1.2444738E+07
   23.7300   1.2325149E+07   1.2425467E+07   1.4287796E+07   1.4291861E+07   1.2502849E+07   1.2398477E+07   1.2363331E+07   1.2463423E+07   1.4325370E+07   1.4329640E+07   1.2544672E+07   1.2440322E+07
   23.7400   1.2321627E+07   1.2422071E+07   1.4285751E+07   1.4289766E+07   1.2498506E+07   1.2394058E+07   1.2359821E+07   1.2460042E+07   1.4323293E+07   1.4327507E+07   1.2540223E+07   1.2435800E+07
   23.7500   1.2318130E+07   1.2418708E+07   1.4283752E+07   1.4287710E+07   1.2494061E+07   1.2389537E+07   1.2356334E+07   1.2456693E+07   1.4321265E+07   1.4325415E+07   1.2535674E+07   1.2431176E+07
   23.7600   1.2314658E+07   1.2415377E+07   1.4281800E+07   1.4285693E+07   1.2489523E+07   1.2384922E+07   1.2352871E+07   1.2453375E+07   1.4319286E+07   1.4323366E+07   1.2531028E+07   1.2426455E+07
   23.7700   1.2311210E+07   1.2412079E+07   1.4279895E+07   1.4283718E+07   1.2484894E+07   1.2380214E+07   1.2349430E+07   1.2450088E+07   1.4317358E+07   1.4321360E+07   1.2526288E+07   1.2421638E+07
   23.7800   1.2307785E+07   1.2408810E+07   1.4278038E+07   1.4281784E+07   1.2480180E+07   1.2375420E+07   1.2346012E+07   1.2446831E+07   1.4315480E+07   1.4319399E+07   1.2521458E+07   1.2416731E+07
   23.7900   1.2304383E+07   1.2405571E+07   1.4276229E+07   1.4279893E+07   1.2475384E+07   1.2370544E+07   1.2342616E+07   1.2443604E+07   1.4313654E+07   1.4317483E+07   1.2516543E+07   1.2411737E+07
   23.8000   1.2301003E+07   1.2402360E+07   1.4274471E+07   1.4278046E+07   1.2470514E+07   1.2365593E+07   1.2339244E+07   1.2440406E+07   1.4311880E+07   1.4315614E+07   1.2511546E+07   1.2406660E+07
   23.8100   1.2297643E+07   1.2399176E+07   1.4272760E+07   1.4276243E+07   1.2465573E+07   1.2360569E+07   1.2335893E+07   1.2437239E+07   1.4310159E+07   1.4313792E+07   1.2506472E+07   1.2401505E+07
   23.8200   1.2294302E+07   1.2396018E+07   1.4271102E+07   1.4274486E+07   1.2460567E+07   1.2355479E+07   1.2332565E+07   1.2434100E+07   1.4308491E+07   1.4312017E+07   1.2501326E+07   1.2396277E+07
   23.8300   1.2290981E+07   1.2392885E+07   1.4269492E+07   1.4272774E+07   1.2455503E+07   1.2350329E+07   1.2329259E+07   1.2430989E+07   1.4306876E+07   1.4310291E+07   1.2496113E+07   1.2390980E+07
   23.8400   1.2287677E+07   1.2389775E+07   1.4267934E+07   1.4271109E+07   1.2450383E+07   1.2345122E+07   1.2325975E+07   1.2427907E+07   1.4305315E+07   1.4308614E+07   1.2490839E+07   1.2385619E+07
   23.8500   1.2284390E+07   1.2386687E+07   1.4266426E+07   1.4269491E+07   1.2445215E+07   1.2339865E+07   1.2322711E+07   1.2424850E+07   1.4303808E+07   1.4306986E+07   1.2485508E+07   1.2380202E+07
   23.8600   1.2281121E+07   1.2383621E+07   1.4264970E+07   1.4267922E+07   1.2440004E+07   1.2334563E+07   1.2319466E+07   1.2421819E+07   1.4302354E+07   1.4305407E+07   1.2480128E+07   1.2374733E+07
   23.8700   1.2277865E+07   1.2380575E+07   1.4263565E+07   1.4266399E+07   1.2434754E+07   1.2329221E+07   1.2316241E+07   1.2418812E+07   1.4300953E+07   1.4303878E+07   1.2474704E+07   1.2369219E+07
   23.8800   1.2274625E+07   1.2377549E+07   1.4262213E+07   1.4264928E+07   1.2429472E+07   1.2323845E+07   1.2313033E+07   1.2415827E+07   1.4299605E+07   1.4302399E+07   1.2469243E+07   1.2363666E+07
   23.8900   1.2271401E+07   1.2374542E+07   1.4260911E+07   1.4263503E+07   1.2424161E+07   1.2318438E+07   1.2309841E+07   1.2412863E+07   1.4298310E+07   1.4300970E+07   1.2463752E+07   1.2358081E+07
   23.9000   1.2268189E+07   1.2371553E+07   1.4259662E+07   1.4262130E+07   1.2418830E+07   1.2313009E+07   1.2306663E+07   1.2409918E+07   1.4297067E+07   1.4299591E+07   1.2458237E+07   1.2352471E+07
   23.9100   1.2264991E+07   1.2368581E+07   1.4258465E+07   1.4260807E+07   1.2413479E+07   1.2307559E+07   1.2303500E+07   1.2406990E+07   1.4295877E+07   1.4298262E+07   1.2452706E+07   1.2346842E+07
   23.9200   1.2261806E+07   1.2365625E+07   1.4257320E+07   1.4259534E+07   1.2408119E+07   1.2302097E+07   1.2300348E+07   1.2404077E+07   1.4294738E+07   1.4296984E+07   1.2447165E+07   1.2341201E+07
   23.9300   1.2258634E+07   1.2362686E+07   1.4256228E+07   1.4258313E+07   1.2402749E+07   1.2296623E+07   1.2297207E+07   1.2401178E+07   1.4293651E+07   1.4295756E+07   1.2441622E+07   1.2335556E+07
   23.9400   1.2255474E+07   1.2359762E+07   1.4255189E+07   1.4257145E+07   1.2397379E+07   1.2291147E+07   1.2294075E+07   1.2398292E+07   1.4292615E+07   1.4294579E+07   1.2436081E+07   1.2329911E+07
   23.9500   1.2252325E+07   1.2356851E+07   1.4254202E+07   1.4256027E+07   1.2392010E+07   1.2285670E+07   1.2290952E+07   1.2395415E+07   1.4291630E+07   1.4293454E+07   1.2430550E+07   1.2324274E+07
   23.9600   1.2249189E+07   1.2353956E+07   1.4253269E+07   1.4254963E+07   1.2386650E+07   1.2280200E+07   1.2287836E+07   1.2392548E+07   1.4290696E+07   1.4292379E+07   1.2425035E+07   1.2318650E+07
   23.9700   1.2246063E+07   1.2351074E+07   1.4252389E+07   1.4253952E+07   1.2381302E+07   1.2274739E+07   1.2284726E+07   1.2389690E+07   1.4289813E+07   1.4291357E+07   1.2419541E+07   1.2313045E+07
   23.9800   1.2242948E+07   1.2348204E+07   1.4251563E+07   1.4252996E+07   1.2375970E+07   1.2269292E+07   1.2281623E+07   1.2386839E+07   1.4288982E+07   1.4290386E+07   1.2414073E+07   1.2307464E+07
   23.9900   1.2239845E+07   1.2345348E+07   1.4250791E+07   1.4252094E+07   1.2370660E+07   1.2263866E+07   1.2278525E+07   1.2383995E+07   1.4288202E+07   1.4289468E+07   1.2408637E+07   1.2301911E+07
   24.0000   1.2236750E+07   1.2342502E+07   1.4250074E+07   1.4251247E+07   1.2365376E+07   1.2258462E+07   1.2275433E+07   1.2381157E+07   1.4287473E+07   1.4288604E+07   1.2403235E+07   1.2296392E+07
   24.0100   1.2233666E+07   1.2339668E+07   1.4249410E+07   1.4250455E+07   1.2360123E+07   1.2253087E+07   1.2272347E+07   1.2378327E+07   1.4286797E+07   1.4287793E+07   1.2397874E+07   1.2290909E+07
   24.0200   1.2230591E+07   1.2336845E+07   1.4248803E+07   1.4249720E+07   1.2354905E+07   1.2247744E+07   1.2269267E+07   1.2375503E+07   1.4286174E+07   1.4287038E+07   1.2392555E+07   1.2285466E+07
   24.0300   1.2227524E+07   1.2334031E+07   1.4248251E+07   1.4249044E+07   1.2349726E+07   1.2242438E+07   1.2266193E+07   1.2372685E+07   1.4285603E+07   1.4286337E+07   1.2387282E+07   1.2280068E+07
   24.0400   1.2224468E+07   1.2331228E+07   1.4247755E+07   1.4248423E+07   1.2344590E+07   1.2237173E+07   1.2263126E+07   1.2369875E+07   1.4285087E+07   1.4285693E+07   1.2382059E+07   1.2274716E+07
   24.0500   1.2221420E+07   1.2328433E+07   1.4247316E+07   1.4247862E+07   1.2339501E+07   1.2231952E+07   1.2260067E+07   1.2367073E+07   1.4284626E+07   1.4285106E+07   1.2376888E+07   1.2269413E+07
   24.0600   1.2218379E+07   1.2325648E+07   1.4246934E+07   1.4247361E+07   1.2334464E+07   1.2226780E+07   1.2257015E+07   1.2364278E+07   1.4284221E+07   1.4284578E+07   1.2371772E+07   1.2264163E+07
   24.0700   1.2215348E+07   1.2322871E+07   1.4246609E+07   1.4246919E+07   1.2329482E+07   1.2221660E+07   1.2253972E+07   1.2361492E+07   1.4283872E+07   1.4284109E+07   1.2366714E+07   1.2258968E+07
   24.0800   1.2212326E+07   1.2320104E+07   1.4246343E+07   1.4246539E+07   1.2324557E+07   1.2216595E+07   1.2250937E+07   1.2358715E+07   1.4283581E+07   1.4283700E+07   1.2361715E+07   1.2253829E+07
   24.0900   1.2209311E+07   1.2317344E+07   1.4246137E+07   1.4246221E+07   1.2319694E+07   1.2211588E+07   1.2247912E+07   1.2355948E+07   1.4283349E+07   1.4283352E+07   1.2356779E+07   1.2248751E+07
   24.1000   1.2206307E+07   1.2314595E+07   1.4245989E+07   1.4245964E+07   1.2314896E+07   1.2206644E+07   1.2244897E+07   1.2353190E+07   1.4283176E+07   1.4283067E+07   1.2351908E+07   1.2243735E+07
   24.1100   1.2203312E+07   1.2311854E+07   1.4245902E+07   1.4245772E+07   1.2310165E+07   1.2201764E+07   1.2241892E+07   1.2350442E+07   1.4283064E+07   1.4282846E+07   1.2347104E+07   1.2238783E+07
   24.1200   1.2200326E+07   1.2309123E+07   1.4245877E+07   1.4245644E+07   1.2305504E+07   1.2196950E+07   1.2238898E+07   1.2347705E+07   1.4283013E+07   1.4282689E+07   1.2342371E+07   1.2233899E+07
   24.1300   1.2197353E+07   1.2306404E+07   1.4245912E+07   1.4245580E+07   1.2300916E+07   1.2192208E+07   1.2235914E+07   1.2344977E+07   1.4283025E+07   1.4282599E+07   1.2337710E+07   1.2229084E+07
   24.1400   1.2194390E+07   1.2303694E+07   1.4246011E+07   1.4245584E+07   1.2296401E+07   1.2187535E+07   1.2232941E+07   1.2342260E+07   1.4283100E+07   1.4282574E+07   1.2333125E+07   1.2224342E+07
   24.1500   1.2191441E+07   1.2300998E+07   1.4246172E+07   1.4245652E+07   1.2291965E+07   1.2182939E+07   1.2229980E+07   1.2339554E+07   1.4283239E+07   1.4282618E+07   1.2328618E+07   1.2219675E+07
   24.1600   1.2188507E+07   1.2298316E+07   1.4246398E+07   1.4245789E+07   1.2287605E+07   1.2178415E+07   1.2227030E+07   1.2336859E+07   1.4283443E+07   1.4282730E+07   1.2324191E+07   1.2215086E+07
   24.1700   1.2185588E+07   1.2295649E+07   1.4246687E+07   1.4245993E+07   1.2283326E+07   1.2173970E+07   1.2224091E+07   1.2334174E+07   1.4283713E+07   1.4282912E+07   1.2319848E+07   1.2210577E+07
   24.1800   1.2182686E+07   1.2292998E+07   1.4247044E+07   1.4246267E+07   1.2279127E+07   1.2169603E+07   1.2221165E+07   1.2331501E+07   1.4284049E+07   1.4283164E+07   1.2315591E+07   1.2206151E+07
   24.1900   1.2179805E+07   1.2290366E+07   1.4247465E+07   1.4246610E+07   1.2275011E+07   1.2165315E+07   1.2218253E+07   1.2328841E+07   1.4284452E+07   1.4283487E+07   1.2311422E+07   1.2201810E+07
   24.2000   1.2176944E+07   1.2287755E+07   1.4247955E+07   1.4247024E+07   1.2270978E+07   1.2161108E+07   1.2215355E+07   1.2326194E+07   1.4284923E+07   1.4283883E+07   1.2307343E+07   1.2197556E+07
   24.2100   1.2174105E+07   1.2285165E+07   1.4248510E+07   1.4247508E+07   1.2267028E+07   1.2156982E+07   1.2212472E+07   1.2323561E+07   1.4285463E+07   1.4284350E+07   1.2303355E+07   1.2193390E+07
   24.2200   1.2171292E+07   1.2282600E+07   1.4249136E+07   1.4248064E+07   1.2263164E+07   1.2152938E+07   1.2209607E+07   1.2320945E+07   1.4286071E+07   1.4284890E+07   1.2299461E+07   1.2189315E+07
   24.2300   1.2168505E+07   1.2280061E+07   1.4249830E+07   1.4248692E+07   1.2259384E+07   1.2148977E+07   1.2206761E+07   1.2318346E+07   1.4286749E+07   1.4285504E+07   1.2295661E+07   1.2185331E+07
   24.2400   1.2165748E+07   1.2277550E+07   1.4250595E+07   1.4249395E+07   1.2255690E+07   1.2145099E+07   1.2203936E+07   1.2315768E+07   1.4287496E+07   1.4286192E+07   1.2291956E+07   1.2181438E+07
   24.2500   1.2163022E+07   1.2275070E+07   1.4251430E+07   1.4250169E+07   1.2252081E+07   1.2141304E+07   1.2201136E+07   1.2313213E+07   1.4288314E+07   1.4286954E+07   1.2288345E+07   1.2177639E+07
   24.2600   1.2160330E+07   1.2272623E+07   1.4252338E+07   1.4251021E+07   1.2248558E+07   1.2137593E+07   1.2198362E+07   1.2310684E+07   1.4289204E+07   1.4287791E+07   1.2284830E+07   1.2173931E+07
   24.2700   1.2157673E+07   1.2270211E+07   1.4253316E+07   1.4251944E+07   1.2245122E+07   1.2133966E+07   1.2195619E+07   1.2308184E+07   1.4290165E+07   1.4288704E+07   1.2281409E+07   1.2170316E+07
   24.2800   1.2155054E+07   1.2267837E+07   1.4254371E+07   1.4252948E+07   1.2241769E+07   1.2130421E+07   1.2192910E+07   1.2305716E+07   1.4291199E+07   1.4289692E+07   1.2278081E+07   1.2166792E+07
   24.2900   1.2152475E+07   1.2265501E+07   1.4255497E+07   1.4254024E+07   1.2238504E+07   1.2126961E+07   1.2190237E+07   1.2303285E+07   1.4292305E+07   1.4290756E+07   1.2274846E+07   1.2163358E+07
   24.3000   1.2149939E+07   1.2263209E+07   1.4256701E+07   1.4255181E+07   1.2235322E+07   1.2123583E+07   1.2187606E+07   1.2300894E+07   1.4293486E+07   1.4291896E+07   1.2271702E+07   1.2160014E+07
   24.3100   1.2147447E+07   1.2260960E+07   1.4257980E+07   1.4256415E+07   1.2232225E+07   1.2120288E+07   1.2185018E+07   1.2298546E+07   1.4294741E+07   1.4293114E+07   1.2268648E+07   1.2156757E+07
   24.3200   1.2145003E+07   1.2258759E+07   1.4259336E+07   1.4257728E+07   1.2229211E+07   1.2117074E+07   1.2182479E+07   1.2296247E+07   1.4296072E+07   1.4294409E+07   1.2265681E+07   1.2153586E+07
   24.3300   1.2142609E+07   1.2256607E+07   1.4260771E+07   1.4259122E+07   1.2226279E+07   1.2113941E+07   1.2179992E+07   1.2293998E+07   1.4297479E+07   1.4295783E+07   1.2262799E+07   1.2150500E+07
   24.3400   1.2140265E+07   1.2254506E+07   1.4262284E+07   1.4260595E+07   1.2223430E+07   1.2110889E+07   1.2177560E+07   1.2291805E+07   1.4298963E+07   1.4297236E+07   1.2260002E+07   1.2147496E+07
   24.3500   1.2137978E+07   1.2252461E+07   1.4263879E+07   1.4262151E+07   1.2220659E+07   1.2107914E+07   1.2175187E+07   1.2289670E+07   1.4300526E+07   1.4298768E+07   1.2257286E+07   1.2144572E+07
   24.3600   1.2135746E+07   1.2250472E+07   1.4265552E+07   1.4263788E+07   1.2217970E+07   1.2105019E+07   1.2172875E+07   1.2287596E+07   1.4302169E+07   1.4300381E+07   1.2254650E+07   1.2141727E+07
   24.3700   1.2133575E+07   1.2248544E+07   1.4267310E+07   1.4265509E+07   1.2215355E+07   1.2102197E+07   1.2170627E+07   1.2285587E+07   1.4303893E+07   1.4302076E+07   1.2252091E+07   1.2138959E+07
   24.3800   1.2131465E+07   1.2246678E+07   1.4269150E+07   1.4267314E+07   1.2212818E+07   1.2099452E+07   1.2168447E+07   1.2283646E+07   1.4305699E+07   1.4303853E+07   1.2249607E+07   1.2136265E+07
   24.3900   1.2129420E+07   1.2244878E+07   1.4271075E+07   1.4269203E+07   1.2210353E+07   1.2096778E+07   1.2166336E+07   1.2281775E+07   1.4307588E+07   1.4305714E+07   1.2247198E+07   1.2133644E+07
   24.4000   1.2127442E+07   1.2243144E+07   1.4273085E+07   1.4271179E+07   1.2207960E+07   1.2094174E+07   1.2164297E+07   1.2279976E+07   1.4309562E+07   1.4307659E+07   1.2244859E+07   1.2131094E+07
   24.4100   1.2125535E+07   1.2241484E+07   1.4275183E+07   1.4273241E+07   1.2205635E+07   1.2091639E+07   1.2162332E+07   1.2278252E+07   1.4311623E+07   1.4309691E+07   1.2242591E+07   1.2128613E+07
   24.4200   1.2123699E+07   1.2239895E+07   1.4277367E+07   1.4275389E+07   1.2203378E+07   1.2089170E+07   1.2160442E+07   1.2276605E+07   1.4313770E+07   1.4311809E+07   1.2240390E+07   1.2126199E+07
   24.4300   1.2121941E+07   1.2238385E+07   1.4279640E+07   1.4277627E+07   1.2201186E+07   1.2086766E+07   1.2158630E+07   1.2275036E+07   1.4316007E+07   1.4314016E+07   1.2238255E+07   1.2123851E+07
   24.4400   1.2120258E+07   1.2236953E+07   1.4282004E+07   1.4279954E+07   1.2199054E+07   1.2084420E+07   1.2156897E+07   1.2273548E+07   1.4318334E+07   1.4316311E+07   1.2236185E+07   1.2121566E+07
   24.4500   1.2118658E+07   1.2235605E+07   1.4284458E+07   1.4282369E+07   1.2196983E+07   1.2082136E+07   1.2155244E+07   1.2272142E+07   1.4320752E+07   1.4318698E+07   1.2234176E+07   1.2119342E+07
   24.4600   1.2117140E+07   1.2234340E+07   1.4287005E+07   1.4284876E+07   1.2194967E+07   1.2079906E+07   1.2153674E+07   1.2270820E+07   1.4323263E+07   1.4321176E+07   1.2232226E+07   1.2117178E+07
   24.4700   1.2115709E+07   1.2233165E+07   1.4289644E+07   1.4287473E+07   1.2193005E+07   1.2077730E+07   1.2152188E+07   1.2269585E+07   1.4325868E+07   1.4323746E+07   1.2230334E+07   1.2115070E+07
   24.4800   1.2114365E+07   1.2232079E+07   1.4292378E+07   1.4290164E+07   1.2191094E+07   1.2075605E+07   1.2150788E+07   1.2268437E+07   1.4328569E+07   1.4326410E+07   1.2228496E+07   1.2113016E+07
   24.4900   1.2113112E+07   1.2231087E+07   1.4295206E+07   1.4292946E+07   1.2189232E+07   1.2073528E+07   1.2149476E+07   1.2267381E+07   1.4331367E+07   1.4329169E+07   1.2226711E+07   1.2111015E+07
   24.5000   1.2111953E+07   1.2230191E+07   1.4298131E+07   1.4295821E+07   1.2187415E+07   1.2071496E+07   1.2148254E+07   1.2266416E+07   1.4334262E+07   1.4332024E+07   1.2224975E+07   1.2109062E+07
   24.5100   1.2110888E+07   1.2229392E+07   1.4301150E+07   1.4298790E+07   1.2185641E+07   1.2069509E+07   1.2147125E+07   1.2265547E+07   1.4337256E+07   1.4334974E+07   1.2223285E+07   1.2107155E+07
   24.5200   1.2109921E+07   1.2228695E+07   1.4304269E+07   1.4301854E+07   1.2183907E+07   1.2067560E+07   1.2146090E+07   1.2264776E+07   1.4340350E+07   1.4338022E+07   1.2221638E+07   1.2105291E+07
   24.5300   1.2109053E+07   1.2228099E+07   1.4307484E+07   1.4305010E+07   1.2182212E+07   1.2065651E+07   1.2145153E+07   1.2264106E+07   1.4343545E+07   1.4341167E+07   1.2220031E+07   1.2103467E+07
   24.5400   1.2108287E+07   1.2227608E+07   1.4310800E+07   1.4308263E+07   1.2180552E+07   1.2063777E+07   1.2144316E+07   1.2263539E+07   1.4346840E+07   1.4344409E+07   1.2218461E+07   1.2101680E+07
   24.5500   1.2107624E+07   1.2227224E+07   1.4314213E+07   1.4311610E+07   1.2178925E+07   1.2061938E+07   1.2143582E+07   1.2263078E+07   1.4350238E+07   1.4347750E+07   1.2216923E+07   1.2099926E+07
   24.5600   1.2107064E+07   1.2226948E+07   1.4317726E+07   1.4315054E+07   1.2177329E+07   1.2060129E+07   1.2142953E+07   1.2262727E+07   1.4353739E+07   1.4351189E+07   1.2215415E+07   1.2098202E+07
   24.5700   1.2106611E+07   1.2226781E+07   1.4321339E+07   1.4318593E+07   1.2175762E+07   1.2058349E+07   1.2142433E+07   1.2262488E+07   1.4357342E+07   1.4354727E+07   1.2213934E+07   1.2096504E+07
   24.5800   1.2106266E+07   1.2226727E+07   1.4325053E+07   1.4322228E+07   1.2174221E+07   1.2056596E+07   1.2142023E+07   1.2262364E+07   1.4361049E+07   1.4358362E+07   1.2212475E+07   1.2094831E+07
   24.5900   1.2106030E+07   1.2226785E+07   1.4328867E+07   1.4325958E+07   1.2172705E+07   1.2054870E+07   1.2141726E+07   1.2262358E+07   1.4364859E+07   1.4362096E+07   1.2211036E+07   1.2093178E+07
   24.6000   1.2105903E+07   1.2226956E+07   1.4332782E+07   1.4329784E+07   1.2171210E+07   1.2053165E+07   1.2141546E+07   1.2262472E+07   1.4368773E+07   1.4365929E+07   1.2209615E+07   1.2091543E+07
   24.6100   1.2105888E+07   1.2227244E+07   1.4336798E+07   1.4333707E+07   1.2169737E+07   1.2051482E+07   1.2141482E+07   1.2262708E+07   1.4372790E+07   1.4369859E+07   1.2208208E+07   1.2089923E+07
   24.6200   1.2105984E+07   1.2227648E+07   1.4340915E+07   1.4337725E+07   1.2168282E+07   1.2049819E+07   1.2141538E+07   1.2263069E+07   1.4376910E+07   1.4373886E+07   1.2206813E+07   1.2088317E+07
   24.6300   1.2106193E+07   1.2228168E+07   1.4345133E+07   1.4341839E+07   1.2166843E+07   1.2048172E+07   1.2141715E+07   1.2263555E+07   1.4381134E+07   1.4378010E+07   1.2205428E+07   1.2086723E+07
   24.6400   1.2106516E+07   1.2228807E+07   1.4349452E+07   1.4346049E+07   1.2165418E+07   1.2046541E+07   1.2142014E+07   1.2264168E+07   1.4385461E+07   1.4382231E+07   1.2204051E+07   1.2085138E+07
   24.6500   1.2106953E+07   1.2229565E+07   1.4353871E+07   1.4350353E+07   1.2164009E+07   1.2044925E+07   1.2142435E+07   1.2264908E+07   1.4389890E+07   1.4386548E+07   1.2202681E+07   1.2083560E+07
   24.6600   1.2107506E+07   1.2230443E+07   1.4358391E+07   1.4354752E+07   1.2162607E+07   1.2043319E+07   1.2142980E+07   1.2265777E+07   1.4394421E+07   1.4390961E+07   1.2201317E+07   1.2081990E+07
   24.6700   1.2108172E+07   1.2231439E+07   1.4363011E+07   1.4359246E+07   1.2161217E+07   1.2041726E+07   1.2143647E+07   1.2266774E+07   1.4399054E+07   1.4395469E+07   1.2199956E+07   1.2080426E+07
   24.6800   1.2108955E+07   1.2232558E+07   1.4367732E+07   1.4363833E+07   1.2159834E+07   1.2040141E+07   1.2144438E+07   1.2267898E+07   1.4403788E+07   1.4400071E+07   1.2198600E+07   1.2078866E+07
   24.6900   1.2109853E+07   1.2233796E+07   1.4372551E+07   1.4368514E+07   1.2158456E+07   1.2038562E+07   1.2145350E+07   1.2269151E+07   1.4408623E+07   1.4404768E+07   1.2197245E+07   1.2077311E+07
   24.7000   1.2110868E+07   1.2235156E+07   1.4377470E+07   1.4373288E+07   1.2157085E+07   1.2036990E+07   1.2146384E+07   1.2270529E+07   1.4413558E+07   1.4409558E+07   1.2195893E+07   1.2075759E+07
   24.7100   1.2111997E+07   1.2236635E+07   1.4382488E+07   1.4378154E+07   1.2155715E+07   1.2035421E+07   1.2147539E+07   1.2272034E+07   1.4418592E+07   1.4414441E+07   1.2194543E+07   1.2074210E+07
   24.7200   1.2113243E+07   1.2238235E+07   1.4387603E+07   1.4383112E+07   1.2154347E+07   1.2033856E+07   1.2148814E+07   1.2273663E+07   1.4423726E+07   1.4419416E+07   1.2193194E+07   1.2072664E+07
   24.7300   1.2114602E+07   1.2239955E+07   1.4392816E+07   1.4388161E+07   1.2152981E+07   1.2032294E+07   1.2150206E+07   1.2275416E+07   1.4428957E+07   1.4424483E+07   1.2191845E+07   1.2071120E+07
   24.7400   1.2116077E+07   1.2241794E+07   1.4398126E+07   1.4393300E+07   1.2151612E+07   1.2030731E+07   1.2151715E+07   1.2277290E+07   1.4434286E+07   1.4429640E+07   1.2190496E+07   1.2069577E+07
   24.7500   1.2117664E+07   1.2243752E+07   1.4403531E+07   1.4398528E+07   1.2150244E+07   1.2029168E+07   1.2153340E+07   1.2279285E+07   1.4439712E+07   1.4434888E+07   1.2189147E+07   1.2068035E+07
   24.7600   1.2119363E+07   1.2245827E+07   1.4409032E+07   1.4403847E+07   1.2148873E+07   1.2027605E+07   1.2155079E+07   1.2281400E+07   1.4445233E+07   1.4440226E+07   1.2187796E+07   1.2066493E+07
   24.7700   1.2121174E+07   1.2248018E+07   1.4414625E+07   1.4409251E+07   1.2147498E+07   1.2026039E+07   1.2156931E+07   1.2283632E+07   1.4450850E+07   1.4445653E+07   1.2186444E+07   1.2064951E+07
   24.7800   1.2123094E+07   1.2250323E+07   1.4420314E+07   1.4414744E+07   1.2146121E+07   1.2024472E+07   1.2158893E+07   1.2285980E+07   1.4456562E+07   1.4451168E+07   1.2185088E+07   1.2063406E+07
   24.7900   1.2125122E+07   1.2252742E+07   1.4426092E+07   1.4420320E+07   1.2144738E+07   1.2022901E+07   1.2160965E+07   1.2288443E+07   1.4462367E+07   1.4456770E+07   1.2183729E+07   1.2061859E+07
   24.8000   1.2127255E+07   1.2255271E+07   1.4431963E+07   1.4425984E+07   1.2143354E+07   1.2021328E+07   1.2163145E+07   1.2291019E+07   1.4468265E+07   1.4462459E+07   1.2182364E+07   1.2060308E+07
   24.8100   1.2129493E+07   1.2257909E+07   1.4437923E+07   1.4431729E+07   1.2141964E+07   1.2019752E+07   1.2165432E+07   1.2293706E+07   1.4474255E+07   1.4468234E+07   1.2180995E+07   1.2058753E+07
   24.8200   1.2131832E+07   1.2260653E+07   1.4443971E+07   1.4437558E+07   1.2140571E+07   1.2018173E+07   1.2167823E+07   1.2296503E+07   1.4480336E+07   1.4474093E+07   1.2179618E+07   1.2057192E+07
   24.8300   1.2134270E+07   1.2263501E+07   1.4450106E+07   1.4443467E+07   1.2139175E+07   1.2016592E+07   1.2170317E+07   1.2299408E+07   1.4486506E+07   1.4480035E+07   1.2178235E+07   1.2055625E+07
   24.8400   1.2136806E+07   1.2266451E+07   1.4456325E+07   1.4449456E+07   1.2137775E+07   1.2015009E+07   1.2172912E+07   1.2302419E+07   1.4492765E+07   1.4486060E+07   1.2176843E+07   1.2054051E+07
   24.8500   1.2139434E+07   1.2269499E+07   1.4462630E+07   1.4455524E+07   1.2136372E+07   1.2013423E+07   1.2175606E+07   1.2305534E+07   1.4499110E+07   1.4492165E+07   1.2175444E+07   1.2052470E+07
   24.8600   1.2142155E+07   1.2272644E+07   1.4469016E+07   1.4461668E+07   1.2134969E+07   1.2011838E+07   1.2178396E+07   1.2308751E+07   1.4505541E+07   1.4498351E+07   1.2174035E+07   1.2050881E+07
   24.8700   1.2144964E+07   1.2275881E+07   1.4475482E+07   1.4467888E+07   1.2133563E+07   1.2010251E+07   1.2181280E+07   1.2312066E+07   1.4512055E+07   1.4504614E+07   1.2172619E+07   1.2049285E+07
   24.8800   1.2147858E+07   1.2279207E+07   1.4482026E+07   1.4474181E+07   1.2132158E+07   1.2008665E+07   1.2184256E+07   1.2315477E+07   1.4518652E+07   1.4510953E+07   1.2171195E+07   1.2047682E+07
   24.8900   1.2150835E+07   1.2282620E+07   1.4488647E+07   1.4480547E+07   1.2130754E+07   1.2007081E+07   1.2187319E+07   1.2318981E+07   1.4525328E+07   1.4517368E+07   1.2169764E+07   1.2046073E+07
   24.9000   1.2153892E+07   1.2286117E+07   1.4495342E+07   1.4486981E+07   1.2129352E+07   1.2005499E+07   1.2190468E+07   1.2322575E+07   1.4532083E+07   1.4523855E+07   1.2168327E+07   1.2044458E+07
   24.9100   1.2157024E+07   1.2289692E+07   1.4502110E+07   1.4493485E+07   1.2127952E+07   1.2003920E+07   1.2193699E+07   1.2326254E+07   1.4538913E+07   1.4530414E+07   1.2166885E+07   1.2042839E+07
   24.9200   1.2160230E+07   1.2293345E+07   1.4508947E+07   1.4500054E+07   1.2126557E+07   1.2002346E+07   1.2197007E+07   1.2330016E+07   1.4545817E+07   1.4537041E+07   1.2165440E+07   1.2041218E+07
   24.9300   1.2163505E+07   1.2297070E+07   1.4515851E+07   1.4506687E+07   1.2125167E+07   1.2000777E+07   1.2200389E+07   1.2333855E+07   1.4552792E+07   1.4543736E+07   1.2163995E+07   1.2039596E+07
   24.9400   1.2166847E+07   1.2300866E+07   1.4522822E+07   1.4513382E+07   1.2123785E+07   1.1999216E+07   1.2203842E+07   1.2337767E+07   1.4559835E+07   1.4550495E+07   1.2162551E+07   1.2037977E+07
   24.9500   1.2170252E+07   1.2304727E+07   1.4529855E+07   1.4520137E+07   1.2122409E+07   1.1997662E+07   1.2207360E+07   1.2341749E+07   1.4566944E+07   1.4557316E+07   1.2161111E+07   1.2036361E+07
   24.9600   1.2173716E+07   1.2308650E+07   1.4536947E+07   1.4526949E+07   1.2121044E+07   1.1996119E+07   1.2210939E+07   1.2345796E+07   1.4574116E+07   1.4564197E+07   1.2159678E+07   1.2034752E+07
   24.9700   1.2177239E+07   1.2312634E+07   1.4544098E+07   1.4533815E+07   1.2119689E+07   1.1994586E+07   1.2214576E+07   1.2349902E+07   1.4581348E+07   1.4571135E+07   1.2158254E+07   1.2033152E+07
   24.9800   1.2180811E+07   1.2316671E+07   1.4551303E+07   1.4540735E+07   1.2118347E+07   1.1993066E+07   1.2218266E+07   1.2354064E+07   1.4588637E+07   1.4578128E+07   1.2156842E+07   1.2031564E+07
   24.9900   1.2184436E+07   1.2320761E+07   1.4558560E+07   1.4547704E+07   1.2117018E+07   1.1991560E+07   1.2222005E+07   1.2358276E+07   1.4595980E+07   1.4585173E+07   1.2155444E+07   1.2029991E+07
   25.0000   1.2188106E+07   1.2324898E+07   1.4565866E+07   1.4554721E+07   1.2115706E+07   1.1990069E+07   1.2225788E+07   1.2362535E+07   1.4603373E+07   1.4592266E+07   1.2154064E+07   1.2028434E+07
   25.0100   1.2191817E+07   1.2329078E+07   1.4573218E+07   1.4561783E+07   1.2114411E+07   1.1988596E+07   1.2229611E+07   1.2366835E+07   1.4610814E+07   1.4599407E+07   1.2152704E+07   1.2026898E+07
   25.0200   1.2195568E+07   1.2333300E+07   1.4580615E+07   1.4568887E+07   1.2113136E+07   1.1987142E+07   1.2233471E+07   1.2371173E+07   1.4618299E+07   1.4606590E+07   1.2151366E+07   1.2025383E+07
   25.0300   1.2199353E+07   1.2337556E+07   1.4588050E+07   1.4576030E+07   1.2111882E+07   1.1985709E+07   1.2237363E+07   1.2375544E+07   1.4625825E+07   1.4613814E+07   1.2150052E+07   1.2023892E+07
   25.0400   1.2203169E+07   1.2341844E+07   1.4595525E+07   1.4583212E+07   1.2110650E+07   1.1984299E+07   1.2241283E+07   1.2379944E+07   1.4633389E+07   1.4621076E+07   1.2148765E+07   1.2022427E+07
   25.0500   1.2207012E+07   1.2346160E+07   1.4603031E+07   1.4590425E+07   1.2109445E+07   1.1982914E+07   1.2245229E+07   1.2384370E+07   1.4640987E+07   1.4628373E+07   1.2147507E+07   1.2020990E+07
   25.0600   1.2210877E+07   1.2350498E+07   1.4610571E+07   1.4597671E+07   1.2108265E+07   1.1981555E+07   1.2249195E+07   1.2388817E+07   1.4648616E+07   1.4635701E+07   1.2146279E+07   1.2019583E+07
   25.0700   1.2214763E+07   1.2354856E+07   1.4618137E+07   1.4604945E+07   1.2107116E+07   1.1980225E+07   1.2253180E+07   1.2393282E+07   1.4656274E+07   1.4643057E+07   1.2145083E+07   1.2018208E+07
   25.0800   1.2218663E+07   1.2359229E+07   1.4625728E+07   1.4612244E+07   1.2105997E+07   1.1978926E+07   1.2257179E+07   1.2397761E+07   1.4663956E+07   1.4650440E+07   1.2143920E+07   1.2016865E+07
   25.0900   1.2222573E+07   1.2363611E+07   1.4633341E+07   1.4619567E+07   1.2104913E+07   1.1977659E+07   1.2261189E+07   1.2402250E+07   1.4671659E+07   1.4657845E+07   1.2142792E+07   1.2015557E+07
   25.1000   1.2226492E+07   1.2368001E+07   1.4640972E+07   1.4626909E+07   1.2103864E+07   1.1976428E+07   1.2265207E+07   1.2406745E+07   1.4679380E+07   1.4665270E+07   1.2141701E+07   1.2014284E+07
   25.1100   1.2230412E+07   1.2372391E+07   1.4648617E+07   1.4634268E+07   1.2102852E+07   1.1975233E+07   1.2269229E+07   1.2411244E+07   1.4687117E+07   1.4672711E+07   1.2140647E+07   1.2013048E+07
   25.1200   1.2234331E+07   1.2376779E+07   1.4656274E+07   1.4641640E+07   1.2101880E+07   1.1974077E+07   1.2273251E+07   1.2415741E+07   1.4694865E+07   1.4680166E+07   1.2139632E+07   1.2011851E+07
   25.1300   1.2238247E+07   1.2381161E+07   1.4663940E+07   1.4649024E+07   1.2100949E+07   1.1972962E+07   1.2277270E+07   1.2420234E+07   1.4702621E+07   1.4687632E+07   1.2138658E+07   1.2010693E+07
   25.1400   1.2242152E+07   1.2385531E+07   1.4671611E+07   1.4656416E+07   1.2100063E+07   1.1971890E+07   1.2281282E+07   1.2424718E+07   1.4710383E+07   1.4695106E+07   1.2137725E+07   1.2009576E+07
   25.1500   1.2246045E+07   1.2389886E+07   1.4679283E+07   1.4663812E+07   1.2099220E+07   1.1970862E+07   1.2285283E+07   1.2429189E+07   1.4718146E+07   1.4702585E+07   1.2136837E+07   1.2008503E+07
   25.1600   1.2249923E+07   1.2394223E+07   1.4686954E+07   1.4671210E+07   1.2098427E+07   1.1969880E+07   1.2289270E+07   1.2433643E+07   1.4725908E+07   1.4710066E+07   1.2135993E+07   1.2007473E+07
   25.1700   1.2253779E+07   1.2398537E+07   1.4694620E+07   1.4678607E+07   1.2097680E+07   1.1968945E+07   1.2293238E+07   1.2438076E+07   1.4733666E+07   1.4717546E+07   1.2135197E+07   1.2006490E+07
   25.1800   1.2257612E+07   1.2402825E+07   1.4702277E+07   1.4686000E+07   1.2096985E+07   1.1968061E+07   1.2297183E+07   1.2442483E+07   1.4741416E+07   1.4725022E+07   1.2134450E+07   1.2005555E+07
   25.1900   1.2261420E+07   1.2407083E+07   1.4709924E+07   1.4693386E+07   1.2096341E+07   1.1967226E+07   1.2301101E+07   1.2446859E+07   1.4749154E+07   1.4732491E+07   1.2133753E+07   1.2004670E+07
   25.2000   1.2265196E+07   1.2411306E+07   1.4717554E+07   1.4700761E+07   1.2095750E+07   1.1966444E+07   1.2304988E+07   1.2451201E+07   1.4756878E+07   1.4739950E+07   1.2133110E+07   1.2003836E+07
   25.2100   1.2268940E+07   1.2415493E+07   1.4725166E+07   1.4708122E+07   1.2095213E+07   1.1965715E+07   1.2308840E+07   1.2455504E+07   1.4764584E+07   1.4747396E+07   1.2132522E+07   1.2003056E+07
   25.2200   1.2272647E+07   1.2419640E+07   1.4732757E+07   1.4715468E+07   1.2094732E+07   1.1965040E+07   1.2312653E+07   1.2459763E+07   1.4772269E+07   1.4754827E+07   1.2131990E+07   1.2002333E+07
   25.2300   1.2276315E+07   1.2423743E+07   1.4740323E+07   1.4722793E+07   1.2094307E+07   1.1964421E+07   1.2316422E+07   1.2463975E+07   1.4779929E+07   1.4762238E+07   1.2131518E+07   1.2001666E+07
   25.2400   1.2279943E+07   1.2427801E+07   1.4747860E+07   1.4730095E+07   1.2093940E+07   1.1963857E+07   1.2320144E+07   1.2468135E+07   1.4787561E+07   1.4769627E+07   1.2131106E+07   1.2001060E+07
   25.2500   1.2283524E+07   1.2431808E+07   1.4755366E+07   1.4737371E+07   1.2093630E+07   1.1963351E+07   1.2323816E+07   1.2472240E+07   1.4795162E+07   1.4776991E+07   1.2130757E+07   1.2000514E+07
   25.2600   1.2287060E+07   1.2435765E+07   1.4762837E+07   1.4744619E+07   1.2093380E+07   1.1962904E+07   1.2327434E+07   1.2476286E+07   1.4802727E+07   1.4784327E+07   1.2130472E+07   1.2000031E+07
   25.2700   1.2290546E+07   1.2439667E+07   1.4770268E+07   1.4751833E+07   1.2093189E+07   1.1962514E+07   1.2330996E+07   1.2480270E+07   1.4810255E+07   1.4791631E+07   1.2130252E+07   1.1999612E+07
   25.2800   1.2293979E+07   1.2443511E+07   1.4777660E+07   1.4759013E+07   1.2093059E+07   1.1962184E+07   1.2334498E+07   1.2484190E+07   1.4817740E+07   1.4798901E+07   1.2130098E+07   1.1999258E+07
   25.2900   1.2297360E+07   1.2447297E+07   1.4785005E+07   1.4766153E+07   1.2092988E+07   1.1961914E+07   1.2337939E+07   1.2488041E+07   1.4825181E+07   1.4806132E+07   1.2130011E+07   1.1998969E+07
   25.3000   1.2300684E+07   1.2451020E+07   1.4792304E+07   1.4773254E+07   1.2092980E+07   1.1961705E+07   1.2341316E+07   1.2491823E+07   1.4832573E+07   1.4813322E+07   1.2129992E+07   1.1998747E+07
   25.3100   1.2303951E+07   1.2454679E+07   1.4799549E+07   1.4780308E+07   1.2093032E+07   1.1961556E+07   1.2344628E+07   1.2495533E+07   1.4839913E+07   1.4820467E+07   1.2130040E+07   1.1998591E+07
   25.3200   1.2307157E+07   1.2458273E+07   1.4806742E+07   1.4787316E+07   1.2093148E+07   1.1961469E+07   1.2347873E+07   1.2499170E+07   1.4847197E+07   1.4827565E+07   1.2130157E+07   1.1998503E+07
   25.3300   1.2310301E+07   1.2461798E+07   1.4813876E+07   1.4794272E+07   1.2093325E+07   1.1961443E+07   1.2351049E+07   1.2502732E+07   1.4854423E+07   1.4834611E+07   1.2130341E+07   1.1998481E+07
   25.3400   1.2313383E+07   1.2465254E+07   1.4820950E+07   1.4801176E+07   1.2093564E+07   1.1961479E+07   1.2354157E+07   1.2506219E+07   1.4861587E+07   1.4841603E+07   1.2130591E+07   1.1998525E+07
   25.3500   1.2316399E+07   1.2468637E+07   1.4827960E+07   1.4808022E+07   1.2093865E+07   1.1961576E+07   1.2357196E+07   1.2509629E+07   1.4868685E+07   1.4848537E+07   1.2130909E+07   1.1998635E+07
   25.3600   1.2319348E+07   1.2471947E+07   1.4834904E+07   1.4814810E+07   1.2094230E+07   1.1961737E+07   1.2360164E+07   1.2512961E+07   1.4875715E+07   1.4855411E+07   1.2131292E+07   1.1998810E+07
   25.3700   1.2322230E+07   1.2475182E+07   1.4841777E+07   1.4821534E+07   1.2094655E+07   1.1961957E+07   1.2363062E+07   1.2516216E+07   1.4882673E+07   1.4862220E+07   1.2131740E+07   1.1999050E+07
   25.3800   1.2325042E+07   1.2478341E+07   1.4848580E+07   1.4828195E+07   1.2095144E+07   1.1962241E+07   1.2365888E+07   1.2519393E+07   1.4889557E+07   1.4868963E+07   1.2132252E+07   1.1999354E+07
   25.3900   1.2327784E+07   1.2481422E+07   1.4855306E+07   1.4834786E+07   1.2095692E+07   1.1962585E+07   1.2368644E+07   1.2522491E+07   1.4896364E+07   1.4875635E+07   1.2132827E+07   1.1999720E+07
   25.4000   1.2330455E+07   1.2484425E+07   1.4861955E+07   1.4841308E+07   1.2096302E+07   1.1962990E+07   1.2371327E+07   1.2525509E+07   1.4903090E+07   1.4882235E+07   1.2133463E+07   1.2000148E+07
   25.4100   1.2333053E+07   1.2487348E+07   1.4868524E+07   1.4847757E+07   1.2096971E+07   1.1963454E+07   1.2373939E+07   1.2528448E+07   1.4909733E+07   1.4888759E+07   1.2134161E+07   1.2000638E+07
   25.4200   1.2335580E+07   1.2490192E+07   1.4875009E+07   1.4854130E+07   1.2097700E+07   1.1963978E+07   1.2376478E+07   1.2531306E+07   1.4916291E+07   1.4895205E+07   1.2134918E+07   1.2001187E+07
   25.4300   1.2338032E+07   1.2492953E+07   1.4881409E+07   1.4860425E+07   1.2098486E+07   1.1964560E+07   1.2378944E+07   1.2534084E+07   1.4922760E+07   1.4901570E+07   1.2135734E+07   1.2001796E+07
   25.4400   1.2340412E+07   1.2495635E+07   1.4887721E+07   1.4866640E+07   1.2099328E+07   1.1965198E+07   1.2381336E+07   1.2536780E+07   1.4929138E+07   1.4907851E+07   1.2136608E+07   1.2002463E+07
   25.4500   1.2342717E+07   1.2498235E+07   1.4893944E+07   1.4872772E+07   1.2100226E+07   1.1965892E+07   1.2383655E+07   1.2539394E+07   1.4935423E+07   1.4914047E+07   1.2137539E+07   1.2003187E+07
   25.4600   1.2344948E+07   1.2500752E+07   1.4900074E+07   1.4878819E+07   1.2101177E+07   1.1966640E+07   1.2385899E+07   1.2541926E+07   1.4941613E+07   1.4920155E+07   1.2138525E+07   1.2003968E+07
   25.4700   1.2347108E+07   1.2503190E+07   1.4906110E+07   1.4884779E+07   1.2102179E+07   1.1967440E+07   1.2388068E+07   1.2544374E+07   1.4947706E+07   1.4926173E+07   1.2139565E+07   1.2004803E+07
   25.4800   1.2349191E+07   1.2505544E+07   1.4912050E+07   1.4890650E+07   1.2103232E+07   1.1968292E+07   1.2390161E+07   1.2546739E+07   1.4953699E+07   1.4932098E+07   1.2140658E+07   1.2005693E+07
   25.4900   1.2351203E+07   1.2507819E+07   1.4917893E+07   1.4896430E+07   1.2104332E+07   1.1969191E+07   1.2392178E+07   1.2549020E+07   1.4959591E+07   1.4937930E+07   1.2141804E+07   1.2006635E+07
   25.5000   1.2353142E+07   1.2510012E+07   1.4923635E+07   1.4902117E+07   1.2105478E+07   1.1970138E+07   1.2394119E+07   1.2551216E+07   1.4965380E+07   1.4943666E+07   1.2142999E+07   1.2007628E+07
   25.5100   1.2355008E+07   1.2512126E+07   1.4929277E+07   1.4907709E+07   1.2106667E+07   1.1971129E+07   1.2395983E+07   1.2553327E+07   1.4971065E+07   1.4949304E+07   1.2144242E+07   1.2008671E+07
   25.5200   1.2356803E+07   1.2514160E+07   1.4934815E+07   1.4913204E+07   1.2107898E+07   1.1972162E+07   1.2397771E+07   1.2555354E+07   1.4976643E+07   1.4954844E+07   1.2145532E+07   1.2009761E+07
   25.5300   1.2358527E+07   1.2516117E+07   1.4940249E+07   1.4918602E+07   1.2109167E+07   1.1973236E+07   1.2399483E+07   1.2557296E+07   1.4982114E+07   1.4960282E+07   1.2146866E+07   1.2010897E+07
   25.5400   1.2360180E+07   1.2517994E+07   1.4945576E+07   1.4923899E+07   1.2110472E+07   1.1974347E+07   1.2401119E+07   1.2559155E+07   1.4987476E+07   1.4965619E+07   1.2148242E+07   1.2012076E+07
   25.5500   1.2361766E+07   1.2519796E+07   1.4950798E+07   1.4929096E+07   1.2111811E+07   1.1975494E+07   1.2402680E+07   1.2560930E+07   1.4992729E+07   1.4970852E+07   1.2149657E+07   1.2013295E+07
   25.5600   1.2363280E+07   1.2521520E+07   1.4955910E+07   1.4934189E+07   1.2113182E+07   1.1976674E+07   1.2404167E+07   1.2562624E+07   1.4997871E+07   1.4975981E+07   1.2151108E+07   1.2014553E+07
   25.5700   1.2364730E+07   1.2523172E+07   1.4960913E+07   1.4939179E+07   1.2114581E+07   1.1977885E+07   1.2405581E+07   1.2564237E+07   1.5002900E+07   1.4981004E+07   1.2152593E+07   1.2015845E+07
   25.5800   1.2366111E+07   1.2524747E+07   1.4965806E+07   1.4944064E+07   1.2116006E+07   1.1979123E+07   1.2406924E+07   1.2565771E+07   1.5007817E+07   1.4985920E+07   1.2154108E+07   1.2017170E+07
   25.5900   1.2367430E+07   1.2526253E+07   1.4970587E+07   1.4948842E+07   1.2117454E+07   1.1980388E+07   1.2408196E+07   1.2567227E+07   1.5012621E+07   1.4990728E+07   1.2155649E+07   1.2018523E+07
